latitude,longitude,clay_percent,sand_percent,silt_percent,ph_value,bulk_density_gcm3,cec_cmolkg,organic_carbon_percent,nitrogen_mgkg,bearing_capacity_kNm2,shrink_swell_risk,liquefaction_risk,permeability_mmhr,estimated_water_table,corrosion_risk,recommended_foundation,avg_temp_C,min_temp_C,temp_range_C,annual_rainfall_mm,max_monthly_rain_mm,max_wind_speed_ms,avg_humidity_percent,frost_days_per_year,avg_uv_index,climate_zone,cyclone_risk,monsoon_zone,monsoon_intensity,extreme_heat_days_per_year,lightning_risk,estimated_fog_days,heat_index_C,earthquake_count,max_earthquake_magnitude,earthquake_risk,seismic_zone_number,flood_risk,nearest_river_dist_km,landslide_risk,tsunami_risk,tsunami_zone_dist_km,coastal_erosion_risk,erosion_zone_dist_km,mining_subsidence_risk,nearest_mining_km,nearest_industrial_km,wind_zone,basic_wind_speed_ms,terrain_slope,forest_fire_risk,groundwater_depth,drainage_quality,total_animal_records,threatened_species_count,unique_species_count,mammal_count,bird_count,nearest_protected_area_km,protected_area_type,nearest_tiger_corridor_km,nearest_elephant_corridor_km,nearest_bird_zone_km,nearest_endangered_habitat_km,nearest_conflict_zone_km,marine_protected_area_risk,nearest_marine_area_km,biodiversity_hotspot,burrowing_animal_risk,final_feasibility_score,bmtpc_failure_nearest_km,bmtpc_failure_count_25km,bmtpc_failure_severity_index
8.0,80.0,30.7,41.7,27.6,5.7,1.29,18.3,42.9,533.0,193.5,2,2,67.41,2,2,1,29.38,17.39,20.59,46.03,8.23,15.62,86.51,0.0,2.08,4,1,3,1,0,1,2,174.3,0,0.0,1,2,3,296.96,1,0.0,280.67,0.0,323.21,0.0,723.57,412.73,4,55,0,1,3,2,55107,4,63,6,62,157.33,3,415.36,299.52,256.69,159.81,484.09,1.0,157.33,0,2,63.35,0.0,0,0
8.0,80.5,34.7,44.6,20.7,5.9,1.34,20.8,48.9,338.0,201.0,2,2,69.86,2,2,1,28.62,14.44,25.83,52.28,9.1,13.69,87.23,0.0,2.08,4,1,3,1,10,1,2,178.4,0,0.0,1,2,3,337.82,1,0.0,320.67,0.0,331.48,0.0,735.38,420.65,4,55,0,1,3,2,102121,10,66,18,34,196.62,3,458.77,352.41,267.04,195.53,524.03,1.0,196.62,0,2,63.35,0.0,0,0
8.0,81.0,33.7,32.3,33.9,6.2,1.34,25.9,60.8,611.0,201.0,2,1,40.31,2,2,1,29.61,19.04,19.72,59.2,11.04,16.1,84.68,0.0,2.13,4,1,3,1,0,1,2,174.4,0,0.0,1,2,3,382.22,1,0.0,338.03,0.0,348.29,0.0,750.97,435.37,4,55,0,1,3,2,102412,3,71,11,33,242.09,3,504.42,405.87,287.68,238.68,566.47,1.0,242.09,0,2,70.6,0.0,0,0
8.0,81.5,31.1,29.7,39.1,6.2,1.2,24.8,65.7,576.0,180.0,2,1,36.93,2,2,1,29.61,19.04,19.72,59.2,11.04,16.1,84.68,0.0,2.13,4,1,3,1,0,1,2,174.4,1,4.5,2,2,3,429.06,1,0.0,362.92,0.0,372.49,0.0,770.11,456.22,4,55,0,1,3,2,6472,3,83,3,32,290.87,3,551.75,459.69,316.59,285.91,610.88,1.0,290.87,0,2,68.1,0.0,0,0
8.5,78.0,26.8,41.3,31.9,7.1,1.37,23.4,75.9,189.0,205.5,2,2,71.09,1,1,1,30.26,21.02,15.63,37.27,7.85,16.88,82.95,0.0,2.19,4,1,3,1,0,1,2,171.8,0,0.0,1,2,3,156.06,1,1.0,54.99,0.0,331.87,0.0,661.81,298.81,4,55,1,1,3,2,114871,2,77,4,36,80.11,2,233.19,73.91,46.91,124.01,313.22,1.0,138.06,0,2,66.6,0.0,0,0
8.5,80.0,28.3,44.2,27.6,5.9,1.26,20.4,49.1,439.0,189.0,2,2,76.54,2,2,1,29.64,18.3,19.02,40.91,8.26,14.44,85.57,0.0,2.08,4,2,3,1,0,1,2,173.5,0,0.0,1,2,3,260.24,1,0.0,256.69,0.0,267.77,0.0,668.95,357.34,4,55,0,1,3,2,72973,6,62,19,61,119.3,3,381.84,287.76,201.35,117.41,446.03,1.0,119.3,0,1,62.55,0.0,0,0
8.5,81.0,31.8,29.9,38.2,5.9,1.15,25.5,69.4,596.0,172.5,2,1,36.59,2,2,1,30.12,21.39,15.04,55.66,10.91,19.5,84.06,0.0,2.13,4,2,2,2,0,1,2,171.8,0,0.0,1,2,3,354.34,1,0.0,287.59,0.0,297.51,0.0,698.45,383.22,4,55,0,1,3,2,21293,4,76,8,55,219.18,3,477.08,397.15,239.56,212.53,534.2,1.0,219.18,0,2,66.85,0.0,0,0
9.0,78.0,32.1,46.0,21.8,8.0,1.61,22.9,47.1,189.0,241.5,2,1,76.48,1,1,1,30.22,17.67,23.28,37.39,7.47,12.78,79.88,0.0,2.12,4,2,3,1,10,1,2,173.7,0,0.0,1,2,1,100.67,1,1.0,78.17,0.0,999.0,0.0,606.73,247.89,4,55,1,1,2,1,43375,1,75,2,60,83.83,2,184.29,69.56,39.76,78.12,262.74,0.0,999.0,0,3,76.05,0.0,0,0
9.5,76.5,30.9,31.6,37.5,5.3,1.15,17.8,49.7,426.0,172.5,2,1,41.92,1,3,1,30.16,22.21,12.6,96.14,15.84,17.96,83.95,0.0,2.04,4,1,4,3,0,1,2,171.7,0,0.0,1,2,1,80.86,3,0.0,156.29,0.0,999.0,0.0,599.52,175.54,4,55,3,2,1,0,1097275,0,53,4,68,76.77,2,119.72,119.72,153.01,101.66,183.21,0.0,999.0,1,3,62.3,0.0,0,0
9.5,78.5,36.7,37.2,26.1,7.2,1.44,27.1,32.4,233.0,216.0,2,1,48.96,1,1,1,30.58,18.66,20.89,34.4,7.45,13.52,78.72,0.0,2.12,4,2,3,1,0,1,2,172.2,0,0.0,1,2,1,62.45,1,0.0,156.29,0.0,999.0,0.0,545.83,234.0,4,55,1,1,2,2,13741,0,57,0,99,79.46,3,183.1,143.67,117.35,83.73,249.58,0.0,999.0,0,2,78.05,0.0,0,0
10.0,76.5,31.2,39.9,28.8,5.4,1.18,19.6,37.6,339.0,177.0,2,1,62.31,1,3,1,29.6,19.73,17.85,94.08,16.47,14.36,85.32,0.0,1.95,4,1,4,3,0,1,2,174.0,0,0.0,1,2,1,31.21,3,0.0,199.66,0.0,999.0,0.0,549.39,123.91,3,50,3,2,1,0,1793058,0,72,1,28,64.09,2,79.31,79.31,187.44,64.09,129.9,0.0,999.0,1,3,63.55,0.0,0,0
10.0,77.0,32.5,41.2,26.4,5.3,1.12,15.1,45.6,440.0,168.0,2,2,64.0,1,3,1,24.83,11.45,26.39,72.38,10.99,6.21,89.11,0.0,2.06,4,1,3,1,0,1,2,201.5,0,0.0,1,2,1,79.79,3,0.0,175.59,0.0,999.0,0.0,526.9,111.19,0,39,3,2,2,0,634442,1,73,12,52,15.61,1,45.8,45.8,153.95,24.56,122.8,0.0,999.0,1,3,57.3,0.0,0,0
10.0,78.0,27.0,42.0,31.0,6.8,1.45,24.0,32.0,271.0,217.5,2,2,72.6,1,1,1,29.59,13.64,29.7,34.05,6.34,11.01,74.65,0.0,2.08,4,2,3,1,20,1,2,178.8,0,0.0,1,2,2,15.61,1,0.0,175.59,0.0,999.0,0.0,496.92,155.94,0,39,1,1,2,1,186860,2,76,4,21,99.17,1,108.07,108.07,137.43,78.06,171.52,0.0,999.0,0,2,72.8,0.0,0,0
11.0,79.0,35.3,35.7,29.0,7.5,1.47,28.5,29.9,209.0,220.5,2,1,46.89,1,1,1,29.94,13.61,30.38,29.42,5.67,12.72,74.32,0.0,2.02,4,3,3,1,20,1,2,176.8,1,5.2,2,2,2,24.5,1,1.0,90.14,0.0,999.0,0.0,378.68,109.01,0,39,1,1,2,2,185733,1,73,5,31,204.03,2,218.05,197.01,97.94,201.34,229.45,0.0,999.0,0,2,70.55,0.0,0,0
11.5,76.5,26.3,41.9,31.9,5.5,1.1,18.2,35.9,349.0,165.0,2,2,73.19,1,2,1,25.53,12.09,26.69,65.67,12.41,7.49,84.97,0.0,2.01,4,1,4,3,0,1,2,199.9,0,0.0,1,2,1,146.19,3,0.0,351.09,0.0,999.0,0.0,407.54,77.87,3,50,3,2,1,0,553349,13,75,11,82,15.57,1,34.53,23.35,327.69,144.17,24.47,0.0,999.0,1,2,55.55,0.0,0,0
11.5,77.0,25.4,44.1,30.5,6.5,1.28,27.0,32.1,246.0,192.0,2,2,79.77,1,1,1,25.46,10.97,29.3,33.58,5.17,11.37,78.69,0.0,2.09,4,1,3,1,10,1,2,203.0,0,0.0,1,2,1,163.52,3,0.0,308.1,0.0,999.0,0.0,376.86,55.6,0,39,3,2,2,0,365808,8,68,14,74,21.79,2,24.47,24.47,305.35,133.43,34.53,0.0,999.0,1,2,61.8,0.0,0,0
11.5,77.5,32.6,36.4,30.9,7.0,1.38,32.6,30.7,191.0,207.0,2,1,51.88,1,1,1,28.69,12.21,31.15,25.79,4.85,10.31,70.77,0.0,2.09,4,2,3,1,20,1,2,183.7,0,0.0,1,2,1,148.57,1,0.0,254.35,0.0,999.0,0.0,351.89,77.87,0,39,1,1,2,1,136979,1,63,4,37,32.69,2,77.09,24.46,250.9,144.17,79.11,0.0,999.0,1,3,75.3,0.0,0,0
11.5,78.5,29.3,38.3,32.4,7.1,1.4,33.0,33.5,213.0,210.0,2,1,60.59,1,1,1,29.07,12.76,31.11,30.98,5.5,13.25,75.07,0.0,2.04,4,2,3,1,20,1,2,181.7,1,5.2,2,2,1,55.21,1,0.0,148.37,0.0,999.0,0.0,324.1,132.59,0,39,2,1,2,1,262641,1,71,1,53,141.65,2,185.6,131.2,142.11,210.7,180.04,0.0,999.0,0,1,77.25,0.0,0,0
12.0,75.5,32.0,42.1,25.9,5.6,1.17,21.0,38.2,339.0,175.5,2,2,66.85,1,2,1,27.07,14.71,23.1,102.38,22.58,6.31,86.01,0.0,1.94,4,1,4,3,0,1,2,189.1,0,0.0,1,2,1,218.36,3,0.0,446.47,0.0,999.0,0.0,396.89,197.68,3,50,3,2,1,0,848426,1,86,5,35,66.19,1,155.68,131.07,429.52,250.02,103.36,0.0,999.0,1,3,61.8,0.0,0,0
12.0,79.0,30.3,35.3,34.5,7.1,1.39,26.6,30.6,181.0,208.5,2,1,51.89,1,1,1,28.48,11.52,32.22,32.53,5.6,12.31,75.37,0.0,2.01,4,2,3,1,20,1,2,185.0,1,5.2,2,2,1,102.42,1,1.0,87.74,0.0,999.0,0.0,267.74,83.16,0,39,1,1,2,1,75032,2,76,2,26,171.27,1,248.66,190.31,109.72,194.18,249.71,0.0,999.0,0,2,76.8,0.0,0,0
12.0,78.5,25.4,41.4,33.2,7.1,1.4,30.9,25.0,207.0,210.0,2,2,73.02,1,1,1,28.48,11.52,32.22,32.53,5.6,12.31,75.37,0.0,2.03,4,2,3,1,20,1,2,185.0,1,5.2,2,2,1,105.28,1,0.0,141.86,0.0,999.0,0.0,268.84,134.78,0,39,2,1,2,1,92930,1,73,1,43,152.05,2,196.76,137.98,156.48,236.55,200.99,0.0,999.0,0,1,72.0,0.0,0,0
12.0,93.0,27.4,42.3,30.3,5.2,1.23,22.7,45.2,404.0,184.5,2,2,72.87,2,3,1,30.33,23.01,10.72,96.36,14.13,18.85,84.89,0.0,2.03,4,1,3,1,0,1,2,170.0,100,5.9,3,5,3,1327.2,1,1.0,55.18,0.0,1141.72,0.0,1349.31,1275.48,4,55,0,1,3,2,133757,4,86,1,27,1179.94,2,1198.01,1263.82,1187.49,0.0,1165.8,4.0,0.0,1,1,43.25,0.0,0,0
12.5,75.5,25.4,60.0,14.6,5.6,1.14,7.7,37.8,340.0,171.0,2,2,119.52,1,2,1,25.81,11.55,27.35,106.07,24.98,6.05,85.48,0.0,1.94,5,1,4,3,0,1,2,197.7,0,0.0,1,2,1,270.21,3,0.0,472.07,0.0,999.0,0.0,346.07,232.1,3,50,3,2,1,0,218719,2,69,4,5,78.91,1,186.98,156.75,476.49,294.23,100.24,0.0,999.0,1,2,62.55,0.0,0,0
12.5,76.0,30.6,42.0,27.4,6.4,1.24,24.5,21.7,210.0,186.0,2,2,68.28,1,2,1,25.15,9.17,30.72,56.83,11.84,11.21,79.34,0.0,2.07,3,1,4,3,0,1,2,204.8,0,0.0,1,2,1,257.83,3,0.0,418.35,0.0,999.0,0.0,326.15,179.17,3,50,3,2,1,0,170179,3,70,4,56,45.79,1,150.11,118.02,423.38,267.81,48.8,0.0,999.0,1,3,63.05,0.0,0,0
12.5,76.5,29.5,43.2,27.3,7.2,1.37,30.0,20.7,183.0,205.5,2,2,72.6,1,1,1,25.15,9.17,30.72,56.83,11.84,11.21,79.34,0.0,2.07,3,1,4,3,0,1,2,204.8,0,0.0,1,2,1,256.68,3,0.0,364.8,0.0,999.0,0.0,314.32,127.34,3,50,3,2,1,0,1080513,1,68,3,66,62.18,1,126.59,95.91,369.1,250.63,24.75,0.0,999.0,1,2,65.55,0.0,0,0
12.5,78.0,32.4,42.7,24.9,6.5,1.37,28.7,20.8,194.0,205.5,2,2,67.87,1,1,1,26.9,9.47,32.95,31.83,5.35,13.6,74.69,0.0,2.03,3,2,3,1,20,1,2,194.4,0,0.0,1,2,1,178.37,1,0.0,206.69,0.0,999.0,0.0,228.3,62.14,0,39,2,1,2,1,129744,0,58,2,96,141.19,2,178.89,125.74,206.26,261.21,175.18,0.0,999.0,0,3,73.3,0.0,0,0
12.5,79.0,30.3,38.2,31.5,7.0,1.36,33.6,33.9,292.0,204.0,2,1,59.14,1,1,1,28.21,10.91,32.92,32.58,5.3,13.64,75.16,0.0,2.01,3,2,3,1,20,1,2,186.6,1,5.2,2,2,1,157.19,1,0.0,109.59,0.0,999.0,0.0,212.37,117.07,0,39,1,1,2,1,58549,1,72,3,28,141.52,1,268.77,210.21,97.7,161.0,276.55,0.0,999.0,0,2,78.05,0.0,0,0
13.0,75.5,31.5,46.3,22.2,5.4,1.14,22.6,42.2,297.0,171.0,2,2,77.95,1,3,1,25.37,10.2,29.5,101.04,24.49,7.29,84.52,0.0,1.98,5,1,4,3,0,1,2,201.2,0,0.0,1,2,1,323.31,3,0.0,482.64,0.0,999.0,0.0,296.97,227.84,3,50,3,2,1,0,97905,1,75,3,15,56.64,2,227.19,195.29,480.41,341.78,124.87,0.0,999.0,1,3,60.3,0.0,0,0
13.0,76.0,33.4,37.1,29.5,6.4,1.3,27.0,20.7,189.0,195.0,2,1,52.67,1,2,1,24.95,8.52,31.15,50.21,10.2,12.01,77.7,0.0,2.07,3,1,4,3,0,1,2,206.4,0,0.0,1,2,1,313.06,3,0.0,430.34,0.0,999.0,0.0,273.54,173.74,3,50,3,2,1,0,66445,1,70,2,68,70.47,2,198.02,165.89,426.6,319.36,89.12,0.0,999.0,1,3,69.05,0.0,0,0
13.0,76.5,27.1,46.8,26.2,6.9,1.35,23.2,20.6,144.0,202.5,2,2,84.48,1,1,1,24.95,8.52,31.15,50.21,10.2,12.01,77.7,0.0,2.07,3,1,4,3,0,1,2,206.4,0,0.0,1,2,1,312.11,3,0.0,378.61,0.0,999.0,0.0,259.36,119.72,3,50,3,2,1,0,30840,0,74,0,83,109.09,1,180.87,150.99,372.9,305.12,78.59,0.0,999.0,1,2,66.3,0.0,0,0
13.0,78.0,28.1,52.7,19.2,6.7,1.37,21.6,19.7,120.0,205.5,2,2,98.03,1,1,1,25.81,8.38,32.53,31.06,5.05,14.69,74.93,0.0,2.03,3,2,3,1,10,1,2,201.0,0,0.0,1,2,1,228.48,1,0.0,230.56,0.0,999.0,0.0,178.05,44.75,0,39,1,1,2,1,713374,0,66,1,90,188.09,2,220.59,173.25,213.43,250.08,190.24,0.0,999.0,0,2,76.55,0.0,0,0
13.5,75.5,30.8,40.5,28.8,5.6,1.15,27.7,30.9,325.0,172.5,2,2,64.29,1,2,1,24.41,8.83,30.2,87.14,21.01,8.76,84.02,0.0,1.98,5,2,4,3,0,1,2,208.0,0,0.0,1,2,1,287.72,3,0.0,499.2,0.0,999.0,0.0,250.59,236.93,3,50,3,2,1,0,129669,1,72,0,85,10.81,2,272.85,240.61,489.5,391.46,165.29,0.0,999.0,1,3,57.55,0.0,0,0
13.5,78.0,24.5,54.9,20.6,6.8,1.4,19.5,20.4,146.0,210.0,1,2,107.85,1,1,1,25.98,9.13,31.31,28.88,4.85,15.3,73.15,0.0,2.03,3,2,3,1,10,1,2,199.8,0,0.0,1,2,1,280.66,1,0.0,255.07,0.0,999.0,0.0,132.17,79.54,0,39,1,1,2,1,117838,4,67,3,33,238.74,2,267.4,224.52,233.96,251.06,218.81,0.0,999.0,0,2,79.05,0.0,0,0
13.5,77.5,20.8,65.6,13.6,6.4,1.36,14.8,21.5,131.0,204.0,1,3,139.04,1,2,4,26.03,8.89,31.53,28.36,4.84,14.81,71.75,0.0,2.09,3,1,3,1,10,1,2,199.2,0,0.0,1,2,1,287.72,1,0.0,306.42,0.0,999.0,0.0,172.32,67.59,0,39,1,1,2,1,327234,3,70,4,62,205.43,2,245.57,212.38,282.8,304.76,178.94,0.0,999.0,1,2,73.3,0.0,0,0
13.5,80.0,31.6,35.8,32.6,6.9,1.36,22.3,50.7,229.0,204.0,2,1,51.58,2,1,1,30.29,17.27,25.93,42.06,9.16,21.9,77.07,0.0,1.95,3,3,3,1,20,1,2,174.4,1,5.2,2,2,3,297.01,1,1.0,64.38,1.0,64.38,0.0,163.66,15.51,4,55,0,1,3,2,61719,0,70,4,28,59.66,1,418.61,361.26,21.62,46.54,412.37,1.0,234.52,0,2,57.4,0.0,0,0
13.5,79.5,36.6,36.6,26.8,7.1,1.34,26.1,34.4,223.0,201.0,2,1,47.58,1,1,1,28.84,11.97,32.69,35.02,6.3,16.16,75.05,0.0,1.97,3,3,3,1,20,1,2,183.0,1,5.2,2,2,1,277.49,1,0.0,102.9,0.0,102.9,0.0,125.38,65.83,4,55,1,1,2,2,199616,0,61,7,48,93.97,1,374.78,318.82,75.69,92.76,361.52,1.0,235.77,0,2,68.1,0.0,0,0
14.0,76.5,27.8,50.8,21.4,6.9,1.37,33.0,23.5,166.0,205.5,2,2,93.64,1,1,1,26.63,9.0,32.15,30.64,5.05,14.37,71.7,0.0,2.06,3,1,4,3,10,1,2,195.6,0,0.0,1,2,1,211.27,3,0.0,392.84,0.0,999.0,0.0,150.82,170.62,0,39,3,2,1,0,13799,3,67,4,75,111.98,2,290.93,261.81,403.47,414.99,189.34,0.0,999.0,1,2,66.8,0.0,0,0
14.0,78.5,34.4,41.3,24.3,7.1,1.4,27.2,27.3,123.0,210.0,2,2,61.97,1,1,1,28.46,11.19,31.89,26.74,4.43,16.77,70.38,0.0,1.99,3,2,3,1,20,1,2,184.9,0,0.0,1,2,1,301.32,1,0.0,196.06,0.0,999.0,0.0,54.99,156.31,0,39,1,1,2,1,7799,0,50,0,93,214.82,1,342.9,296.89,191.85,213.91,295.69,0.0,999.0,0,2,73.3,0.0,0,0
14.5,74.5,28.2,43.0,28.9,5.6,1.22,23.1,29.9,306.0,183.0,2,2,73.66,1,2,1,28.62,15.81,20.08,101.78,26.15,11.01,83.82,0.0,1.97,5,3,4,3,0,1,2,181.0,0,0.0,1,2,1,265.12,3,0.0,594.01,0.0,999.0,0.0,272.8,379.21,0,39,3,2,1,0,115581,1,64,1,34,162.63,2,425.35,393.25,624.74,540.17,319.49,0.0,999.0,1,2,62.05,0.0,0,0
14.5,75.5,34.0,33.7,32.3,7.1,1.41,34.6,20.5,163.0,211.5,2,1,43.45,1,1,1,27.01,9.21,32.99,48.35,10.46,13.84,73.53,0.0,2.03,5,2,4,3,20,1,2,193.7,0,0.0,1,2,1,189.07,3,0.0,487.06,0.0,999.0,0.0,174.77,288.3,0,39,3,2,1,0,12136,2,75,2,83,111.72,2,372.37,340.5,519.12,494.6,263.29,0.0,999.0,1,3,68.3,0.0,0,0
14.5,76.0,33.7,43.0,23.3,7.0,1.41,30.1,19.3,147.0,211.5,2,2,67.06,1,1,1,27.26,9.23,32.37,24.88,3.86,15.89,69.34,0.0,2.06,3,2,4,3,10,1,2,191.3,0,0.0,1,2,1,164.66,3,0.0,433.69,0.0,999.0,0.0,131.4,248.05,0,39,3,2,1,0,36191,3,84,3,83,119.28,2,355.44,324.63,466.58,479.47,248.43,0.0,999.0,1,3,61.55,0.0,0,0
14.5,76.5,34.4,40.8,24.8,7.0,1.5,38.3,22.4,161.0,225.0,2,2,60.72,1,1,1,27.26,9.23,32.37,24.88,3.86,15.89,69.34,0.0,2.06,3,1,4,3,10,1,2,191.3,0,0.0,1,2,1,155.67,3,0.0,380.44,0.0,999.0,0.0,98.8,213.95,0,39,3,2,1,0,13009,2,76,7,55,147.62,2,346.23,317.32,414.39,434.96,244.87,0.0,999.0,1,3,64.8,0.0,0,0
14.5,77.5,31.4,43.7,25.0,7.1,1.52,30.2,18.4,127.0,228.0,2,2,71.57,1,1,1,28.9,10.85,32.68,21.94,4.4,15.58,65.71,0.0,2.07,3,1,3,1,20,1,2,180.8,0,0.0,1,2,1,189.07,1,0.0,274.51,0.0,999.0,0.0,109.86,178.24,0,39,1,1,2,1,15453,0,58,2,89,233.21,2,352.95,323.19,311.8,335.07,272.03,0.0,999.0,1,3,73.55,0.0,0,0
14.5,78.0,29.7,48.2,22.2,6.8,1.37,24.9,25.8,148.0,205.5,2,2,84.86,1,1,1,29.63,11.38,33.4,23.71,4.63,15.02,66.06,0.0,1.99,3,2,3,1,20,1,2,177.2,0,0.0,1,2,1,223.92,1,0.0,222.13,0.0,999.0,0.0,86.86,183.08,0,39,1,1,2,1,1966,1,52,0,96,281.8,2,368.41,331.26,262.11,287.32,299.65,0.0,999.0,0,2,73.3,0.0,0,0
14.5,79.0,33.9,37.9,28.2,6.8,1.38,23.4,29.8,222.0,207.0,2,1,54.07,1,1,1,29.92,12.33,33.66,26.71,4.66,14.78,68.52,0.0,1.94,3,2,3,1,40,1,2,176.5,0,0.0,1,2,1,280.79,1,0.0,121.05,0.0,999.0,2.0,24.24,170.45,0,39,1,1,2,1,44853,2,59,10,9,211.23,1,419.1,371.33,170.66,201.48,372.73,0.0,999.0,0,2,75.3,0.0,0,0
14.5,79.5,33.6,40.2,26.2,7.5,1.38,25.9,45.1,179.0,207.0,2,2,60.18,1,1,1,30.06,12.36,34.19,31.49,6.72,15.13,71.77,0.0,1.94,3,2,3,1,40,1,2,176.2,0,0.0,1,2,1,251.69,1,1.0,77.34,0.0,123.48,0.0,76.19,138.39,4,55,1,1,2,1,978,4,59,9,8,183.13,1,452.11,400.95,134.42,168.39,415.05,1.0,346.23,0,2,63.85,0.0,0,0
14.5,80.0,33.0,33.1,33.8,6.9,1.38,25.2,39.5,267.0,207.0,2,1,43.15,2,1,1,30.73,17.64,25.48,35.64,8.1,16.67,75.43,0.0,1.94,3,2,3,1,20,1,2,172.3,0,0.0,1,2,3,231.5,1,1.0,55.6,0.0,111.19,0.0,129.69,122.79,4,55,0,1,3,2,1875,10,73,0,8,168.19,1,488.91,435.32,113.27,148.14,459.84,1.0,345.38,0,2,65.35,0.0,0,0
15.0,75.0,36.3,37.7,26.0,6.3,1.39,29.2,19.0,140.0,208.5,2,1,50.69,1,2,1,27.01,9.68,32.49,49.35,10.79,9.3,75.36,0.0,1.95,5,3,3,1,20,1,2,193.7,0,0.0,1,2,1,189.37,1,0.0,537.02,0.0,999.0,0.0,206.64,365.02,0,39,1,1,2,2,27480,5,72,1,57,178.89,2,445.19,413.06,584.69,565.85,336.18,0.0,999.0,1,3,72.05,0.0,0,0
15.0,75.5,36.7,31.3,32.0,7.8,1.44,42.7,20.5,145.0,216.0,2,1,34.21,1,1,1,27.62,9.62,32.51,28.37,4.57,14.93,69.17,0.0,1.95,5,2,3,1,20,1,2,189.2,0,0.0,1,2,1,146.63,1,0.0,483.32,0.0,999.0,0.0,153.92,325.39,0,39,1,1,2,2,18231,0,66,1,88,167.14,2,424.31,392.73,533.27,547.35,315.58,0.0,999.0,1,3,77.05,0.0,0,0
15.0,76.0,34.6,31.3,34.1,7.8,1.45,41.7,21.0,164.0,217.5,2,1,36.73,1,1,1,27.79,10.17,31.24,22.5,3.88,16.33,67.6,0.0,1.98,3,2,3,1,10,1,2,187.7,0,0.0,1,2,1,113.52,1,0.0,429.62,0.0,999.0,0.0,102.19,290.41,0,39,1,1,2,1,80691,0,68,1,91,172.27,2,409.56,379.08,482.38,505.06,303.32,0.0,999.0,1,3,77.55,0.0,0,0
15.0,76.5,33.1,41.9,25.0,7.2,1.45,37.2,19.5,203.0,217.5,2,2,65.03,1,1,1,27.79,10.17,31.24,22.5,3.88,16.33,67.6,0.0,1.98,3,2,3,1,10,1,2,187.7,0,0.0,1,2,1,100.08,1,0.0,375.92,0.0,999.0,0.0,54.37,261.95,0,39,1,1,2,1,146170,0,84,2,40,192.94,2,401.62,372.86,432.22,456.05,300.42,0.0,999.0,1,3,72.3,0.0,0,0
15.0,77.5,28.4,51.7,19.9,7.1,1.53,21.4,17.1,111.0,229.5,2,2,95.17,1,1,1,29.25,10.71,33.54,21.59,4.55,16.1,65.05,0.0,1.99,3,1,3,1,20,1,2,178.7,0,0.0,1,2,1,146.63,1,0.0,268.51,0.0,999.0,0.0,72.53,233.76,0,39,1,1,2,1,2807,1,53,1,99,264.1,2,407.41,378.68,335.39,362.26,322.89,0.0,999.0,1,2,74.3,0.0,0,0
15.0,79.0,36.3,38.9,24.8,6.9,1.38,22.3,32.1,137.0,207.0,2,1,53.69,1,1,1,29.81,11.28,35.17,26.29,4.63,14.66,69.28,0.0,1.87,3,2,3,1,40,1,2,177.3,0,0.0,1,2,1,239.04,1,0.0,107.41,0.0,999.0,0.0,70.1,213.8,0,39,1,1,2,2,21760,5,70,10,23,257.33,1,465.77,420.43,211.06,244.36,411.15,0.0,999.0,0,2,75.3,0.0,0,0
15.0,79.5,31.3,40.7,28.0,7.3,1.41,29.0,39.2,169.0,211.5,2,2,64.19,1,1,1,29.93,11.13,35.82,29.17,5.94,14.14,72.38,0.0,1.87,3,2,3,1,40,1,2,177.0,1,4.5,2,2,1,204.15,1,1.0,53.7,1.0,77.25,0.0,100.6,189.3,0,39,1,1,2,1,656,2,58,5,94,234.86,1,495.62,446.75,183.06,217.95,449.79,1.0,401.62,0,2,67.1,0.0,0,0
15.0,80.0,28.2,36.8,35.0,7.1,0.0,28.5,46.8,196.0,0.0,2,0,58.16,2,1,2,30.63,16.77,26.62,32.7,7.23,14.28,76.3,0.0,1.85,3,2,3,1,20,1,2,172.7,1,4.5,2,2,3,178.72,1,3.0,0.0,1.0,55.6,0.0,145.29,178.24,0,39,0,1,3,2,1006,2,56,0,92,223.43,1,529.34,462.11,168.18,202.75,491.34,1.0,400.89,0,1,55.55,0.0,0,0
15.5,75.0,31.1,38.3,30.6,7.0,1.39,33.6,16.5,122.0,208.5,2,1,58.43,0,1,1,26.92,8.67,33.5,37.69,7.85,14.3,71.41,0.0,1.95,5,3,3,1,20,2,2,193.9,3,4.5,2,3,1,166.62,1,0.0,539.26,0.0,999.0,0.0,204.89,402.64,0,39,1,1,0,1,135249,4,82,7,45,231.58,2,495.7,463.75,602.31,617.48,386.57,0.0,999.0,1,3,70.05,0.0,0,0
15.5,79.0,32.1,39.3,28.6,6.9,1.27,25.8,33.4,164.0,190.5,2,1,59.73,0,1,1,29.35,11.02,35.09,26.94,5.05,15.47,69.75,0.0,1.87,3,2,3,1,40,2,2,179.8,1,4.5,2,3,1,203.99,1,0.0,120.83,0.0,999.0,0.0,124.19,217.89,0,39,1,1,0,1,3370,1,48,4,56,306.59,1,514.22,470.97,257.18,291.58,453.15,0.0,999.0,0,2,70.3,0.0,0,0
15.5,80.0,34.9,32.9,32.2,7.2,1.39,28.7,40.6,211.0,208.5,2,1,40.37,2,1,1,30.69,14.39,30.35,31.0,6.29,14.01,74.8,0.0,1.85,3,2,3,1,20,1,2,172.7,1,4.5,2,2,3,128.36,1,1.0,55.6,3.0,0.0,0.0,177.71,233.76,0,39,0,1,3,2,5002,2,64,0,90,278.82,1,572.31,423.43,223.43,257.78,526.84,1.0,456.41,0,2,65.6,0.0,0,0
15.5,78.5,29.9,41.6,28.5,6.9,1.47,18.0,18.9,162.0,220.5,2,2,68.12,0,1,1,29.35,11.02,35.09,26.94,5.05,15.47,69.75,0.0,1.89,3,1,3,1,40,2,2,179.8,1,4.5,2,3,1,218.66,1,0.0,170.25,0.0,999.0,0.0,126.49,211.27,0,39,1,1,0,1,25709,0,51,1,34,332.92,1,491.56,452.64,288.0,320.94,421.87,0.0,999.0,0,1,68.0,0.0,0,0
16.0,74.0,34.0,37.1,28.9,5.6,1.22,21.2,38.3,318.0,183.0,2,1,51.95,1,2,1,28.95,14.81,26.65,85.63,22.96,14.63,78.23,0.0,1.9,5,3,3,1,10,2,2,181.7,31,5.2,2,3,1,267.51,1,0.0,652.42,0.0,999.0,0.0,320.11,363.89,0,39,1,1,2,1,112632,1,83,4,44,326.91,2,594.2,561.95,699.48,659.76,486.01,0.0,999.0,1,3,70.3,0.0,0,0
16.0,75.0,31.2,45.4,23.3,7.0,1.39,34.3,16.9,134.0,208.5,2,2,76.06,0,1,1,27.31,9.11,33.42,28.17,5.63,17.08,67.08,0.0,1.95,5,3,3,1,20,2,2,190.1,27,5.2,2,3,1,160.76,1,0.0,547.15,0.0,999.0,0.0,217.82,403.95,0,39,1,1,0,1,4980,0,51,1,69,285.37,2,547.19,515.45,624.39,649.68,438.23,0.0,999.0,1,3,63.55,0.0,0,0
16.0,76.0,28.1,41.1,30.9,7.6,1.51,42.4,18.0,137.0,226.5,2,2,69.03,0,1,1,28.68,9.86,33.94,20.43,3.98,16.33,61.76,0.0,1.97,3,2,3,1,20,2,2,179.5,2,4.5,2,3,1,54.6,1,0.0,442.78,0.0,999.0,0.0,123.87,308.42,0,39,1,1,0,1,40120,4,55,1,99,281.29,2,518.74,488.76,530.28,557.65,413.67,0.0,999.0,1,2,66.05,0.0,0,0
16.0,76.5,27.7,46.6,25.7,7.2,0.0,28.7,30.0,138.0,0.0,2,0,83.26,0,1,2,28.68,9.86,33.94,20.43,3.98,16.33,61.76,0.0,1.97,3,2,3,1,20,2,2,179.5,2,4.5,2,3,2,11.12,1,0.0,391.16,0.0,999.0,0.0,88.84,263.83,0,39,1,1,0,1,3221,0,77,0,87,294.35,2,512.52,483.97,485.32,513.9,411.56,0.0,999.0,1,2,59.05,0.0,0,0
16.0,77.5,35.5,34.2,30.3,6.9,1.43,26.6,35.3,198.0,214.5,2,1,42.9,0,1,1,29.63,9.91,35.17,24.06,5.03,15.51,63.12,0.0,1.95,3,1,3,1,40,2,2,175.6,1,4.3,1,3,1,107.49,1,0.0,290.03,0.0,999.0,0.0,100.92,188.62,0,39,1,1,0,2,44230,1,76,5,75,344.98,2,517.05,489.73,401.94,433.23,428.17,0.0,999.0,1,3,71.8,0.0,0,0
16.0,78.0,38.9,29.4,31.7,7.5,1.39,31.6,40.6,126.0,208.5,2,1,26.82,0,1,1,29.62,10.69,34.81,26.07,5.24,14.84,65.23,0.0,1.88,3,1,3,1,40,2,2,176.8,1,4.3,1,3,1,160.76,1,0.0,241.43,0.0,999.0,0.0,141.17,164.53,0,39,1,1,0,2,4345,1,62,1,96,379.3,2,527.66,495.06,365.01,397.71,446.11,0.0,999.0,0,3,75.3,0.0,0,0
16.0,78.5,30.7,41.4,28.0,6.6,1.46,17.1,20.2,171.0,219.0,2,2,66.66,0,1,1,28.67,10.23,34.86,26.85,5.14,15.07,69.56,0.0,1.88,3,1,3,1,40,2,2,183.5,1,4.5,2,3,1,214.12,1,0.0,195.44,0.0,999.0,0.0,180.8,155.67,0,39,1,1,0,1,44600,1,61,18,56,380.48,1,543.45,506.12,332.7,366.66,469.59,0.0,999.0,0,2,67.55,0.0,0,0
16.0,79.5,35.0,38.8,26.2,7.1,0.0,26.8,21.9,125.0,0.0,2,0,55.0,0,1,2,29.6,10.26,36.14,27.03,4.65,14.83,70.95,0.0,1.86,3,2,3,1,40,2,2,178.7,1,4.5,2,3,1,129.92,1,0.0,123.43,1.0,77.16,0.0,193.12,188.62,0,39,1,1,0,1,3052,1,77,2,51,341.99,1,588.77,433.53,288.0,323.02,530.04,1.0,512.52,0,2,60.6,0.0,0,0
16.0,80.0,29.7,41.8,28.5,6.7,1.41,23.3,20.2,159.0,211.5,2,2,68.86,2,1,1,30.48,11.81,35.67,30.72,5.46,13.75,73.38,0.0,1.82,3,2,3,1,40,1,2,174.0,1,4.5,2,2,3,84.82,1,0.0,111.19,1.0,55.6,0.0,219.62,223.06,0,39,0,1,3,2,2752,0,49,0,83,334.28,1,617.3,388.86,278.82,313.01,565.57,1.0,511.95,0,1,62.55,0.0,0,0
16.0,80.5,28.0,34.8,37.2,6.7,1.36,24.7,29.3,193.0,204.0,2,1,53.4,2,1,1,30.54,13.93,31.6,36.0,6.55,13.44,77.08,0.0,1.82,3,3,2,2,40,1,2,173.0,1,4.5,2,2,3,56.61,2,0.0,123.43,1.0,77.16,0.0,254.81,263.83,2,47,0,1,3,2,5121,0,76,0,37,335.14,1,649.07,346.58,279.85,312.09,603.82,1.0,517.05,0,1,59.55,0.0,0,0
16.0,94.5,30.1,27.8,42.1,6.1,1.22,28.9,45.5,292.0,183.0,2,1,33.38,2,2,1,30.14,18.66,16.94,38.75,7.25,20.78,80.54,0.0,1.91,3,1,3,1,0,1,2,173.8,100,5.2,3,2,3,1144.66,1,0.0,526.43,0.0,917.89,0.0,1131.62,973.52,2,47,0,1,3,2,1439,4,78,1,91,874.39,2,896.54,1205.34,947.97,473.29,859.22,1.0,473.29,0,2,65.1,0.0,0,0
16.0,95.5,30.8,25.4,43.8,6.2,1.23,24.4,34.0,295.0,184.5,2,1,26.54,2,2,1,30.31,16.75,23.34,48.0,10.56,20.43,79.01,0.0,1.94,3,1,3,1,10,1,2,173.6,100,5.6,3,2,3,1208.07,1,0.0,575.1,0.0,992.98,0.0,1218.04,1045.4,2,47,0,1,3,2,701,5,56,0,92,947.15,2,969.87,1218.55,961.61,520.14,932.02,1.0,520.14,0,2,63.85,0.0,0,0
16.5,77.0,37.4,32.8,29.8,7.4,1.42,30.6,32.8,122.0,213.0,2,1,37.12,0,1,1,29.53,9.65,35.19,23.23,4.97,16.3,60.4,0.0,1.95,3,1,3,1,20,2,2,174.2,5,4.5,2,3,1,85.45,1,0.0,361.79,0.0,999.0,0.0,133.86,188.33,0,39,1,1,0,2,4910,3,70,1,95,365.9,2,567.5,540.61,478.93,510.3,471.47,0.0,999.0,1,3,71.8,0.0,0,0
16.5,78.0,31.2,39.0,29.8,6.8,1.55,24.5,12.6,143.0,232.5,2,1,60.06,0,1,1,28.87,9.74,34.85,26.23,5.14,18.51,65.27,0.0,1.88,3,1,3,1,20,2,2,180.8,1,4.3,1,3,1,173.51,1,0.0,271.35,0.0,999.0,0.0,177.88,113.33,0,39,1,1,0,1,4925,5,73,4,79,421.55,2,581.68,550.06,408.78,442.42,497.78,0.0,999.0,0,3,77.05,0.0,0,0
16.5,79.0,26.4,45.6,27.9,6.8,1.38,21.4,24.3,172.0,207.0,2,2,82.32,0,1,1,28.82,10.06,34.89,26.23,4.95,14.03,67.71,0.0,1.86,3,2,3,1,20,2,2,182.1,1,4.5,2,3,1,170.58,1,0.0,198.17,0.0,999.0,0.0,234.49,113.33,0,39,1,1,0,1,72878,3,72,14,61,410.01,1,613.82,456.32,357.61,392.64,544.5,0.0,999.0,0,1,70.0,0.0,0,0
16.5,79.5,29.4,44.7,25.9,6.7,1.45,21.3,21.3,151.0,217.5,2,2,76.47,0,1,1,30.07,10.34,36.18,26.69,4.76,15.28,68.73,0.0,1.86,3,2,3,1,40,2,2,175.8,1,4.5,2,3,1,117.28,1,0.0,175.17,0.0,123.37,0.0,245.26,146.04,0,39,1,1,0,1,992,1,72,2,84,396.39,1,611.57,407.37,341.95,376.88,574.04,1.0,568.02,0,1,65.05,0.0,0,0
16.5,80.0,27.5,42.8,29.6,6.5,1.4,24.1,24.8,185.0,210.0,2,2,74.0,2,1,1,30.5,10.59,37.81,30.86,5.28,13.44,71.79,0.0,1.82,3,2,3,1,60,1,2,173.9,1,4.5,2,2,3,63.97,1,0.0,166.79,0.0,111.19,0.0,266.58,188.33,0,39,0,1,3,2,732,0,61,0,94,389.78,1,613.82,359.59,334.28,368.36,606.92,1.0,567.5,0,1,60.3,0.0,0,0
16.5,94.5,28.6,32.9,38.5,5.9,1.34,28.1,33.2,262.0,201.0,2,1,47.93,2,2,1,30.07,16.13,21.03,28.34,5.75,20.74,79.31,0.0,1.91,3,1,3,1,0,1,2,174.8,100,5.2,3,2,3,1104.0,1,0.0,578.39,0.0,877.67,0.0,1098.68,931.7,2,47,0,1,3,2,0,0,0,0,0,832.92,2,855.37,1149.94,892.54,525.83,817.75,1.0,525.83,0,1,66.3,0.0,0,0
16.5,96.0,33.6,28.4,38.0,6.1,1.31,25.2,40.4,279.0,196.5,2,1,30.68,2,2,1,30.25,16.08,24.51,63.32,13.83,21.62,78.17,0.0,1.89,3,1,3,1,10,1,2,174.2,100,5.6,3,2,3,1169.21,1,0.0,650.76,0.0,996.58,0.0,1232.5,1045.63,2,47,0,1,3,2,5902,3,63,4,49,948.82,2,971.92,1173.98,918.53,595.69,933.84,1.0,595.69,0,2,63.85,0.0,0,0
17.0,73.5,35.2,33.6,31.2,6.3,1.35,24.1,26.5,240.0,202.5,2,1,41.76,1,2,1,27.58,10.17,34.02,74.65,20.73,18.34,74.11,0.0,1.77,5,2,3,1,20,2,2,190.3,31,5.2,2,3,1,342.51,1,0.0,729.42,0.0,999.0,0.0,409.38,241.97,0,39,1,1,2,2,31821,0,77,0,65,449.66,2,717.05,684.81,577.76,536.96,566.88,0.0,999.0,1,3,68.3,0.0,0,0
17.0,74.5,36.1,37.7,26.3,7.1,1.44,26.0,16.9,147.0,216.0,2,1,50.93,0,1,1,27.0,9.82,33.43,36.31,9.15,18.91,67.8,0.0,1.87,5,2,3,1,20,2,2,192.2,32,5.2,2,3,1,245.87,1,0.0,628.49,0.0,999.0,0.0,318.49,288.33,0,39,1,1,0,2,0,0,0,0,0,406.67,2,670.19,638.36,614.58,599.15,561.14,0.0,999.0,1,3,70.05,0.0,0,0
17.0,75.5,32.7,38.8,28.5,7.4,1.44,39.1,13.1,114.0,216.0,2,1,57.76,0,1,1,28.75,8.77,35.33,19.63,4.09,17.74,59.22,0.0,1.9,5,2,3,1,20,2,2,177.0,28,5.2,2,3,1,162.27,1,0.0,529.88,0.0,999.0,0.0,241.02,321.75,0,39,1,1,0,1,57643,0,56,0,99,389.33,2,638.25,607.65,636.86,666.3,531.5,0.0,999.0,1,3,71.3,0.0,0,0
17.0,75.0,33.7,41.5,24.8,7.3,1.49,33.8,16.1,123.0,223.5,2,2,63.31,0,1,1,27.94,8.86,34.28,19.58,3.63,18.07,61.55,0.0,1.9,5,2,3,1,20,2,2,183.1,34,5.2,2,3,1,201.37,1,0.0,578.82,0.0,999.0,0.0,277.33,322.2,0,39,1,1,0,1,0,0,0,0,0,394.47,2,652.2,620.86,638.67,634.5,543.87,0.0,999.0,1,3,66.05,0.0,0,0
17.0,76.0,32.4,41.9,25.7,7.4,1.52,34.1,12.7,117.0,228.0,2,2,65.87,0,1,1,29.32,8.71,36.11,22.43,4.98,16.5,58.46,0.0,1.89,3,2,3,1,20,2,2,173.6,5,4.5,2,3,1,133.43,1,0.0,481.9,0.0,999.0,0.0,212.07,269.25,0,39,1,1,0,1,61009,0,59,0,99,391.54,2,628.63,599.0,595.31,625.73,524.38,0.0,999.0,1,3,66.05,0.0,0,0
17.0,77.5,30.1,38.4,31.5,7.0,1.52,34.1,19.8,155.0,228.0,2,1,59.88,0,1,1,28.89,9.39,35.31,27.56,5.39,18.61,62.23,0.0,1.88,3,1,3,1,20,2,2,178.8,5,4.5,2,3,1,162.27,1,0.0,347.64,0.0,999.0,0.0,199.6,115.16,0,39,1,1,0,1,2398,3,58,0,97,403.22,2,594.15,593.74,485.11,518.51,535.84,0.0,999.0,1,3,73.05,0.0,0,0
17.0,79.0,33.9,36.7,29.4,7.0,1.47,22.5,15.0,120.0,220.5,2,1,51.07,0,1,1,28.63,9.11,35.98,26.78,5.34,14.72,66.25,0.0,1.86,3,2,3,1,40,2,2,182.5,1,4.5,2,3,1,179.2,1,0.0,246.74,0.0,999.0,0.0,289.9,69.28,0,39,1,1,0,1,0,0,0,0,0,357.23,2,558.44,438.51,409.91,444.98,592.71,0.0,999.0,0,2,72.3,0.0,0,0
17.0,80.5,29.6,39.4,31.0,6.7,1.39,20.8,24.8,191.0,208.5,2,1,62.98,2,1,1,29.89,10.55,37.68,36.98,6.53,11.3,74.73,0.0,1.83,3,3,2,2,60,1,2,177.1,1,4.5,2,2,3,56.61,2,0.0,228.72,0.0,175.12,0.0,341.6,217.05,2,47,0,1,3,2,1564,1,62,3,81,377.62,2,565.76,287.49,390.51,423.09,611.57,1.0,588.81,0,1,57.3,0.0,0,0
17.0,82.0,29.4,44.3,26.4,6.5,1.37,23.8,20.7,144.0,205.5,2,2,75.47,2,1,1,29.72,13.37,34.62,41.57,7.1,16.6,79.34,0.0,1.76,3,3,2,2,40,1,2,176.8,0,0.0,1,2,3,21.27,2,0.0,308.47,0.0,270.93,0.0,448.21,374.42,2,47,0,1,3,2,35273,6,75,4,67,455.57,2,614.58,153.66,434.44,460.25,580.27,1.0,459.79,0,1,54.05,0.0,0,0
17.0,94.5,29.5,31.6,38.9,5.7,1.24,28.2,39.9,315.0,186.0,2,1,43.6,2,2,1,29.89,16.99,18.83,31.39,6.68,16.5,80.31,0.0,1.82,3,1,3,1,0,1,2,175.4,100,5.2,3,2,3,1064.68,1,0.0,630.97,0.0,839.19,0.0,1067.6,891.37,2,47,0,1,3,2,1742,2,82,0,84,793.16,2,815.92,1094.57,837.13,578.93,778.05,1.0,578.93,0,1,68.05,0.0,0,0
17.0,95.0,31.3,29.4,39.3,5.9,1.22,26.0,33.7,216.0,183.0,2,1,35.94,2,2,1,30.69,12.12,31.06,18.88,4.18,18.93,72.46,0.0,2.02,3,1,3,1,20,1,2,172.9,100,6.0,3,2,3,1087.34,1,0.0,649.54,0.0,879.11,0.0,1112.64,929.49,2,47,0,1,3,2,6997,1,77,0,93,832.02,2,855.0,1100.6,843.23,596.18,816.97,1.0,596.18,0,2,65.1,0.0,0,0
17.0,95.5,31.3,27.6,41.1,6.0,1.29,26.4,33.1,225.0,193.5,2,1,31.44,2,2,1,30.89,11.94,32.02,24.51,5.2,18.48,70.68,0.0,2.02,3,1,3,1,20,1,2,171.8,100,6.0,3,2,3,1100.7,1,0.0,671.93,0.0,920.27,0.0,1158.3,968.93,2,47,0,1,3,2,8771,0,65,1,96,872.29,2,895.43,1109.0,852.45,617.64,857.34,1.0,617.64,0,2,65.1,0.0,0,0
17.0,96.0,34.2,27.6,38.2,6.3,1.29,25.3,34.9,229.0,193.5,2,1,27.96,2,2,1,30.42,11.38,32.94,43.67,9.02,18.98,74.01,0.0,1.98,3,1,3,1,20,1,2,174.2,100,6.0,3,2,3,1116.29,1,0.0,697.76,0.0,962.53,0.0,1204.48,1009.53,2,47,0,1,3,2,47059,0,88,2,13,913.79,2,937.05,1119.71,864.71,642.91,898.94,1.0,642.91,0,2,65.1,0.0,0,0
17.0,96.5,33.8,27.6,38.6,6.2,1.27,27.2,32.3,302.0,190.5,2,1,28.44,2,2,1,30.42,11.38,32.94,43.67,9.02,18.98,74.01,0.0,1.98,3,1,3,1,20,1,2,174.2,100,6.0,3,2,3,1134.0,1,0.0,726.66,0.0,1005.74,0.0,1249.2,1051.17,2,47,0,1,3,2,3482,3,57,0,82,956.36,2,979.71,1132.66,879.86,671.54,941.63,1.0,671.54,0,2,64.35,0.0,0,0
17.5,74.0,35.4,34.1,30.5,6.6,1.43,36.2,24.7,219.0,214.5,2,1,42.77,1,1,1,26.88,9.07,34.91,72.47,20.17,18.19,72.86,0.0,1.87,5,2,3,1,20,2,2,194.4,32,5.2,2,3,1,320.22,1,0.0,698.16,0.0,999.0,0.0,394.36,212.46,0,39,1,1,2,2,37887,1,85,3,69,476.66,2,742.21,710.2,542.36,522.46,552.84,0.0,999.0,1,3,70.05,0.0,0,0
17.5,75.0,35.8,37.5,26.8,7.5,1.56,39.8,13.1,120.0,234.0,2,1,50.79,0,1,1,28.15,8.21,35.3,19.76,3.85,18.81,59.95,0.0,1.9,5,2,3,1,20,2,2,180.7,34,5.2,2,3,1,239.11,1,0.0,601.76,0.0,999.0,0.0,317.67,284.25,0,39,1,1,0,2,4420,0,68,2,94,449.4,2,687.02,674.27,590.66,595.34,597.45,0.0,999.0,1,3,70.05,0.0,0,0
17.5,76.5,29.7,38.7,31.6,7.1,1.48,33.4,14.4,155.0,222.0,2,1,61.11,0,1,1,29.13,9.08,35.86,24.52,5.51,17.24,58.05,0.0,1.89,3,1,3,1,20,2,2,174.1,5,4.5,2,3,1,177.91,1,0.0,465.67,0.0,999.0,0.0,248.32,212.45,0,39,1,1,0,1,6037,0,57,0,59,420.63,2,590.66,650.69,595.76,628.13,578.31,0.0,999.0,1,2,74.55,0.0,0,0
17.5,77.0,33.9,35.0,31.0,6.8,1.52,33.9,17.1,163.0,228.0,2,1,46.82,0,1,1,28.8,8.89,35.71,27.33,5.77,16.61,59.75,0.0,1.88,3,1,3,1,20,2,2,177.3,5,4.5,2,3,1,185.71,1,0.0,424.05,0.0,999.0,0.0,244.86,159.5,0,39,1,1,0,1,6267,2,62,0,96,385.62,2,564.61,637.81,561.55,594.77,581.79,0.0,999.0,1,3,73.8,0.0,0,0
17.5,79.0,35.9,38.4,25.7,7.2,1.5,24.0,14.7,132.0,225.0,2,1,52.92,0,1,1,28.27,8.09,36.91,28.59,6.14,15.92,65.24,0.0,1.86,3,2,3,1,20,2,2,183.9,1,4.5,2,3,1,203.25,1,0.0,297.78,0.0,999.0,0.0,331.69,54.19,0,39,1,1,0,2,22530,2,64,4,56,301.88,2,503.1,427.23,462.98,498.03,577.63,0.0,999.0,0,2,72.3,0.0,0,0
17.5,79.5,27.9,39.1,33.0,6.9,1.47,23.6,14.7,131.0,220.5,2,1,64.27,0,1,1,29.58,9.23,37.77,28.78,6.3,12.61,65.84,0.0,1.86,3,2,3,1,40,2,2,177.3,1,4.5,2,3,1,161.39,1,0.0,283.06,0.0,228.69,0.0,352.73,106.66,0,39,1,1,0,1,2564,1,72,3,72,300.96,2,500.38,374.8,451.06,485.77,565.7,1.0,657.35,0,1,72.3,0.0,0,0
17.5,80.0,27.2,36.3,36.4,6.7,1.43,20.5,16.4,165.0,214.5,2,1,58.11,2,1,1,29.77,9.36,38.14,32.56,7.04,12.17,69.31,0.0,1.83,3,2,3,1,40,1,2,177.5,1,4.5,2,2,3,128.2,1,0.0,277.99,0.0,222.39,0.0,367.8,159.5,0,39,0,1,3,2,3271,0,66,2,42,309.13,2,503.1,322.53,445.3,479.22,558.42,1.0,609.71,0,1,68.55,0.0,0,0
17.5,80.5,26.8,43.2,30.0,6.4,1.4,18.1,27.4,216.0,210.0,2,2,75.84,2,2,1,29.67,9.34,38.54,38.6,7.72,12.5,72.89,0.0,1.83,3,2,2,2,40,1,2,178.4,1,4.5,2,2,3,111.7,2,0.0,283.06,0.0,228.69,0.0,389.67,212.45,2,47,0,1,3,2,3262,1,73,4,82,325.7,2,511.2,270.53,445.94,478.62,555.97,1.0,561.85,0,1,55.8,0.0,0,0
17.5,81.0,24.7,45.6,29.7,5.9,1.22,20.3,30.8,298.0,183.0,1,2,84.36,2,2,1,29.38,10.29,37.81,43.66,7.91,15.34,75.64,0.0,1.8,3,3,2,2,60,1,2,179.8,1,4.5,2,2,3,101.53,2,0.0,297.78,0.0,246.62,0.0,416.21,265.43,2,47,0,1,3,2,2651,0,58,8,64,349.47,2,524.41,218.98,452.96,483.99,558.42,1.0,514.93,0,1,53.55,0.0,0,0
17.5,81.5,25.8,38.7,35.5,5.8,1.21,23.7,31.5,258.0,181.5,2,1,65.79,2,2,1,29.38,10.29,37.81,43.66,7.91,15.34,75.64,0.0,1.8,3,3,2,2,60,1,2,179.8,1,4.5,2,2,3,64.08,2,0.0,320.8,0.0,273.92,0.0,411.55,318.42,2,47,0,1,3,2,72871,0,67,6,26,379.1,2,542.36,168.3,466.07,495.14,563.38,1.0,469.24,0,1,53.55,0.0,0,0
17.5,83.0,26.5,34.9,38.6,6.8,1.36,23.3,24.8,170.0,204.0,2,1,55.45,2,1,1,29.7,16.96,22.75,44.45,7.46,24.04,82.39,0.0,1.79,3,2,2,2,0,1,2,175.4,0,0.0,1,2,3,139.03,1,0.0,424.05,0.0,389.54,0.0,436.84,477.47,2,47,0,1,3,2,84461,0,44,0,2,491.62,2,620.04,55.6,344.36,558.92,483.12,1.0,344.36,0,1,69.3,0.0,0,0
17.5,95.0,26.7,33.9,39.5,5.9,1.34,26.4,28.5,218.0,201.0,2,1,52.71,2,2,1,30.18,11.83,31.31,18.23,4.14,17.59,72.3,0.0,2.02,3,1,3,1,20,1,2,175.6,100,6.0,3,2,3,1033.31,1,0.0,701.15,0.0,844.23,0.0,1084.67,892.4,2,47,0,1,3,2,0,0,0,0,0,795.99,2,819.17,1045.55,788.25,648.25,781.06,1.0,648.25,0,1,65.55,0.0,0,0
17.5,96.0,26.5,32.7,40.8,5.6,1.29,25.8,28.2,256.0,193.5,2,1,49.95,2,2,1,30.29,9.92,34.73,35.71,6.96,10.55,71.45,0.0,1.98,3,1,3,1,20,1,2,175.0,100,6.0,3,2,3,1063.63,1,0.0,745.93,0.0,930.54,0.0,1174.84,975.26,2,47,0,1,3,2,2698,1,76,0,63,880.87,2,904.25,1065.58,811.12,691.37,866.2,1.0,691.37,0,1,67.55,0.0,0,0
17.5,96.5,27.6,32.1,40.3,6.1,1.33,25.8,29.2,188.0,199.5,2,1,47.13,2,2,1,30.29,9.92,34.73,35.71,6.96,10.55,71.45,0.0,1.98,3,1,3,1,20,1,2,175.0,100,6.0,3,2,3,1082.15,1,0.0,772.98,0.0,975.04,0.0,1220.52,1018.17,2,47,0,1,3,2,5876,1,75,1,76,924.83,2,948.25,1079.13,827.21,718.0,910.3,1.0,718.0,0,1,67.55,0.0,0,0
17.5,97.0,28.6,37.1,34.3,5.7,1.28,26.2,31.5,237.0,192.0,2,1,58.43,2,2,1,29.57,9.07,34.78,48.96,9.16,10.22,77.67,0.0,1.77,3,1,3,1,20,1,2,178.3,84,6.0,3,2,3,1102.76,1,0.0,802.72,0.0,1020.28,0.0,1266.69,1061.91,2,47,0,1,3,2,3238,3,99,0,100,969.62,2,993.05,1094.94,846.17,747.56,955.22,1.0,747.56,0,1,66.8,0.0,0,0
18.0,73.5,39.5,30.2,30.3,6.1,1.33,25.9,31.2,291.0,199.5,2,1,28.1,1,2,1,26.18,7.37,36.21,67.56,18.49,17.07,72.69,0.0,1.75,5,3,3,1,20,2,2,198.5,31,5.2,2,3,1,370.92,1,0.0,768.99,0.0,999.0,0.0,470.42,137.7,0,39,1,1,2,2,0,0,0,0,0,445.91,1,768.51,782.99,471.57,445.91,476.27,0.0,999.0,1,3,65.8,0.0,0,0
18.0,75.0,42.5,28.3,29.3,7.2,1.52,31.2,16.6,165.0,228.0,3,1,19.75,0,1,3,28.47,8.46,35.66,20.61,4.2,16.87,59.1,0.0,1.85,5,2,3,1,20,2,2,178.3,32,5.2,2,3,1,282.8,1,0.0,628.77,0.0,999.0,0.0,362.07,252.92,0,39,1,1,0,2,198808,4,57,6,92,504.48,2,647.13,728.0,544.09,558.95,588.95,0.0,999.0,1,3,62.3,0.0,0,0
18.0,75.5,47.0,25.5,27.6,7.7,1.57,40.3,12.6,120.0,235.5,3,1,7.35,0,1,3,28.88,8.91,35.5,22.55,4.95,19.05,57.64,0.0,1.85,5,1,3,1,20,2,2,174.9,15,5.2,2,3,1,256.59,1,0.0,584.28,0.0,999.0,0.0,335.22,300.13,0,39,1,1,0,2,2419,1,64,0,94,468.22,2,610.25,716.81,575.75,601.06,630.73,0.0,999.0,1,3,65.55,0.0,0,0
18.0,76.0,38.8,25.5,35.7,7.3,1.54,48.4,13.5,150.0,231.0,2,1,17.19,0,1,1,28.44,8.54,35.68,25.64,5.72,19.33,58.42,0.0,1.86,3,1,3,1,20,2,2,177.8,6,4.5,2,3,1,239.49,1,0.0,541.38,0.0,999.0,0.0,315.16,273.1,0,39,1,1,0,2,18264,0,76,4,44,424.32,2,575.75,709.53,610.25,644.66,635.26,0.0,999.0,1,3,72.55,0.0,0,0
18.0,77.0,36.0,33.2,30.8,7.0,1.5,33.5,11.2,139.0,225.0,2,1,39.8,0,1,1,28.23,8.26,35.9,27.96,5.81,18.28,59.77,0.0,1.86,3,1,3,1,20,2,2,180.1,5,4.5,2,3,1,239.49,1,0.0,462.11,0.0,999.0,0.0,300.42,172.33,0,39,1,1,0,2,8129,0,59,0,99,343.86,2,515.78,634.49,606.29,608.07,619.35,0.0,999.0,1,3,72.55,0.0,0,0
18.0,77.5,36.1,34.5,29.4,7.1,1.56,33.0,14.4,155.0,234.0,2,1,42.93,0,1,1,28.36,7.78,36.77,30.42,6.55,17.93,60.87,0.0,1.86,3,1,3,1,20,2,2,180.4,4,4.4,1,3,1,256.59,1,0.0,426.97,0.0,999.0,0.0,306.95,125.19,0,39,1,1,0,2,51954,1,62,1,88,309.21,2,491.4,581.62,577.77,577.29,590.13,0.0,999.0,1,3,75.05,0.0,0,0
18.0,78.0,36.8,40.5,22.7,8.1,1.65,36.5,12.0,129.0,247.5,2,1,57.09,0,1,1,28.48,7.72,37.05,29.91,6.58,18.67,62.13,0.0,1.84,3,1,3,1,20,2,2,180.8,4,4.4,1,3,1,282.8,1,0.0,395.9,0.0,999.0,0.0,322.28,85.18,0,39,1,1,0,2,39615,0,70,5,48,280.18,2,471.57,528.75,552.97,549.75,564.22,0.0,999.0,0,3,76.55,0.0,0,0
18.0,78.5,35.0,40.7,24.4,7.2,1.58,33.1,18.3,172.0,237.0,2,2,59.75,0,1,1,28.44,7.54,38.12,30.1,6.78,15.82,63.69,0.0,1.84,3,1,3,1,40,2,2,182.1,1,4.3,1,3,1,278.47,1,0.0,369.93,0.0,999.0,0.0,345.23,66.72,0,39,1,1,0,1,53166,1,56,6,62,258.67,2,456.88,475.88,532.41,525.97,542.1,0.0,999.0,0,2,70.05,0.0,0,0
18.0,80.0,25.7,41.4,32.9,6.7,1.46,21.6,16.1,116.0,219.0,2,2,72.66,2,1,1,29.69,8.72,38.95,34.94,8.21,12.12,67.55,0.0,1.79,3,2,3,1,40,1,2,177.4,1,4.5,2,2,3,178.55,1,0.0,333.58,0.0,277.99,0.0,393.31,172.33,0,39,0,1,3,2,23762,0,64,5,25,255.45,2,447.84,317.25,500.83,482.22,503.09,1.0,588.84,0,1,63.3,0.0,0,0
18.0,81.5,26.8,36.5,36.7,6.4,1.33,17.2,32.2,155.0,199.5,2,1,59.09,2,2,1,29.16,9.17,38.84,48.36,9.79,15.17,73.65,0.0,1.78,3,2,2,2,60,1,2,181.2,0,0.0,1,2,3,115.66,2,0.0,369.93,0.0,320.59,0.0,355.98,324.72,2,47,0,1,3,2,5895,0,64,1,87,336.56,2,491.4,158.63,442.28,487.28,511.13,1.0,442.28,0,1,58.55,0.0,0,0
18.0,82.5,31.5,39.3,29.2,5.9,1.1,19.8,41.9,325.0,165.0,2,1,60.45,2,2,1,25.75,6.72,37.57,49.71,8.93,17.31,78.57,0.0,1.74,3,2,2,2,20,1,2,201.1,0,0.0,1,2,3,133.7,2,0.0,426.97,0.0,384.86,0.0,368.1,428.93,2,47,0,1,3,2,4777,0,72,0,7,415.78,2,544.09,52.88,350.06,517.62,457.58,1.0,350.06,0,2,64.35,0.0,0,0
18.0,83.5,26.3,38.5,35.2,6.3,1.38,19.4,16.6,198.0,207.0,2,1,64.69,2,2,1,29.66,16.11,23.39,45.26,7.56,22.72,82.26,0.0,1.73,3,2,2,2,0,1,2,175.7,1,4.2,1,2,3,211.81,1,0.0,385.91,0.0,422.34,0.0,407.69,533.82,2,47,0,1,3,2,237038,7,76,1,38,504.53,2,610.25,52.88,267.6,565.86,412.27,1.0,267.6,0,1,66.05,0.0,0,0
18.0,94.5,27.8,33.2,39.0,5.8,1.25,26.9,51.2,303.0,187.5,2,1,49.64,2,2,1,28.92,16.0,19.37,46.16,10.66,13.5,81.05,0.0,1.79,3,1,3,1,0,1,2,180.7,100,6.0,3,2,3,967.25,1,0.0,737.46,0.0,768.51,0.0,1010.52,816.07,2,47,0,1,3,2,986,7,57,4,71,719.95,2,743.18,983.89,726.39,686.33,705.07,1.0,686.33,0,1,68.55,0.0,0,0
18.0,95.0,24.6,33.6,41.9,5.6,1.21,22.3,47.7,289.0,181.5,1,1,54.48,2,2,1,29.18,11.25,31.37,18.35,4.24,16.61,72.44,0.0,2.08,3,1,3,1,20,1,2,181.1,100,6.0,3,2,3,979.46,1,0.0,753.33,0.0,811.66,0.0,1055.44,857.3,2,47,0,1,3,2,84,1,68,1,54,762.3,2,785.64,990.56,733.37,700.86,747.56,1.0,700.86,0,1,70.8,0.0,0,0
18.0,95.5,34.3,29.5,36.2,6.3,1.32,23.7,29.7,239.0,198.0,2,1,32.59,2,2,1,31.21,11.07,33.26,19.42,4.17,15.89,64.96,0.0,2.08,3,1,3,1,20,1,2,168.7,100,6.0,3,2,3,994.17,1,0.0,772.62,0.0,855.82,0.0,1101.0,899.66,2,47,0,1,3,2,255,2,86,0,94,805.81,2,829.21,999.82,743.9,719.12,791.22,1.0,719.12,0,2,65.1,0.0,0,0
18.0,96.0,27.3,34.8,37.9,5.6,1.19,20.1,38.9,301.0,178.5,2,1,54.24,2,2,1,29.76,9.16,35.2,31.43,6.09,7.51,69.63,0.0,2.03,3,1,3,1,20,1,2,177.6,100,6.0,3,2,3,1011.29,1,0.0,795.07,0.0,900.84,0.0,1147.11,943.0,2,47,0,1,3,2,2198,1,57,1,97,850.3,2,873.73,1011.61,757.82,740.83,835.86,1.0,740.83,0,1,67.55,0.0,0,0
18.0,97.0,28.6,39.7,31.8,5.7,1.13,28.5,65.5,498.0,169.5,2,1,64.93,2,2,1,29.11,8.53,35.16,41.97,7.71,8.07,74.4,0.0,1.82,3,1,3,1,20,1,2,181.5,94,6.0,3,2,3,1052.23,1,0.0,848.45,0.0,992.99,0.0,1240.74,1032.1,2,47,0,1,3,2,49,1,25,2,9,941.67,2,965.08,1042.39,795.11,793.4,927.53,1.0,793.4,0,1,67.55,0.0,0,0
18.5,73.0,35.4,35.8,28.9,6.4,1.25,27.5,26.2,337.0,187.5,2,1,47.02,1,2,1,28.8,10.78,33.26,87.18,25.56,17.53,75.23,0.0,1.75,2,3,3,1,20,1,2,183.2,33,5.2,2,2,1,338.74,1,0.0,840.66,0.0,999.0,0.0,546.55,67.54,0,39,1,1,2,2,95950,1,74,0,90,369.52,1,781.67,856.46,402.92,369.52,399.86,1.0,272.09,1,3,67.85,0.0,0,0
18.5,73.5,40.7,33.3,26.0,6.5,1.38,34.2,36.5,295.0,207.0,3,1,34.41,1,1,3,25.85,6.56,36.64,61.25,16.61,19.03,72.25,0.0,1.75,2,3,3,1,20,2,2,200.4,31,5.2,2,3,1,317.92,1,0.0,793.87,0.0,999.0,0.0,507.36,91.87,0,39,1,1,2,2,636922,0,64,1,36,404.17,1,736.91,833.3,419.45,404.17,434.56,0.0,999.0,1,3,60.55,0.0,0,0
18.5,75.0,48.8,24.9,26.3,7.6,1.54,45.3,11.5,131.0,231.0,3,1,3.69,0,1,3,28.14,8.27,35.86,21.87,4.59,17.29,58.97,0.0,1.85,5,2,3,1,20,2,2,179.8,19,5.2,2,3,1,304.75,1,0.0,659.37,0.0,999.0,0.0,409.22,230.9,0,39,1,1,0,2,190809,1,52,1,97,486.57,1,609.7,781.99,499.36,525.93,555.43,0.0,999.0,1,3,63.05,0.0,0,0
18.5,75.5,43.9,24.8,31.3,7.4,1.52,48.4,10.7,109.0,228.0,3,1,9.32,0,1,3,28.09,8.27,35.86,23.59,5.21,17.5,58.14,0.0,1.85,5,2,3,1,20,2,2,179.2,6,4.5,2,3,1,308.0,1,0.0,617.21,0.0,999.0,0.0,385.73,281.69,0,39,1,1,0,2,1786,1,58,0,97,441.19,2,570.53,771.61,533.59,570.35,599.43,0.0,999.0,1,3,63.05,0.0,0,0
18.5,76.0,40.7,26.8,32.5,7.2,1.55,43.4,11.8,126.0,232.5,3,1,18.16,0,1,3,28.07,7.56,36.68,26.14,5.74,19.97,58.24,0.0,1.86,5,1,3,1,20,2,2,179.4,5,4.5,2,3,1,293.94,1,0.0,576.87,0.0,999.0,0.0,368.48,291.37,0,39,1,1,0,2,1646,0,72,3,26,394.44,2,533.59,741.25,570.53,616.0,644.66,0.0,999.0,1,3,65.55,0.0,0,0
18.5,77.5,38.1,35.7,26.2,7.3,1.47,28.3,14.3,131.0,220.5,2,1,43.53,0,1,1,29.06,7.74,37.83,30.4,6.7,17.9,58.94,0.0,1.86,5,1,3,1,40,2,2,175.3,4,4.4,1,3,1,308.0,1,0.0,471.48,0.0,999.0,0.0,361.5,161.71,0,39,1,1,0,2,659,0,54,2,91,267.19,2,441.56,583.44,626.36,531.85,543.51,0.0,999.0,1,3,71.8,0.0,0,0
18.5,78.0,28.5,45.6,25.9,8.2,1.45,45.3,16.5,140.0,217.5,2,2,79.8,0,1,1,29.06,8.25,37.64,30.25,6.87,17.94,60.29,0.0,1.84,5,1,3,1,40,2,2,176.4,4,4.4,1,3,1,330.1,1,0.0,443.61,0.0,999.0,0.0,374.57,133.26,0,39,1,1,0,1,19700,0,63,6,57,233.09,2,419.45,530.91,603.62,501.92,515.35,0.0,999.0,0,2,70.05,0.0,0,0
18.5,79.0,39.1,28.1,32.8,7.1,1.44,34.1,12.7,128.0,216.0,2,1,23.33,0,1,1,29.14,8.09,38.72,30.8,7.09,15.27,61.43,0.0,1.82,5,1,3,1,40,2,2,176.9,0,0.0,1,3,1,279.72,1,0.0,403.48,0.0,999.0,0.0,405.04,133.26,0,39,1,1,0,2,4191,0,56,13,18,191.63,2,392.66,426.04,570.57,454.24,471.4,0.0,999.0,0,2,74.05,0.0,0,0
18.5,79.5,34.9,25.0,40.1,7.1,1.45,27.7,16.0,127.0,217.5,2,1,20.62,0,1,1,29.88,7.4,40.55,32.71,7.72,13.12,62.71,0.0,1.82,5,1,3,1,40,2,2,174.1,0,0.0,1,3,1,251.12,1,0.0,392.81,0.0,337.79,0.0,371.97,161.71,0,39,1,1,0,1,1806,0,60,4,72,190.19,2,389.18,373.76,560.98,437.81,456.8,1.0,623.82,0,2,76.85,0.0,0,0
18.5,80.0,28.6,39.4,32.0,6.8,1.45,23.1,16.9,161.0,217.5,2,1,64.18,2,1,1,30.0,8.02,40.21,38.62,9.34,11.95,65.47,0.0,1.79,5,2,3,1,60,1,2,175.0,0,0.0,1,2,3,231.31,1,0.0,389.18,0.0,333.58,0.0,343.7,200.34,0,39,0,1,3,2,1115,0,58,4,32,202.79,2,392.66,321.64,556.39,427.14,447.82,1.0,572.62,0,1,68.05,0.0,0,0
18.5,80.5,26.1,41.6,32.4,6.7,1.4,18.5,25.8,219.0,210.0,2,2,72.68,2,1,1,29.36,8.62,39.39,45.92,10.77,11.68,68.87,0.0,1.79,5,2,2,2,60,1,2,179.6,0,0.0,1,2,3,216.27,2,0.0,392.81,0.0,337.79,0.0,321.51,244.37,2,47,0,1,3,2,4200,0,57,0,0,227.11,2,402.92,269.79,521.68,422.67,444.78,1.0,521.68,0,1,57.05,0.0,0,0
18.5,81.0,29.4,39.2,31.4,6.6,1.38,15.9,19.9,149.0,207.0,2,1,62.72,2,1,1,28.12,7.72,39.52,52.31,11.5,13.65,73.01,0.0,1.78,5,2,2,2,40,1,2,187.1,0,0.0,1,2,3,187.07,2,0.0,403.48,0.0,350.12,0.0,306.71,291.37,2,47,0,1,3,2,1004,0,70,0,93,259.88,2,419.45,218.4,471.09,424.59,447.82,1.0,471.09,0,1,65.3,0.0,0,0
18.5,81.5,26.4,41.2,32.4,6.0,1.35,18.7,20.4,179.0,202.5,2,2,71.32,2,2,1,28.12,7.72,39.52,52.31,11.5,13.65,73.01,0.0,1.78,5,2,2,2,40,1,2,187.1,0,0.0,1,2,3,169.79,2,0.0,420.67,0.0,369.75,0.0,300.41,340.09,2,47,0,1,3,2,800,0,79,0,79,298.33,2,441.56,167.88,420.97,432.82,456.8,1.0,420.97,0,1,58.3,0.0,0,0
18.5,82.0,24.1,38.3,37.6,6.4,1.33,17.2,23.2,181.0,199.5,1,1,66.83,2,2,1,27.82,7.72,38.79,53.69,11.47,17.41,73.28,0.0,1.74,5,2,2,2,40,1,2,188.9,0,0.0,1,2,3,168.13,2,0.0,443.61,0.0,395.59,0.0,303.13,389.91,2,47,0,1,3,2,5352,0,67,3,91,340.53,2,468.46,119.34,371.52,447.01,443.67,1.0,371.52,0,1,66.8,0.0,0,0
18.5,82.5,26.9,45.2,27.9,6.1,1.27,17.3,31.5,183.0,190.5,2,2,80.72,2,2,1,25.07,6.1,36.94,55.31,11.19,17.92,76.22,0.0,1.74,5,2,2,2,20,1,2,205.7,0,0.0,1,2,3,182.52,2,0.0,451.8,0.0,426.53,0.0,314.63,440.44,2,47,0,1,3,2,3561,1,70,1,86,385.26,2,499.36,76.67,323.04,466.62,411.11,1.0,323.04,0,1,59.55,0.0,0,0
18.5,83.5,32.1,35.9,32.0,6.1,1.29,22.3,17.8,146.0,193.5,2,1,51.23,2,2,1,29.16,10.17,35.51,45.3,7.69,19.01,78.07,0.0,1.73,5,1,2,2,40,1,2,180.5,1,4.2,1,2,3,222.39,1,0.0,356.36,0.0,390.75,0.0,360.02,542.85,2,47,0,1,3,2,3343,0,62,5,70,479.44,2,570.53,76.67,231.46,519.46,360.17,1.0,231.46,0,2,65.6,0.0,0,0
18.5,84.0,30.7,33.4,35.9,6.5,1.32,21.0,30.6,234.0,198.0,2,1,46.66,2,1,1,29.16,10.17,35.51,45.3,7.69,19.01,78.07,0.0,1.74,5,2,2,2,40,1,2,180.5,1,4.2,1,2,3,228.48,1,0.0,310.95,0.0,346.76,0.0,391.31,530.08,2,47,0,1,3,2,7354,3,66,1,80,528.05,2,609.33,119.34,190.95,551.39,343.9,1.0,190.95,0,2,64.1,0.0,0,0
18.5,96.5,28.9,37.5,33.6,5.7,1.31,19.6,25.7,182.0,196.5,2,1,59.07,2,2,1,29.31,9.08,34.77,29.03,5.68,7.12,67.59,0.0,2.03,5,1,3,1,20,1,2,179.4,100,6.0,3,2,3,979.67,1,0.0,868.86,0.0,920.62,0.0,1168.9,958.4,2,47,0,1,3,2,197,0,39,2,84,868.99,2,892.37,972.78,723.21,814.36,855.01,1.0,814.36,0,1,67.55,0.0,0,0
18.5,96.0,27.7,40.6,31.8,5.6,1.18,20.2,40.9,258.0,177.0,2,2,68.26,2,2,1,29.31,9.08,34.77,29.03,5.68,7.12,67.59,0.0,2.03,5,1,3,1,20,1,2,179.4,100,6.0,3,2,3,959.31,1,0.0,845.01,0.0,873.65,0.0,1121.43,912.97,2,47,0,1,3,2,212,1,72,1,98,822.34,2,845.76,957.82,704.88,791.1,808.2,1.0,791.1,0,1,62.3,0.0,0,0
18.5,97.0,33.4,34.9,31.6,5.7,1.08,25.8,62.3,361.0,162.0,2,1,47.17,2,2,1,27.63,6.46,36.09,38.69,7.14,9.84,72.71,0.0,1.82,5,1,3,1,20,1,2,190.0,100,6.0,3,2,3,1002.24,1,0.0,895.29,0.0,968.12,0.0,1216.75,1004.47,2,47,0,1,3,2,20,2,6,0,7,916.23,2,939.56,990.17,744.69,840.41,902.41,1.0,840.41,0,2,67.1,0.0,0,0
19.0,74.0,38.1,34.1,27.9,7.0,1.48,30.7,22.3,162.0,222.0,2,1,39.53,1,1,1,26.24,6.86,36.9,59.97,16.66,18.13,70.29,0.0,1.82,5,3,3,1,20,2,2,197.5,11,5.2,2,3,1,250.14,1,0.0,777.59,0.0,999.0,0.0,513.97,116.15,0,39,1,1,2,2,36351,3,79,2,44,382.64,1,662.79,865.2,393.26,407.72,437.44,0.0,999.0,1,3,66.8,0.0,0,0
19.0,75.0,43.8,29.6,26.6,7.2,1.47,43.8,13.1,136.0,220.5,3,1,21.44,0,1,3,27.83,7.07,37.08,23.45,5.01,17.86,58.76,0.0,1.81,5,2,3,1,20,2,2,181.1,3,4.5,2,3,1,250.14,1,0.0,693.07,0.0,999.0,0.0,458.26,221.0,0,39,1,1,0,2,106205,1,65,1,85,443.05,1,575.21,836.19,457.03,496.95,525.66,0.0,999.0,1,3,63.05,0.0,0,0
19.0,77.0,40.0,33.1,26.9,7.4,1.58,36.9,10.9,134.0,237.0,2,1,34.75,0,1,1,28.99,7.08,38.68,28.51,6.06,17.49,57.38,0.0,1.8,5,1,3,1,40,2,2,174.1,3,4.4,1,3,1,348.76,1,0.0,547.3,0.0,999.0,0.0,411.56,238.24,0,39,1,1,0,2,3375,0,51,18,65,275.4,2,423.15,642.35,618.36,524.31,532.78,0.0,999.0,1,3,71.8,0.0,0,0
19.0,79.0,33.5,26.6,39.9,7.0,1.51,26.9,13.2,143.0,226.5,2,1,26.3,0,1,1,29.36,7.74,39.67,31.93,7.79,14.8,60.55,0.0,1.77,5,1,3,1,40,2,2,175.2,0,0.0,1,3,1,325.55,1,0.0,457.31,0.0,999.0,0.0,365.43,185.59,0,39,1,1,0,1,14297,0,74,4,48,137.08,2,337.62,436.19,624.83,402.93,419.26,0.0,999.0,0,2,77.3,0.0,0,0
19.0,79.5,35.7,26.2,38.1,7.0,1.56,34.7,13.8,127.0,234.0,2,1,22.66,0,1,1,29.88,7.02,41.15,35.72,8.89,13.19,61.92,0.0,1.77,5,1,3,1,60,2,2,173.6,0,0.0,1,3,1,301.4,1,0.0,447.94,0.0,392.79,0.0,328.51,206.91,0,39,1,1,0,2,5196,1,75,6,27,135.07,2,333.58,385.45,613.42,384.37,402.83,1.0,613.42,0,2,72.6,0.0,0,0
19.0,80.0,36.2,26.9,37.0,6.9,1.43,26.1,17.2,158.0,214.5,2,1,23.81,2,1,1,30.03,7.51,40.99,42.56,10.56,11.5,64.04,0.0,1.77,5,1,3,1,60,1,2,174.2,0,0.0,1,2,3,285.16,1,0.0,444.78,0.0,389.18,0.0,296.23,238.24,0,39,0,1,3,2,2997,0,71,3,48,152.25,2,337.62,335.31,561.44,372.21,392.64,1.0,561.44,0,2,70.1,0.0,0,0
19.0,80.5,31.1,36.4,32.5,6.0,1.41,18.2,27.5,143.0,211.5,2,1,53.68,2,2,1,28.78,8.03,39.6,49.09,11.65,9.59,67.65,0.0,1.77,5,2,2,2,40,1,2,182.3,0,0.0,1,2,3,261.45,2,0.0,447.94,0.0,392.79,0.0,270.25,276.19,2,47,0,1,3,2,2927,0,36,0,91,183.32,2,349.46,286.11,509.55,367.09,389.18,1.0,509.55,0,2,63.1,0.0,0,0
19.0,81.0,31.6,38.7,29.7,6.6,1.47,19.7,22.5,191.0,220.5,2,1,58.83,2,1,1,27.17,6.37,39.91,53.49,12.09,12.25,71.36,0.0,1.77,5,2,2,2,40,1,2,192.4,0,0.0,1,2,3,237.94,2,0.0,457.31,0.0,403.4,0.0,252.52,318.41,2,47,0,1,3,2,2265,0,71,1,93,222.52,2,368.35,238.41,457.78,369.3,392.64,1.0,457.78,0,2,64.85,0.0,0,0
19.0,81.5,25.2,41.3,33.5,5.8,1.34,30.7,36.9,211.0,201.0,2,2,73.01,2,2,1,27.17,6.37,39.91,53.49,12.09,12.25,71.36,0.0,1.77,5,2,2,2,40,1,2,192.4,0,0.0,1,2,3,224.64,2,0.0,472.5,0.0,420.51,0.0,244.85,363.41,2,47,0,1,3,2,7075,0,63,0,85,266.29,2,393.26,193.34,406.19,378.7,402.83,1.0,406.19,0,1,58.3,0.0,0,0
19.0,82.0,30.7,34.9,34.4,6.5,1.41,35.9,21.1,175.0,211.5,2,1,50.41,2,1,1,26.63,5.54,40.15,54.94,12.32,16.57,73.87,0.0,1.75,5,2,2,2,40,1,2,196.0,0,0.0,1,2,3,223.39,2,0.0,484.58,0.0,443.34,0.0,248.17,410.27,2,47,0,1,3,2,100084,0,84,7,39,312.72,2,423.15,153.24,354.85,394.79,403.21,1.0,354.85,0,2,62.85,0.0,0,0
19.0,83.0,27.5,38.2,34.3,6.1,1.27,16.2,27.5,219.0,190.5,2,1,62.5,2,2,1,25.96,6.35,38.05,51.3,10.2,18.16,74.37,0.0,1.67,5,1,2,2,20,1,2,200.1,0,0.0,1,2,3,174.81,1,0.0,383.33,0.0,413.53,0.0,284.98,507.52,2,47,0,1,3,2,7160,1,59,1,97,409.89,2,494.08,111.19,253.54,443.83,335.45,1.0,253.54,0,1,69.3,0.0,0,0
19.0,84.5,29.0,46.0,25.1,6.3,1.26,19.1,32.9,250.0,189.0,2,2,80.2,2,2,1,28.2,10.13,34.27,48.47,8.45,16.89,80.24,0.0,1.74,5,2,2,2,20,1,2,185.4,1,4.2,1,2,3,196.9,1,0.0,237.29,0.0,271.97,0.0,360.01,457.94,2,47,0,1,3,2,3441,0,75,0,42,547.03,2,558.37,193.34,114.47,547.03,279.74,1.0,114.47,0,1,61.55,0.0,0,0
19.0,94.5,27.6,38.9,33.5,5.5,1.18,25.6,46.6,350.0,177.0,2,1,64.13,2,2,1,27.56,10.21,29.52,40.48,9.52,9.67,77.91,0.0,1.79,5,1,3,1,0,1,2,190.0,100,6.0,3,2,3,858.76,1,0.0,845.15,0.0,708.26,0.0,955.3,749.71,2,47,0,1,3,2,174,4,77,1,97,657.43,2,680.86,873.33,615.83,794.76,643.08,1.0,794.76,0,1,69.3,0.0,0,0
19.0,95.0,31.4,37.9,30.8,6.1,1.27,21.9,30.6,220.0,190.5,2,1,57.07,2,2,1,30.02,10.38,33.26,19.94,4.57,14.35,66.93,0.0,1.87,5,1,3,1,20,1,2,175.5,100,6.0,3,2,3,872.39,1,0.0,858.96,0.0,754.58,0.0,1002.42,794.12,2,47,0,1,3,2,780,0,51,1,98,703.28,2,726.7,880.79,623.99,807.28,689.13,1.0,807.28,0,2,67.1,0.0,0,0
19.0,95.5,34.6,38.1,27.4,6.5,1.33,20.4,42.5,229.0,199.5,2,1,53.73,2,1,1,30.26,9.51,34.89,18.57,4.01,13.39,63.57,0.0,1.87,5,1,3,1,20,1,2,172.8,100,6.0,3,2,3,888.77,1,0.0,875.84,0.0,801.61,0.0,1049.98,839.4,2,47,0,1,3,2,691,0,51,1,98,749.94,2,773.31,891.13,636.25,823.1,735.98,1.0,823.1,0,2,68.85,0.0,0,0
19.5,74.0,46.1,23.7,30.2,6.9,1.46,43.6,17.9,167.0,219.0,3,1,3.93,1,1,3,26.48,6.66,37.3,60.72,17.23,16.96,67.92,0.0,1.82,5,3,3,1,20,2,2,195.2,3,4.3,1,3,1,196.09,1,0.0,809.97,0.0,999.0,0.0,559.23,123.71,0,39,1,1,2,2,12804,4,68,7,18,335.11,1,635.8,917.79,347.15,378.17,406.95,0.0,999.0,1,3,62.3,0.0,0,0
19.5,76.5,44.9,24.7,30.4,7.5,1.6,41.8,14.1,137.0,240.0,3,1,7.87,0,1,3,28.83,6.86,39.14,28.7,6.1,15.04,56.67,0.0,1.81,5,1,3,1,40,2,2,174.1,3,4.4,1,3,1,281.43,1,0.0,623.24,0.0,999.0,0.0,468.94,314.68,0,39,1,1,0,2,7067,3,63,0,100,303.01,2,417.81,704.38,544.21,527.51,532.57,0.0,999.0,1,3,64.05,0.0,0,0
19.5,77.0,44.7,26.2,29.1,7.2,1.57,41.4,10.9,129.0,235.5,3,1,11.86,0,1,3,28.95,7.02,38.77,30.01,6.97,16.23,57.28,0.0,1.8,5,1,3,1,40,2,2,174.2,3,4.4,1,3,1,321.96,1,0.0,593.13,0.0,999.0,0.0,467.14,282.06,0,39,1,1,0,2,4719,2,54,0,99,252.83,2,380.57,653.36,589.49,486.56,493.19,0.0,999.0,1,3,64.8,0.0,0,0
19.5,77.5,44.2,28.0,27.8,7.1,1.61,38.3,11.8,138.0,241.5,3,1,16.96,0,1,3,28.9,6.71,39.52,31.48,7.84,17.17,58.55,0.0,1.8,5,1,3,1,40,2,2,175.7,2,4.4,1,3,1,365.43,1,0.0,566.4,0.0,999.0,0.0,467.35,256.22,0,39,1,1,0,2,2659,5,61,0,95,203.71,2,347.15,602.61,635.8,447.89,456.32,0.0,999.0,1,3,64.05,0.0,0,0
19.5,78.0,42.5,31.2,26.3,7.0,1.53,38.6,12.4,133.0,229.5,3,1,27.0,0,1,3,29.11,6.64,40.3,32.84,8.33,17.06,59.44,0.0,1.78,5,1,3,1,40,2,2,175.5,0,0.0,1,3,1,392.9,1,0.0,543.56,0.0,999.0,0.0,420.21,239.39,0,39,1,1,0,2,2318,1,66,0,96,156.67,2,318.75,552.22,682.93,412.14,422.62,0.0,999.0,0,3,66.3,0.0,0,0
19.5,78.5,39.0,26.0,35.0,7.0,1.55,38.2,12.2,150.0,232.5,2,1,18.2,0,1,1,29.24,6.45,41.13,34.09,8.81,14.99,60.73,0.0,1.78,5,1,3,1,40,2,2,175.9,0,0.0,1,3,1,400.73,1,0.0,525.1,0.0,999.0,0.0,374.39,233.51,0,39,1,1,0,2,3987,0,82,3,55,114.28,2,296.79,502.29,691.32,380.14,392.9,0.0,999.0,0,2,76.05,0.0,0,0
19.5,79.0,37.6,24.3,38.1,7.0,1.54,33.7,20.8,159.0,231.0,2,1,15.63,0,1,1,29.24,6.45,41.13,34.09,8.81,14.99,60.73,0.0,1.77,5,1,3,1,40,2,2,175.9,0,0.0,1,3,1,374.03,1,0.0,511.51,0.0,999.0,0.0,330.45,239.39,0,39,1,1,0,2,2467,0,65,2,35,83.92,2,282.81,452.98,660.27,352.92,368.13,0.0,999.0,0,2,76.05,0.0,0,0
19.5,79.5,37.2,28.6,34.2,7.0,1.52,29.5,18.6,181.0,228.0,2,1,26.86,0,1,1,29.57,6.6,41.56,39.15,10.36,12.63,62.09,0.0,1.77,5,1,3,1,60,2,2,175.3,0,0.0,1,3,1,353.28,1,0.0,503.18,0.0,447.93,0.0,289.24,256.22,0,39,1,1,0,2,2933,0,69,1,75,80.6,2,277.99,404.5,607.94,331.65,349.36,1.0,607.94,0,2,72.6,0.0,0,0
19.5,81.0,34.2,41.2,24.7,6.0,1.41,29.2,25.6,268.0,211.5,2,2,61.96,2,2,1,26.86,5.73,40.08,52.63,12.28,12.6,69.69,0.0,1.77,5,1,2,2,40,1,2,193.7,0,0.0,1,2,3,283.9,2,0.0,511.51,0.0,457.24,0.0,199.11,352.21,2,47,0,1,3,2,1283,0,63,1,79,194.09,2,318.75,268.63,450.97,314.11,337.6,1.0,450.97,0,2,60.35,0.0,0,0
19.5,82.0,28.3,43.6,28.1,6.3,1.43,28.6,20.7,181.0,214.5,2,2,75.04,2,2,1,26.04,5.51,39.82,53.25,12.26,17.25,73.0,0.0,1.75,5,1,2,2,40,1,2,199.4,0,0.0,1,2,3,192.17,2,0.0,474.2,0.0,492.74,0.0,193.58,436.8,2,47,0,1,3,2,3707,2,61,0,97,292.91,2,380.57,197.25,346.39,343.63,366.73,1.0,346.39,0,1,58.8,0.0,0,0
19.5,82.5,28.1,43.0,28.9,6.4,1.43,30.5,22.0,190.0,214.5,2,2,73.78,2,2,1,26.72,6.15,39.62,53.49,12.08,17.08,72.18,0.0,1.75,5,1,2,2,40,1,2,195.2,0,0.0,1,2,3,152.58,2,0.0,422.28,0.0,448.04,0.0,211.04,482.19,2,47,0,1,3,2,1309,0,45,0,98,343.61,2,417.81,174.9,294.14,368.62,326.85,1.0,294.14,0,1,58.8,0.0,0,0
19.5,83.0,29.5,36.9,33.6,5.9,1.25,21.6,33.7,259.0,187.5,2,1,56.85,2,2,1,26.48,5.84,39.21,49.01,10.59,15.69,72.23,0.0,1.67,5,1,2,2,40,1,2,196.6,0,0.0,1,2,3,122.86,1,0.0,370.48,0.0,396.94,0.0,238.82,494.7,2,47,0,1,3,2,6827,0,61,1,2,394.72,2,456.32,166.79,241.95,398.84,290.86,1.0,241.95,0,1,66.05,0.0,0,0
19.5,83.5,26.9,42.6,30.5,5.9,1.3,16.3,31.7,271.0,195.0,2,2,74.22,2,2,1,27.22,6.3,39.74,48.51,9.7,15.07,73.08,0.0,1.67,5,2,2,2,40,1,2,192.4,0,0.0,1,2,3,111.19,1,0.0,318.84,0.0,346.19,0.0,273.8,461.54,2,47,0,1,3,2,3088,0,62,2,49,433.2,2,493.19,174.9,189.86,433.2,260.36,1.0,189.86,0,1,58.3,0.0,0,0
19.5,84.5,28.9,40.1,31.0,5.7,1.2,19.5,48.5,288.0,180.0,2,2,65.57,2,2,1,27.38,6.79,39.2,50.04,9.42,15.46,76.85,0.0,1.74,5,2,2,2,40,1,2,191.3,1,3.9,1,2,3,152.58,1,0.0,216.56,0.0,246.62,0.0,309.1,407.08,2,47,0,1,3,2,2123,1,71,1,90,510.89,2,526.44,222.39,86.7,510.89,224.57,1.0,86.7,0,1,58.3,0.0,0,0
19.5,94.0,32.4,30.7,37.0,6.2,1.02,28.5,36.1,277.0,153.0,2,1,37.87,2,2,1,29.11,14.3,23.59,70.54,17.53,17.08,79.28,0.0,1.79,5,1,3,1,0,1,2,180.4,100,6.8,3,2,3,793.33,1,0.0,786.8,0.0,635.8,0.0,883.74,675.57,2,47,0,1,3,2,400,0,32,0,1,584.49,2,607.91,813.33,556.36,785.05,570.34,1.0,742.97,0,2,67.6,0.0,0,0
19.5,95.5,26.3,48.6,25.1,6.6,1.36,14.0,35.5,181.0,204.0,2,2,89.94,2,1,1,29.91,9.1,35.04,17.85,3.67,13.89,62.78,0.0,1.87,5,1,3,1,20,1,2,174.0,100,6.8,3,2,3,836.63,1,0.0,928.14,0.0,779.02,0.0,1028.0,813.27,2,47,0,1,3,2,429,3,78,0,100,726.76,2,749.97,837.03,582.92,780.04,713.25,1.0,875.76,0,1,63.3,0.0,0,0
20.0,73.5,43.5,26.0,30.4,6.6,1.45,37.0,20.3,239.0,217.5,3,1,12.8,1,1,3,26.46,6.53,37.46,58.04,16.63,17.63,66.13,0.0,1.72,2,3,3,1,20,1,2,194.3,4,4.3,1,3,1,169.23,1,0.0,885.34,0.0,999.0,0.0,634.68,118.19,0,39,1,1,2,2,71488,0,58,0,83,260.13,1,661.29,987.61,271.48,306.57,334.57,0.0,999.0,1,3,64.3,0.0,0,0
20.0,74.5,43.7,24.6,31.7,7.3,1.58,39.9,11.4,152.0,237.0,3,1,9.06,0,1,3,27.26,6.38,38.33,30.46,7.12,17.21,60.94,0.0,1.77,5,2,3,1,20,1,2,186.1,3,4.3,1,3,1,133.43,1,0.0,805.61,0.0,999.0,0.0,581.16,195.25,0,39,1,1,0,2,4584,0,77,0,69,326.27,1,564.63,920.77,341.76,404.18,430.76,0.0,999.0,1,3,66.8,0.0,0,0
20.0,75.5,49.0,24.5,26.5,7.2,1.52,40.8,13.3,134.0,228.0,3,1,2.45,0,1,3,27.85,6.5,38.37,28.38,5.95,16.44,57.87,0.0,1.77,5,2,3,1,20,1,2,180.1,1,4.1,1,3,1,169.23,1,0.0,732.56,0.0,999.0,0.0,543.25,290.23,0,39,1,1,0,2,26567,0,69,4,67,397.42,2,471.0,819.18,425.96,504.39,529.91,0.0,999.0,1,3,66.8,0.0,0,0
20.0,77.5,44.0,25.6,30.4,7.0,1.61,36.6,11.8,124.0,241.5,3,1,11.2,0,1,3,28.71,5.66,40.54,32.78,8.42,15.83,58.54,0.0,1.77,5,1,3,1,40,1,2,176.6,0,0.0,1,3,1,318.49,1,0.0,615.9,0.0,999.0,0.0,447.1,307.69,0,39,1,1,0,2,3246,5,58,0,100,189.27,2,304.23,619.48,612.67,410.78,417.03,0.0,999.0,1,3,65.3,0.0,0,0
20.0,78.0,41.9,30.2,27.9,7.1,1.61,37.0,11.1,100.0,241.5,3,1,25.22,0,1,3,29.29,5.62,42.44,34.95,9.18,16.85,59.05,0.0,1.75,5,1,3,1,60,1,2,174.3,0,0.0,1,3,1,346.74,1,0.0,595.03,0.0,999.0,0.0,397.74,293.86,0,39,1,1,0,2,2129,0,46,1,98,137.56,2,271.48,570.74,661.29,371.61,379.98,0.0,999.0,0,3,64.55,0.0,0,0
20.0,79.0,41.0,27.3,31.8,7.1,1.6,34.2,11.7,119.0,240.0,3,1,19.05,0,1,3,29.55,5.19,43.28,36.23,9.63,14.9,59.97,0.0,1.74,5,1,3,1,60,1,2,173.8,0,0.0,1,3,1,417.03,1,0.0,565.99,0.0,999.0,0.0,301.72,293.86,0,39,1,1,0,2,18497,5,77,17,69,38.42,2,228.37,475.69,659.71,304.85,318.49,0.0,999.0,0,2,66.55,0.0,0,0
20.0,79.5,34.2,25.4,40.4,7.1,1.6,34.2,12.1,141.0,240.0,2,1,22.46,0,1,1,29.63,5.81,42.86,42.43,11.55,13.44,61.72,0.0,1.74,5,1,3,1,60,1,2,174.7,0,0.0,1,3,1,406.14,1,0.0,558.5,0.0,503.17,0.0,256.08,307.69,0,39,1,1,0,1,187247,2,70,8,71,30.51,2,222.39,429.93,607.5,280.03,296.67,1.0,607.5,0,2,75.1,0.0,0,0
20.0,80.5,35.6,30.0,34.4,5.9,1.49,25.6,21.7,165.0,223.5,2,1,32.28,2,2,1,28.12,6.59,40.75,50.97,12.99,10.84,66.55,0.0,1.75,5,1,2,2,40,1,2,185.4,0,0.0,1,2,3,317.86,1,0.0,558.5,0.0,503.17,0.0,175.82,357.69,0,39,0,1,3,2,494,0,47,0,98,127.26,2,245.42,344.29,503.11,255.96,277.99,1.0,503.11,0,2,70.1,0.0,0,0
20.0,81.0,37.1,34.8,28.1,5.8,1.51,17.9,24.3,161.0,226.5,2,1,42.48,2,2,1,26.84,5.18,40.7,51.5,12.53,14.08,69.45,0.0,1.75,5,1,2,2,40,1,2,193.8,0,0.0,1,2,3,266.66,1,0.0,565.99,0.0,511.45,0.0,147.32,391.02,0,39,0,1,3,2,2028,0,38,0,94,178.9,2,271.48,306.05,450.95,259.09,282.77,1.0,450.95,0,2,70.1,0.0,0,0
20.0,82.5,31.6,35.9,32.6,6.7,1.44,26.2,15.3,152.0,216.0,2,1,51.83,2,1,1,27.42,4.06,42.41,49.85,11.9,14.45,69.73,0.0,1.7,5,1,2,2,40,1,2,190.5,0,0.0,1,2,3,118.21,1,0.0,417.95,0.0,439.69,0.0,163.03,493.58,0,39,0,1,3,2,12860,0,87,0,96,322.84,2,379.98,228.52,294.74,322.84,291.57,1.0,294.74,0,2,70.6,0.0,0,0
20.0,83.0,29.5,40.8,29.7,6.5,1.35,21.4,30.5,183.0,202.5,2,2,66.6,2,1,1,27.92,5.55,41.17,47.29,11.05,15.51,69.54,0.0,1.69,5,2,2,2,40,1,2,187.7,0,0.0,1,2,3,76.24,1,0.0,365.71,0.0,387.67,0.0,197.58,454.59,0,39,0,1,3,2,12896,0,53,2,8,356.85,2,417.03,222.39,242.85,356.85,250.7,1.0,242.85,0,1,62.55,0.0,0,0
20.0,84.0,30.4,36.0,33.5,5.8,1.22,20.3,37.2,246.0,183.0,2,1,53.52,2,2,1,27.0,5.16,40.49,49.7,10.96,15.75,71.62,0.0,1.63,5,2,2,2,40,1,2,193.4,1,3.9,1,2,3,76.24,1,0.0,261.22,0.0,283.81,0.0,283.2,385.74,0,39,0,1,3,2,1300,0,65,1,94,435.55,2,499.07,174.71,140.0,435.55,186.38,1.0,140.0,0,2,65.6,0.0,0,0
20.0,84.5,26.5,39.7,33.9,5.9,1.28,19.1,39.9,225.0,192.0,2,1,67.45,2,2,1,27.06,5.59,40.24,51.96,10.51,15.39,73.54,0.0,1.63,5,3,2,2,40,1,2,193.4,1,3.9,1,2,3,118.21,1,0.0,208.98,0.0,232.06,0.0,260.13,357.63,0,39,0,1,3,2,1362,2,77,2,93,478.48,2,498.67,166.79,90.08,478.48,169.68,1.0,90.08,0,1,63.55,0.0,0,0
20.0,85.0,28.5,39.3,32.2,6.1,1.27,17.3,32.8,204.0,190.5,2,1,64.05,2,2,1,28.83,8.05,39.12,53.3,10.49,18.04,75.81,0.0,1.61,5,3,2,2,40,1,2,182.9,1,3.9,1,2,3,166.07,1,0.0,156.73,0.0,180.57,0.0,237.39,335.21,0,39,0,1,3,2,7592,0,54,0,78,465.98,2,452.81,174.71,45.8,523.03,168.08,2.0,45.8,0,1,62.5,0.0,0,0
20.0,86.0,30.7,29.7,39.6,6.5,1.28,18.4,23.7,213.0,192.0,2,1,37.41,2,1,1,29.13,12.97,27.45,57.96,10.87,22.63,83.08,0.0,1.61,5,4,2,2,10,1,2,178.4,1,3.9,1,2,3,266.66,1,1.0,52.24,1.0,80.33,0.0,223.36,312.03,0,39,0,1,3,2,109023,3,64,6,33,376.39,2,365.96,228.35,80.45,615.57,208.3,1.0,80.45,0,2,62.35,0.0,0,0
20.0,94.0,27.5,39.6,32.9,5.5,1.2,21.8,34.2,309.0,180.0,2,1,66.0,2,2,1,27.92,10.64,28.85,62.08,15.87,12.91,77.56,0.0,1.82,5,1,3,1,0,1,2,188.0,100,6.8,3,2,3,738.81,1,0.0,783.6,0.0,612.67,0.0,861.61,648.11,0,39,0,1,3,2,69,1,51,0,42,560.51,2,583.77,757.84,500.8,729.94,546.9,1.0,733.86,0,1,72.55,0.0,0,0
20.0,94.5,31.2,40.4,28.5,6.5,1.35,22.6,26.1,191.0,202.5,2,2,63.56,2,1,1,27.61,7.69,33.99,35.09,8.33,11.68,72.42,0.0,1.82,5,1,3,1,10,1,2,190.0,100,6.8,3,2,3,751.05,1,0.0,835.83,0.0,661.29,0.0,910.3,694.84,0,39,0,1,3,2,2528,0,57,1,97,608.9,2,632.06,762.97,505.53,724.57,595.53,1.0,785.7,0,2,67.35,0.0,0,0
20.0,95.0,32.4,35.8,31.7,6.6,1.31,20.0,30.6,123.0,196.5,2,1,50.62,2,1,1,29.96,9.07,35.1,20.25,4.19,13.23,64.2,0.0,1.87,5,1,3,1,20,1,2,174.6,100,6.8,3,2,3,766.5,1,0.0,888.06,0.0,710.37,0.0,959.31,742.24,0,39,0,1,3,2,852,0,52,0,94,657.84,2,680.87,771.44,515.38,722.77,644.67,1.0,837.57,0,2,71.35,0.0,0,0
20.0,95.5,30.7,36.6,32.7,6.7,1.34,17.4,22.8,177.0,201.0,2,1,54.66,2,1,1,29.9,8.95,34.75,15.68,2.86,15.44,61.19,0.0,1.87,5,1,3,1,20,1,2,173.0,100,6.8,3,2,3,784.97,1,0.0,940.29,0.0,759.83,0.0,1008.6,790.19,0,39,0,1,3,2,69,0,38,0,52,707.19,2,730.11,783.14,530.06,724.57,694.22,1.0,889.47,0,2,69.35,0.0,0,0
20.0,96.5,27.4,41.1,31.5,5.5,1.13,20.7,44.5,319.0,169.5,2,2,69.87,2,2,1,28.64,8.95,33.79,20.99,3.61,11.19,62.67,0.0,1.83,5,1,3,1,20,1,2,180.4,100,6.0,3,2,3,830.12,1,0.0,1018.51,0.0,859.59,0.0,1107.83,887.37,0,39,0,1,3,2,2008,2,61,1,90,799.15,1,806.25,815.65,572.3,738.81,773.53,1.0,964.88,0,1,64.8,0.0,0,0
20.0,97.0,28.0,41.6,30.4,6.1,1.27,15.0,25.7,227.0,190.5,2,2,70.4,2,2,1,24.11,5.36,32.89,32.5,5.96,8.0,73.23,0.0,1.82,5,1,3,1,0,1,2,211.4,100,5.8,3,2,3,856.38,1,0.0,1040.97,0.0,909.81,0.0,1157.73,936.48,0,39,0,1,3,2,1632,3,85,0,53,820.68,1,830.12,836.1,598.96,751.05,793.15,1.0,986.78,0,1,66.55,0.0,0,0
20.5,74.0,46.1,23.2,30.7,6.7,1.54,38.6,11.5,154.0,231.0,3,1,2.68,1,1,3,26.95,6.67,37.69,53.54,15.63,17.82,64.69,0.0,1.77,5,2,3,1,20,1,2,190.7,5,4.3,1,4,1,93.58,1,0.0,881.66,0.0,999.0,0.0,654.53,146.99,1,44,1,1,2,2,7124,0,62,0,8,250.23,1,593.84,984.65,266.04,339.25,364.21,0.0,999.0,1,3,64.3,0.0,0,0
20.5,74.5,43.2,25.3,31.6,7.4,1.51,40.6,10.4,130.0,226.5,3,1,11.41,0,1,3,27.28,5.95,38.98,30.46,7.45,17.57,60.27,0.0,1.77,5,2,3,1,20,1,2,185.4,4,4.3,1,4,1,77.84,1,0.0,844.34,0.0,999.0,0.0,631.48,193.04,1,44,1,1,0,2,2165,1,72,1,97,290.91,1,544.31,934.43,308.12,390.34,414.76,0.0,999.0,1,3,64.3,0.0,0,0
20.5,75.5,51.5,24.4,24.1,7.1,1.43,45.0,18.4,132.0,214.5,3,1,0.1,0,1,3,28.24,6.11,39.68,28.98,6.45,18.57,57.35,0.0,1.77,5,1,3,1,40,1,2,177.6,1,4.1,1,3,1,129.83,1,0.0,775.17,0.0,999.0,0.0,596.87,291.16,1,44,1,1,0,2,24369,3,46,1,99,365.18,1,446.81,834.83,399.21,493.07,516.7,0.0,999.0,1,3,64.05,0.0,0,0
20.5,76.5,50.4,23.9,25.7,7.1,1.53,44.6,13.4,150.0,229.5,3,1,0.1,0,1,3,28.34,5.5,40.89,30.28,7.22,17.22,57.28,0.0,1.78,5,1,3,1,40,1,2,177.1,1,4.1,1,3,1,221.92,1,0.0,715.03,0.0,999.0,0.0,535.62,392.27,1,44,1,1,0,2,13335,2,71,0,99,290.05,1,352.8,736.7,495.25,469.26,469.76,0.0,999.0,1,3,64.8,0.0,0,0
20.5,77.0,45.7,23.7,30.5,7.3,1.62,44.1,12.1,109.0,243.0,3,1,4.41,0,1,3,28.88,5.72,40.97,31.22,7.82,16.28,56.82,0.0,1.77,5,1,3,1,40,1,2,174.0,0,0.0,1,3,1,245.27,1,0.0,689.1,0.0,999.0,0.0,484.28,379.08,1,44,1,1,0,2,76477,0,56,0,52,242.09,2,308.12,688.39,544.31,423.02,424.91,0.0,999.0,1,3,64.8,0.0,0,0
20.5,79.0,42.2,22.7,35.1,7.2,1.6,39.7,14.1,173.0,240.0,3,1,6.11,0,1,3,29.38,4.26,44.33,37.18,9.91,14.26,59.8,0.0,1.74,5,1,3,1,60,1,2,174.5,1,4.3,1,3,1,381.8,1,0.0,620.66,0.0,999.0,0.0,281.16,348.69,1,44,1,1,0,2,26057,11,66,27,58,45.73,2,174.66,503.54,663.8,259.8,271.18,0.0,999.0,0,2,63.3,0.0,0,0
20.5,79.5,41.7,22.8,35.5,7.2,1.61,36.8,14.3,159.0,241.5,3,1,6.96,0,1,3,29.36,4.64,44.1,44.16,11.98,14.13,61.66,0.0,1.74,5,1,3,1,60,1,2,176.0,1,4.3,1,3,1,416.6,1,0.0,613.86,0.0,558.48,0.0,231.68,360.39,1,44,1,1,0,2,80826,3,59,16,76,39.34,2,166.79,460.7,612.11,230.28,245.27,1.0,612.11,0,2,63.6,0.0,0,0
20.5,80.0,38.8,22.3,38.9,7.2,1.56,32.5,14.5,172.0,234.0,2,1,9.19,2,1,1,28.96,5.59,42.75,49.18,13.22,13.62,64.02,0.0,1.75,5,1,3,1,60,1,2,179.6,1,4.3,1,2,3,364.53,1,0.0,611.57,0.0,555.97,0.0,183.58,379.08,1,44,0,1,3,2,7170,1,58,6,30,80.24,2,174.66,420.04,560.51,209.57,228.33,1.0,560.51,0,2,68.85,0.0,0,0
20.5,80.5,38.7,30.2,31.1,5.9,1.32,29.1,45.3,258.0,198.0,2,1,29.06,2,2,1,28.17,4.93,42.68,49.75,12.95,14.82,66.21,0.0,1.75,5,1,2,2,40,4,2,185.0,0,0.0,1,2,3,312.46,1,0.0,613.86,0.0,558.48,0.0,138.29,403.79,1,44,0,0,3,2,1042,0,42,0,100,129.48,2,196.36,382.28,509.04,200.42,222.39,1.0,509.04,0,2,60.85,0.0,0,0
20.5,81.5,33.3,41.3,25.4,6.7,1.5,19.9,17.9,182.0,225.0,2,2,63.29,2,1,1,27.65,4.21,42.56,49.87,12.64,16.42,67.62,0.0,1.75,5,1,2,2,40,4,2,188.5,0,0.0,1,2,3,208.31,1,0.0,524.54,0.0,542.38,0.0,78.53,467.26,1,44,0,0,3,2,35879,0,61,1,9,220.77,2,266.04,319.48,406.64,220.77,245.27,1.0,406.64,0,2,55.35,0.0,0,0
20.5,82.0,36.7,37.7,25.6,6.1,1.39,24.5,27.6,150.0,208.5,2,1,50.21,2,2,1,27.58,3.51,43.21,49.2,12.42,16.74,67.5,0.0,1.7,5,1,2,2,40,4,2,188.8,0,0.0,1,2,3,156.23,1,0.0,472.71,0.0,490.33,0.0,88.24,503.76,1,44,0,0,3,2,6574,0,56,1,88,247.11,2,303.75,282.33,355.88,247.11,271.18,1.0,355.88,0,2,58.85,0.0,0,0
20.5,83.5,31.4,35.9,32.6,6.7,1.43,22.4,16.1,166.0,214.5,2,1,52.07,2,1,1,27.99,4.76,42.02,50.39,11.95,16.0,69.52,0.0,1.69,5,2,2,2,40,4,2,187.3,2,4.8,2,2,3,0.0,1,0.0,317.86,0.0,334.24,0.0,212.22,378.49,1,44,0,0,3,2,2989,0,76,2,53,360.81,2,424.91,152.12,207.95,360.81,174.86,1.0,207.95,0,2,55.6,0.0,0,0
20.5,93.0,31.9,33.4,34.7,5.7,1.27,24.6,34.7,273.0,190.5,2,1,45.22,2,2,1,27.85,9.0,31.88,99.26,25.04,12.73,80.03,0.0,1.76,5,1,3,1,10,1,2,187.6,100,6.8,3,2,3,669.11,1,0.0,680.32,0.0,495.25,0.0,744.26,529.91,1,44,0,1,3,2,404,4,58,0,83,442.91,2,466.1,702.37,452.3,679.51,429.48,1.0,624.87,0,2,68.85,0.0,0,0
20.5,94.5,31.7,39.7,28.6,6.6,1.37,23.4,20.6,163.0,205.5,2,1,61.21,2,1,1,28.42,8.05,34.87,32.98,7.52,10.73,66.31,0.0,1.82,5,1,3,1,20,1,2,183.7,100,6.8,3,2,3,697.6,1,0.0,836.34,0.0,643.73,0.0,892.12,672.62,1,44,0,1,3,2,401,3,59,0,67,591.0,2,613.76,707.88,450.55,669.11,578.32,1.0,780.89,0,2,69.35,0.0,0,0
20.5,95.0,31.9,40.6,27.5,6.9,0.0,21.8,36.5,183.0,0.0,2,0,63.22,2,1,2,29.72,8.46,35.17,17.85,3.28,13.41,62.6,0.0,1.87,5,1,3,1,20,1,2,174.9,100,6.8,3,2,3,714.15,1,0.0,888.38,0.0,693.89,0.0,941.92,721.32,1,44,0,1,3,2,835,0,50,0,96,641.14,2,663.76,716.97,461.54,667.17,628.65,1.0,832.89,0,2,59.6,0.0,0,0
20.5,95.5,29.2,42.7,28.1,7.0,1.29,23.0,54.0,159.0,193.5,2,2,71.71,2,1,1,29.64,8.35,34.98,13.36,2.15,14.75,59.72,0.0,1.87,5,1,3,1,20,1,2,173.1,100,6.8,3,2,3,733.87,1,0.0,940.42,0.0,744.28,0.0,991.9,770.41,1,44,0,1,3,2,63,0,44,1,50,691.53,2,714.02,729.5,477.82,669.11,679.21,1.0,884.9,0,1,65.3,0.0,0,0
20.5,97.0,32.7,37.7,29.7,5.6,1.12,16.5,34.3,266.0,168.0,2,1,55.01,2,2,1,23.27,3.6,34.09,23.7,4.18,9.64,70.87,0.0,1.82,5,1,3,1,0,1,2,215.9,100,6.6,3,2,3,809.55,1,0.0,1090.86,0.0,896.4,0.0,1142.74,919.39,1,44,0,1,3,2,18561,1,80,1,67,771.06,1,781.82,785.89,553.02,697.6,742.59,1.0,1036.93,0,2,69.6,0.0,0,0
21.0,70.5,29.1,37.5,33.4,7.0,1.5,21.4,11.4,125.0,225.0,2,1,58.83,2,1,1,28.75,9.53,33.96,30.54,10.2,18.68,68.32,0.0,1.69,2,2,3,1,20,1,2,182.7,10,5.1,2,2,3,303.26,1,0.0,1205.4,0.0,1174.4,0.0,926.54,147.84,1,44,1,1,2,1,78586,6,61,17,73,33.06,1,863.66,1228.98,190.91,33.06,34.93,1.0,166.79,0,2,66.65,0.0,0,0
21.0,71.0,35.2,33.5,31.3,7.1,1.52,23.2,10.4,142.0,228.0,2,1,41.51,2,1,1,29.1,10.0,33.62,30.0,9.5,19.97,65.52,0.0,1.71,2,2,3,1,20,1,2,179.7,9,5.1,2,2,3,270.87,1,0.0,1161.77,0.0,1129.69,0.0,888.76,146.02,1,44,1,1,2,2,44198,1,62,7,83,23.55,1,826.54,1201.41,151.88,23.55,53.23,1.0,174.6,0,3,62.85,0.0,0,0
21.0,71.5,33.4,30.4,36.1,7.1,1.46,25.1,18.3,142.0,219.0,2,1,35.92,2,1,1,29.1,10.0,33.62,30.0,9.5,19.97,65.52,0.0,1.71,2,2,3,1,20,1,2,179.7,12,5.1,2,2,3,245.12,1,0.0,1118.94,0.0,1085.71,0.0,852.58,136.68,1,44,1,1,2,1,31519,1,74,1,95,73.49,1,790.97,1175.62,122.64,73.49,99.12,1.0,196.18,0,3,68.6,0.0,0,0
21.0,73.0,37.8,35.9,26.3,7.0,1.52,27.9,18.5,181.0,228.0,2,1,44.39,1,1,1,29.56,7.8,38.51,59.99,18.45,16.37,65.03,0.0,1.74,2,2,3,1,40,1,2,177.1,6,4.3,1,4,1,157.19,1,0.0,996.19,0.0,999.0,0.0,755.87,30.41,1,44,1,1,2,2,71667,0,70,0,47,138.62,1,681.55,1099.67,151.88,228.57,251.11,1.0,307.37,0,3,69.1,0.0,0,0
21.0,74.0,44.5,28.3,27.2,6.9,1.55,38.7,11.9,159.0,232.5,3,1,17.35,1,1,3,28.25,7.37,38.15,49.34,14.7,17.69,62.99,0.0,1.73,5,2,3,1,40,1,2,182.6,4,4.3,1,4,1,56.44,1,0.0,920.44,0.0,999.0,0.0,703.92,126.46,1,44,1,1,2,2,9214,0,72,0,54,216.89,1,579.74,1000.35,234.9,332.26,354.16,0.0,999.0,0,3,62.55,0.0,0,0
21.0,76.5,46.2,25.6,28.1,7.4,1.55,40.6,10.8,127.0,232.5,3,1,8.56,0,1,3,29.11,6.06,41.8,31.48,7.96,17.2,56.5,0.0,1.74,5,1,3,1,40,1,2,172.6,1,4.1,1,3,1,174.6,1,0.0,762.85,0.0,999.0,0.0,529.52,384.47,1,44,1,1,0,2,20064,0,51,0,99,249.75,1,329.68,758.46,478.63,447.69,445.49,0.0,999.0,0,3,66.3,0.0,0,0
21.0,78.0,42.5,23.6,33.9,7.4,1.61,47.5,12.8,122.0,241.5,3,1,8.0,0,1,3,29.05,4.01,43.62,36.15,9.71,15.97,57.45,0.0,1.74,5,1,3,1,40,1,2,173.9,0,0.0,1,3,1,265.48,1,0.0,699.85,0.0,999.0,0.0,374.12,403.73,1,44,1,1,0,2,117338,1,69,1,90,155.51,2,190.91,621.16,630.58,305.12,307.37,0.0,999.0,0,3,65.05,0.0,0,0
21.0,79.0,45.1,17.1,37.9,7.3,1.58,45.6,13.7,139.0,237.0,3,1,0.1,0,1,3,28.95,3.59,44.41,37.27,9.85,14.33,59.23,0.0,1.73,5,1,3,1,40,1,2,176.1,1,4.3,1,3,1,351.86,1,0.0,675.49,0.0,999.0,0.0,270.64,403.73,1,44,1,1,0,2,225259,1,75,2,42,83.81,2,122.64,535.72,672.47,219.63,227.63,0.0,999.0,0,2,67.8,0.0,0,0
21.0,79.5,40.7,17.8,41.4,7.4,1.57,46.3,15.6,158.0,235.5,3,1,0.1,0,1,3,29.15,3.59,44.83,43.7,11.66,14.96,60.37,0.0,1.73,5,1,3,1,60,1,2,176.1,1,4.3,1,3,1,398.08,1,0.0,669.26,0.0,613.84,0.0,218.98,413.84,1,44,1,1,0,2,34517,4,73,11,58,80.55,2,111.19,495.8,621.67,183.9,196.18,1.0,621.67,0,2,63.6,0.0,0,0
21.0,80.5,43.6,23.1,33.3,6.3,1.55,29.9,14.9,154.0,232.5,3,1,5.43,2,2,3,28.23,3.77,43.78,47.7,12.45,13.49,64.08,0.0,1.71,5,1,2,2,40,4,2,183.4,1,4.3,1,2,3,316.86,1,0.0,634.69,0.0,613.84,0.0,116.26,452.03,1,44,0,0,3,2,9115,0,65,0,99,144.92,2,151.88,418.24,520.85,144.92,166.79,1.0,520.85,0,2,53.85,0.0,0,0
21.0,84.0,36.8,25.8,37.4,6.6,1.46,25.6,16.3,205.0,219.0,2,1,20.34,2,1,1,28.83,5.56,42.39,50.15,12.41,16.07,67.97,0.0,1.63,5,2,2,2,40,4,2,182.1,2,4.8,2,2,3,76.12,1,0.0,283.13,0.0,291.52,0.0,216.89,302.61,1,44,0,0,3,2,21057,0,65,0,86,379.95,2,445.49,76.0,198.15,379.95,99.82,1.0,198.15,0,2,56.85,0.0,0,0
21.0,84.5,33.3,35.3,31.4,6.4,1.42,21.9,19.8,179.0,213.0,2,1,48.29,2,2,1,28.44,4.04,43.34,52.51,12.0,16.21,69.57,0.0,1.63,5,2,2,2,40,4,2,184.8,2,4.8,2,2,3,117.91,1,0.0,236.12,0.0,241.78,0.0,174.51,266.12,1,44,0,0,3,2,10800,3,65,1,80,428.18,2,458.53,55.6,166.89,428.18,63.7,1.0,166.89,0,2,53.1,0.0,0,0
21.0,85.0,32.0,39.3,28.7,6.3,1.4,16.8,19.0,153.0,210.0,2,1,59.85,2,2,1,28.24,4.53,42.87,52.94,11.37,16.96,73.12,0.0,1.53,5,3,2,2,40,4,2,186.5,3,4.8,2,2,3,165.59,1,0.0,191.76,0.0,193.25,0.0,138.62,235.34,1,44,0,1,3,2,10336,1,61,1,85,425.88,2,408.55,76.0,147.9,477.14,59.34,1.0,147.9,0,2,68.35,0.0,0,0
21.0,85.5,27.5,37.6,34.9,5.9,1.25,19.8,38.1,205.0,187.5,2,1,61.0,2,2,1,28.16,5.24,42.07,54.54,10.97,17.28,76.28,0.0,1.53,5,3,2,2,40,4,2,186.8,3,4.5,2,2,3,215.27,1,0.0,152.35,0.0,147.13,0.0,115.45,212.78,1,44,0,1,3,2,3651,2,60,0,100,375.78,2,359.05,117.61,146.05,526.61,91.4,1.0,146.05,0,1,68.8,0.0,0,0
21.0,86.5,42.8,22.5,34.7,6.5,1.31,17.2,28.3,205.0,196.5,3,1,4.89,2,1,3,28.54,6.37,40.99,57.36,10.57,15.48,78.1,0.0,1.52,5,3,2,2,40,4,2,184.1,3,4.5,2,2,3,282.71,1,0.0,111.19,1.0,80.57,0.0,132.7,202.53,1,44,0,1,3,2,3730,0,50,1,92,277.41,2,262.65,214.59,191.17,605.99,184.74,1.0,61.74,0,2,62.35,0.0,0,0
21.0,86.0,37.0,31.4,31.5,6.2,1.33,17.6,22.5,182.0,199.5,2,1,34.1,2,2,1,28.54,6.37,40.99,57.36,10.57,15.48,78.1,0.0,1.52,5,3,2,2,40,4,2,184.1,3,4.5,2,2,3,265.83,1,0.0,122.79,0.0,106.6,0.0,113.1,201.21,1,44,0,1,3,2,5162,2,52,0,98,326.2,2,310.28,165.09,161.93,576.47,136.22,1.0,109.14,0,2,68.35,0.0,0,0
21.0,94.0,28.7,33.9,37.3,5.5,1.05,19.9,48.1,392.0,157.5,2,1,50.31,2,2,1,24.46,4.22,34.31,46.84,11.47,6.84,73.21,0.0,1.77,5,1,3,1,0,1,2,209.2,100,6.8,3,2,3,630.32,1,0.0,788.94,0.0,579.74,0.0,826.78,604.86,1,44,0,1,3,2,27679,1,63,1,97,527.03,2,549.32,646.93,389.72,619.97,515.0,1.0,728.1,0,1,70.05,0.0,0,0
21.0,94.5,24.4,46.4,29.2,6.6,1.41,19.3,23.5,202.0,211.5,1,2,86.72,2,1,1,28.37,8.55,34.15,28.39,6.03,12.59,61.98,0.0,1.77,5,1,3,1,20,1,2,181.2,100,6.8,3,2,3,644.52,1,0.0,840.52,0.0,630.58,0.0,877.08,654.36,1,44,0,1,3,2,5418,0,64,0,97,577.91,2,600.06,652.88,395.74,613.68,566.05,1.0,779.99,0,1,70.55,0.0,0,0
21.0,95.0,27.6,44.3,28.1,6.9,1.34,21.9,44.9,178.0,201.0,2,2,77.63,2,1,1,29.95,9.08,34.45,14.78,2.3,15.4,59.22,0.0,1.84,5,1,3,1,20,1,2,171.3,100,6.8,3,2,3,662.33,1,0.0,892.14,0.0,681.55,0.0,927.51,704.16,1,44,0,1,3,2,30775,1,64,0,95,628.93,2,644.52,662.69,408.16,611.57,617.22,1.0,831.89,0,1,63.3,0.0,0,0
21.0,96.5,31.7,33.8,34.5,6.2,1.22,20.3,32.5,298.0,183.0,2,1,46.46,2,2,1,28.85,8.69,33.92,11.67,1.72,12.25,57.2,0.0,1.82,5,1,3,1,20,1,2,174.6,100,5.8,3,2,3,734.54,1,0.0,1047.27,0.0,834.99,0.0,1079.45,854.85,1,44,0,1,3,2,2536,0,75,1,92,697.92,1,707.64,713.32,477.58,630.32,670.4,1.0,987.6,0,2,68.35,0.0,0,0
21.0,96.0,31.7,31.8,36.5,6.7,1.32,21.2,28.6,141.0,198.0,2,1,41.46,2,1,1,28.85,8.69,33.92,11.67,1.72,12.25,57.2,0.0,1.82,5,1,3,1,20,1,2,174.6,100,6.8,3,2,3,707.64,1,0.0,995.53,0.0,783.77,0.0,1028.72,804.45,1,44,0,1,3,2,871,10,46,1,83,676.48,1,683.47,693.14,449.81,619.97,651.23,1.0,935.69,0,2,68.6,0.0,0,0
21.5,70.0,24.1,38.0,37.9,7.1,1.44,22.0,15.1,132.0,216.0,1,1,66.08,2,1,1,29.06,9.62,33.76,29.42,9.69,18.04,67.63,0.0,1.69,2,3,3,1,20,1,2,180.8,53,5.4,3,2,3,306.61,1,0.0,1278.94,0.0,1247.16,0.0,1002.27,121.35,1,44,1,1,2,1,41443,1,72,3,69,94.06,1,866.52,1303.95,213.91,94.06,65.98,1.0,122.56,0,2,69.6,0.0,0,0
21.5,70.5,27.6,38.4,34.0,6.2,1.4,27.3,31.8,265.0,210.0,2,1,62.88,2,2,1,28.94,6.34,40.68,29.76,9.59,16.55,61.73,0.0,1.69,2,3,3,1,40,1,2,178.2,56,5.4,3,2,3,264.92,1,0.0,1235.79,0.0,1202.99,0.0,964.69,94.19,1,44,1,1,2,1,65404,5,69,12,70,54.26,1,826.56,1275.87,164.59,54.26,24.53,1.0,111.19,0,2,57.85,0.0,0,0
21.5,71.0,29.7,39.2,31.1,7.2,1.42,24.5,9.5,112.0,213.0,2,1,62.36,2,1,1,29.26,6.49,40.88,28.85,8.78,17.52,58.58,0.0,1.71,2,2,3,1,40,1,2,174.0,27,5.1,2,2,3,227.26,1,0.0,1193.4,0.0,1159.53,0.0,928.58,91.32,1,44,1,1,2,1,19505,1,67,3,80,49.07,1,787.85,1249.42,117.29,49.07,47.01,1.0,122.56,0,2,64.9,0.0,0,0
21.5,71.5,24.5,36.7,38.8,7.2,1.48,30.4,9.4,138.0,222.0,1,1,62.35,2,1,1,29.26,6.49,40.88,28.85,8.78,17.52,58.58,0.0,1.71,2,2,3,1,40,1,2,174.0,14,5.1,2,2,3,195.99,1,0.0,1151.87,0.0,1116.85,0.0,894.12,114.58,1,44,1,1,2,1,15673,1,64,6,91,85.07,1,750.58,1224.71,75.88,85.07,95.79,1.0,151.63,0,2,71.35,0.0,0,0
21.5,72.0,26.9,39.7,33.3,7.1,1.59,30.1,9.5,131.0,238.5,2,1,66.97,2,1,1,29.71,7.5,38.25,30.59,9.05,18.27,60.38,0.0,1.73,2,2,3,1,40,1,2,173.3,12,5.1,2,2,3,174.55,1,0.0,1111.29,0.0,1075.07,0.0,861.52,89.31,1,44,1,1,2,1,115742,2,77,2,91,59.31,1,714.98,1201.84,55.6,132.04,146.64,1.0,190.47,0,2,66.1,0.0,0,0
21.5,73.0,35.9,35.0,29.1,6.8,1.54,30.3,11.4,123.0,231.0,2,1,44.42,1,1,1,29.74,7.19,40.05,48.94,14.87,17.95,61.75,0.0,1.74,2,2,3,1,40,1,2,174.2,6,4.7,2,4,1,158.89,1,0.0,1033.43,0.0,999.0,0.0,802.73,39.27,1,44,1,1,2,2,69497,0,70,0,37,99.59,1,649.87,1116.21,117.29,232.22,249.46,1.0,280.7,0,3,66.6,0.0,0,0
21.5,73.5,38.9,35.5,25.5,7.0,1.64,33.9,14.3,138.0,246.0,2,1,42.07,1,1,1,28.95,7.23,39.43,44.84,13.45,19.58,61.13,0.0,1.74,2,2,3,1,40,1,2,177.7,4,4.3,1,4,1,108.8,1,0.0,996.41,0.0,999.0,0.0,777.05,79.8,1,44,1,1,2,2,31198,0,53,0,4,145.32,1,621.01,1067.35,164.59,283.23,301.05,0.0,999.0,0,3,69.55,0.0,0,0
21.5,74.0,39.9,25.8,34.4,7.1,1.38,32.2,36.4,167.0,207.0,2,1,16.62,1,1,1,28.95,7.23,39.43,44.84,13.45,19.58,61.13,0.0,1.73,5,2,3,1,40,1,2,177.7,4,4.3,1,4,1,61.6,1,0.0,960.86,0.0,999.0,0.0,754.18,128.68,1,44,1,1,2,2,13816,0,68,0,91,194.04,1,570.72,1018.83,213.91,334.48,352.69,0.0,999.0,0,3,69.55,0.0,0,0
21.5,75.0,39.7,26.7,33.6,7.4,1.61,43.1,9.3,160.0,241.5,2,1,19.11,0,1,1,28.95,5.62,42.09,27.97,7.25,15.39,56.91,0.0,1.73,5,1,3,1,40,1,2,173.8,2,4.1,1,3,1,61.6,1,0.0,894.86,0.0,999.0,0.0,684.29,230.27,1,44,1,1,0,2,25134,0,59,0,94,294.47,1,468.05,923.03,314.78,437.37,456.05,0.0,999.0,0,3,73.3,0.0,0,0
21.5,77.0,44.8,22.6,32.6,7.2,1.61,42.9,16.1,164.0,241.5,3,1,2.74,0,1,3,28.33,5.09,42.07,37.04,10.05,15.73,57.2,0.0,1.73,5,1,3,1,40,1,2,177.0,1,4.1,1,3,1,151.63,1,0.0,789.06,0.0,999.0,0.0,477.54,436.23,1,44,1,1,0,2,50192,5,67,0,82,174.15,1,264.11,738.61,519.35,381.91,377.57,0.0,999.0,0,3,65.55,0.0,0,0
21.5,77.5,42.0,22.4,35.5,6.7,1.47,45.1,27.4,215.0,220.5,3,1,5.6,0,1,3,27.53,3.68,42.16,36.58,9.76,16.42,57.66,0.0,1.73,5,1,3,1,40,1,2,181.4,0,0.0,1,3,1,190.47,1,0.0,769.41,0.0,999.0,0.0,425.91,467.79,1,44,1,1,0,2,21837,0,69,0,70,138.44,1,213.91,694.7,570.72,331.96,328.66,0.0,999.0,0,3,65.05,0.0,0,0
21.5,78.5,48.3,13.9,37.8,7.4,1.59,51.7,11.3,118.0,238.5,3,1,0.1,0,1,3,28.27,3.61,43.47,38.64,10.27,15.67,58.21,0.0,1.74,5,1,3,1,40,1,2,178.4,1,4.3,1,3,1,280.7,1,0.0,739.9,0.0,999.0,0.0,322.77,455.9,1,44,1,1,0,2,6735,3,69,0,97,85.65,2,117.29,610.85,641.85,234.21,234.26,0.0,999.0,0,2,65.05,0.0,0,0
21.5,80.5,46.5,19.6,33.9,7.4,1.52,32.9,14.9,172.0,228.0,3,1,0.1,2,1,3,27.98,2.96,44.32,46.69,12.06,12.3,61.7,0.0,1.71,5,1,2,2,40,4,2,183.0,3,4.7,2,2,3,330.67,1,0.0,645.74,0.0,657.67,0.0,118.7,501.79,1,44,0,0,3,2,42080,1,65,1,98,89.55,2,117.29,413.82,538.16,89.55,111.19,1.0,538.16,0,2,53.1,0.0,0,0
21.5,81.5,41.5,20.8,37.8,7.4,1.62,34.2,11.6,164.0,243.0,3,1,2.2,2,1,3,28.32,2.88,45.45,45.69,11.55,13.0,62.67,0.0,1.71,5,1,2,2,60,4,2,182.0,0,0.0,1,2,3,235.52,1,0.0,545.97,0.0,556.37,1.0,34.93,505.14,1,44,0,0,3,2,364874,0,71,1,66,128.59,2,190.47,310.37,443.25,128.59,151.63,1.0,443.25,0,2,51.85,0.0,0,0
21.5,82.5,42.9,19.8,37.3,6.2,1.38,38.0,28.0,195.0,207.0,3,1,0.1,2,2,3,28.09,2.35,46.05,46.74,11.78,15.14,66.25,0.0,1.7,5,1,2,2,60,4,2,185.4,2,4.8,2,2,3,152.12,1,0.0,448.1,0.0,456.22,0.0,99.0,407.53,1,44,0,0,3,2,24684,0,66,4,56,215.26,2,280.7,206.91,353.53,215.26,234.26,1.0,353.53,0,2,46.35,0.0,0,0
21.5,81.0,38.2,21.3,40.6,7.3,1.58,33.8,16.4,138.0,237.0,2,1,7.41,2,1,1,28.32,2.88,45.45,45.69,11.55,13.0,62.67,0.0,1.71,5,1,2,2,60,4,2,182.0,2,4.3,1,2,3,282.33,1,0.0,595.68,0.0,606.91,0.0,70.53,525.84,1,44,0,0,3,2,10084,1,66,0,98,98.06,2,151.63,362.09,490.25,98.06,122.56,1.0,490.25,0,2,59.6,0.0,0,0
21.5,83.5,39.2,22.4,38.4,7.0,1.45,28.6,17.7,211.0,217.5,2,1,8.96,2,1,1,28.54,4.69,42.51,49.46,12.48,15.72,67.59,0.0,1.81,5,2,2,2,40,4,2,183.6,3,4.8,2,2,3,111.19,1,0.0,353.72,0.0,358.18,0.0,199.58,313.39,1,44,0,0,3,2,12297,2,65,5,95,312.13,2,377.57,103.46,274.15,312.13,134.49,1.0,274.15,0,2,55.6,0.0,0,0
21.5,84.5,36.4,31.6,32.0,6.4,1.38,25.1,20.4,160.0,207.0,2,1,35.32,2,2,1,28.12,3.52,43.38,51.16,12.19,16.22,69.28,0.0,1.63,5,2,2,2,40,4,2,186.5,3,4.8,2,2,3,152.12,1,0.0,266.58,0.0,264.63,0.0,145.32,227.04,1,44,0,0,3,2,897,0,58,0,99,412.07,2,447.55,0.0,216.78,412.07,31.04,1.0,216.78,0,2,50.1,0.0,0,0
21.5,84.0,37.4,21.7,40.9,6.8,1.44,26.5,17.4,176.0,216.0,2,1,9.37,2,1,1,28.54,4.69,42.51,49.46,12.48,15.72,67.59,0.0,1.63,5,2,2,2,40,4,2,183.6,2,4.8,2,2,3,122.71,1,0.0,308.85,0.0,310.59,0.0,194.04,268.75,1,44,0,0,3,2,9169,0,70,4,82,361.87,2,427.1,51.73,241.59,361.87,82.77,1.0,241.59,0,2,55.6,0.0,0,0
21.5,86.5,37.0,30.6,32.5,6.4,1.35,19.2,28.6,180.0,202.5,2,1,32.1,2,2,1,27.11,4.27,41.38,56.79,10.39,14.04,76.99,0.0,1.52,5,2,2,2,40,4,2,192.9,5,4.7,2,2,3,228.24,1,0.0,166.79,0.0,135.04,0.0,91.2,147.82,1,44,0,1,3,2,20466,1,74,8,53,262.09,2,243.96,206.91,235.92,561.65,175.88,1.0,102.97,0,2,58.85,0.0,0,0
21.5,92.0,31.2,33.6,35.3,5.7,1.2,22.7,31.1,225.0,180.0,2,1,46.56,2,2,1,28.36,15.46,18.64,188.31,43.42,20.59,85.82,0.0,1.67,5,1,3,1,0,1,2,181.1,97,5.7,3,2,3,558.29,1,0.0,595.68,0.0,365.72,0.0,612.21,390.65,1,44,0,1,3,2,17730,10,70,0,82,313.11,2,335.13,608.65,381.07,584.62,301.56,1.0,526.24,0,2,63.6,0.0,0,0
21.5,93.0,27.5,39.6,32.8,5.5,1.16,18.7,29.4,212.0,174.0,2,1,66.0,2,2,1,24.77,4.96,34.6,73.44,18.47,4.71,78.06,0.0,1.73,5,1,3,1,0,1,2,207.5,100,6.8,3,2,3,558.29,1,0.0,696.09,0.0,468.05,0.0,713.09,489.58,1,44,0,1,3,2,47,2,41,1,30,415.63,2,437.3,591.51,343.48,568.55,404.43,1.0,628.72,0,1,70.05,0.0,0,0
21.5,93.5,26.3,37.2,36.6,5.5,1.1,20.7,35.4,524.0,165.0,2,1,61.44,2,2,1,23.34,3.45,33.95,43.15,10.08,7.24,71.52,0.0,1.73,5,1,3,1,0,1,2,215.7,100,6.2,3,2,3,565.17,1,0.0,746.66,0.0,519.35,0.0,763.74,539.62,1,44,0,1,3,2,561,1,76,1,99,467.02,2,488.56,589.33,334.99,567.18,455.95,1.0,680.1,0,1,70.05,0.0,0,0
21.5,94.0,31.3,39.4,29.2,5.7,1.11,20.3,53.0,318.0,166.5,2,1,60.94,2,2,1,23.34,3.45,33.95,43.15,10.08,7.24,71.52,0.0,1.77,5,1,3,1,0,1,2,215.7,100,6.2,3,2,3,576.46,1,0.0,797.4,0.0,570.72,0.0,814.49,589.92,1,44,0,1,3,2,29171,1,63,0,98,518.46,2,539.89,591.51,334.21,565.17,507.49,1.0,731.54,0,2,69.6,0.0,0,0
21.5,94.5,27.7,41.8,30.6,6.8,1.38,20.2,24.4,164.0,207.0,2,2,71.26,2,1,1,28.4,8.33,34.5,22.5,4.32,13.67,58.8,0.0,1.77,5,1,3,1,20,1,2,178.3,100,6.2,3,2,3,591.9,1,0.0,848.3,0.0,622.12,0.0,865.33,640.41,1,44,0,1,3,2,359,0,65,1,95,569.94,2,576.46,597.99,341.19,558.29,559.06,1.0,783.04,0,1,65.3,0.0,0,0
21.5,95.5,35.5,36.4,28.1,6.8,0.0,21.1,46.7,187.0,0.0,2,0,48.4,2,1,2,31.1,8.69,36.29,10.71,1.59,15.5,53.73,0.0,1.84,5,1,3,1,20,1,2,160.8,100,5.6,3,2,3,633.94,1,0.0,950.43,0.0,725.02,0.0,967.21,741.81,1,44,0,1,3,2,1308,0,77,2,21,605.82,1,611.17,623.25,376.23,558.29,582.15,1.0,886.15,0,2,57.6,0.0,0,0
21.5,96.0,30.6,39.6,29.8,6.8,0.0,18.0,40.1,136.0,0.0,2,0,62.28,2,1,2,30.07,9.13,34.84,9.98,1.43,11.59,53.8,0.0,1.82,5,1,3,1,20,1,2,165.3,100,6.8,3,2,3,659.83,1,0.0,1001.63,0.0,776.51,0.0,1017.53,792.66,1,44,0,1,3,2,2790,1,68,0,96,625.48,1,633.94,641.55,402.45,565.17,599.17,1.0,937.75,0,2,59.6,0.0,0,0
21.5,96.5,29.7,43.4,26.9,5.9,1.25,18.5,32.8,261.0,187.5,2,2,72.86,2,2,1,30.07,9.13,34.84,9.98,1.43,11.59,53.8,0.0,1.82,5,1,3,1,20,1,2,165.3,100,6.8,3,2,3,688.5,1,0.0,1052.91,0.0,828.0,0.0,1067.24,843.6,1,44,0,1,3,2,444,0,84,1,87,648.52,1,659.83,663.22,433.16,576.46,619.88,1.0,989.38,0,1,63.55,0.0,0,0
21.5,97.0,27.6,38.6,33.8,5.6,1.24,15.6,22.8,186.0,186.0,2,1,63.38,2,2,1,25.79,4.63,35.92,10.64,1.55,6.8,61.27,0.0,1.81,5,1,3,1,10,1,2,194.1,93,5.8,3,2,3,719.61,1,0.0,1104.25,0.0,879.51,0.0,1117.09,894.59,1,44,0,1,3,2,70,0,69,0,68,669.92,1,688.5,687.95,467.46,591.9,643.94,1.0,1041.02,0,1,68.8,0.0,0,0
22.0,71.0,30.4,38.3,31.3,7.2,1.54,25.5,8.2,104.0,231.0,2,1,59.27,2,1,1,29.14,5.64,41.61,27.75,8.23,16.4,56.75,0.0,1.7,2,3,3,1,40,1,2,172.7,100,5.5,3,2,3,190.02,1,0.0,1226.72,0.0,1191.19,0.0,969.95,39.21,1,44,1,1,2,1,60595,0,66,3,43,75.76,3,751.26,1298.02,103.1,102.19,88.13,1.0,75.76,0,3,60.35,0.0,0,0
22.0,71.5,21.9,46.1,32.0,7.2,1.56,25.9,8.3,114.0,234.0,1,2,88.97,2,1,1,29.14,5.64,41.61,27.75,8.23,16.4,56.75,0.0,1.7,2,2,3,1,40,1,2,172.7,82,5.8,3,2,3,151.39,1,0.0,1186.48,0.0,1149.83,0.0,937.12,79.44,1,44,1,1,2,1,20090,0,64,1,98,72.17,1,712.23,1274.32,51.55,123.52,121.29,1.0,116.97,0,2,63.6,0.0,0,0
22.0,73.0,28.0,37.1,34.8,7.1,1.56,30.1,14.8,161.0,234.0,2,1,59.15,1,1,1,29.76,6.3,41.45,39.97,12.15,16.54,58.8,0.0,1.84,2,3,3,1,40,1,2,171.8,3,4.1,1,4,1,122.49,1,0.0,1072.25,0.0,999.0,0.0,850.65,91.33,1,44,1,1,2,1,58678,7,68,4,24,82.48,1,605.61,1135.2,103.1,248.56,259.96,1.0,263.22,0,2,67.1,0.0,0,0
22.0,74.0,37.5,30.3,32.2,7.1,1.56,29.1,15.6,166.0,234.0,2,1,30.75,1,1,1,29.05,6.35,40.9,40.11,12.13,17.99,58.47,0.0,1.7,5,2,3,1,40,1,2,174.9,2,4.1,1,4,1,102.88,1,0.0,1002.72,0.0,999.0,0.0,790.67,152.66,1,44,1,1,2,2,10967,0,77,0,68,185.58,1,546.64,1039.94,206.19,345.74,359.9,0.0,999.0,0,3,69.55,0.0,0,0
22.0,74.5,40.2,29.8,30.0,7.1,1.47,40.9,23.1,185.0,220.5,3,1,26.26,0,1,3,28.19,5.74,40.81,32.93,9.43,18.43,58.08,0.0,1.7,5,2,3,1,40,1,2,178.6,2,4.1,1,4,1,88.96,1,0.0,970.38,0.0,999.0,0.0,739.34,196.98,1,44,1,1,0,2,2277,0,67,0,100,237.12,1,515.47,992.99,257.74,395.52,410.5,0.0,999.0,0,3,62.55,0.0,0,0
22.0,75.5,40.8,31.7,27.5,7.4,1.56,44.3,9.8,132.0,234.0,3,1,30.29,0,1,3,28.79,4.64,43.64,31.24,8.74,14.16,55.63,0.0,1.69,5,1,3,1,60,1,2,173.1,1,4.1,1,2,1,75.76,1,0.0,911.39,0.0,999.0,0.0,636.85,292.97,1,44,1,1,0,2,7444,1,69,3,97,293.47,1,412.38,900.84,360.84,496.25,512.34,0.0,999.0,0,3,65.3,0.0,0,0
22.0,76.0,36.7,52.7,10.5,7.4,1.58,46.4,8.2,114.0,237.0,2,2,87.71,0,1,1,28.92,3.95,44.43,36.07,10.37,14.38,55.89,0.0,1.71,5,1,3,1,60,1,2,172.8,1,4.1,1,2,1,55.6,1,0.0,885.13,0.0,999.0,0.0,585.72,342.58,1,44,1,1,0,2,6272,0,69,0,100,243.14,1,360.84,855.82,412.38,474.9,466.43,0.0,999.0,0,3,67.05,0.0,0,0
22.0,77.5,46.8,15.9,37.3,6.8,1.44,46.4,25.0,210.0,216.0,3,1,0.1,0,1,3,27.68,3.74,42.65,42.08,11.93,14.71,56.93,0.0,1.7,5,1,3,1,40,1,2,179.9,0,0.0,1,2,1,164.08,1,0.0,821.72,0.0,999.0,0.0,433.1,493.97,1,44,1,1,0,2,3456,0,64,1,91,99.35,1,206.19,725.02,567.01,321.0,313.71,0.0,999.0,0,3,68.3,0.0,0,0
22.0,78.0,50.8,18.5,30.7,7.0,1.43,45.5,21.6,196.0,214.5,3,1,0.1,0,1,3,27.0,3.32,41.88,43.34,12.26,15.14,58.44,0.0,1.71,5,1,3,1,40,1,2,184.9,1,4.3,1,2,1,213.21,1,0.0,806.38,0.0,999.0,0.0,382.66,514.17,1,44,1,1,0,2,8941,0,63,3,71,63.59,1,154.65,673.56,580.42,269.84,263.22,0.0,999.0,0,3,66.3,0.0,0,0
22.0,78.5,45.0,18.3,36.7,7.3,1.63,47.0,12.7,164.0,244.5,3,1,0.1,0,1,3,26.85,2.35,43.35,43.02,11.91,16.11,58.73,0.0,1.71,5,1,3,1,40,1,2,186.0,1,4.3,1,2,1,263.22,1,0.0,794.25,0.0,999.0,0.0,332.61,511.5,1,44,1,1,0,2,5967,1,61,0,95,59.29,1,103.1,622.12,586.98,218.83,213.21,0.0,999.0,0,2,67.05,0.0,0,0
22.0,79.0,44.1,17.7,38.2,7.0,1.6,50.4,17.0,139.0,240.0,3,1,0.1,0,1,3,26.85,2.35,43.35,43.02,11.91,16.11,58.73,0.0,1.71,5,1,3,1,40,1,2,186.0,3,4.7,2,2,1,313.71,1,0.0,785.46,0.0,999.0,0.0,283.14,514.17,1,44,1,1,0,2,67630,8,58,27,70,45.51,2,51.55,570.72,597.75,168.12,164.08,0.0,999.0,0,2,63.05,0.0,0,0
22.0,80.0,41.4,16.0,42.6,7.2,1.62,37.7,18.6,180.0,243.0,3,1,0.1,2,1,3,27.73,2.79,44.41,47.7,12.73,14.74,60.09,0.0,1.67,5,1,3,1,40,1,2,182.9,3,4.7,2,2,3,399.21,1,0.0,710.37,0.0,719.99,0.0,187.82,535.04,1,44,0,1,3,2,24314,1,69,2,20,70.22,2,51.55,468.05,607.15,70.22,75.76,1.0,607.15,0,2,61.1,0.0,0,0
22.0,80.5,41.0,21.1,37.9,6.2,1.42,37.3,39.9,319.0,213.0,3,1,3.55,2,2,3,27.15,2.56,43.89,47.03,11.97,12.71,61.08,0.0,1.67,5,1,3,1,40,4,2,186.8,3,4.7,2,2,3,352.8,1,0.0,661.29,0.0,670.11,0.0,144.38,552.66,1,44,0,0,3,2,808104,6,75,26,58,34.91,2,75.76,416.83,560.47,34.91,55.6,1.0,560.47,0,2,49.9,0.0,0,0
22.0,81.0,39.9,21.6,38.5,6.1,1.34,36.1,32.7,208.0,201.0,2,1,6.12,2,2,1,27.93,2.91,44.7,45.0,10.84,12.69,60.52,0.0,1.67,5,1,3,1,40,4,2,182.3,4,5.0,2,2,3,308.12,1,0.0,612.67,0.0,620.55,0.0,108.45,541.9,1,44,0,0,3,2,80066,1,62,6,18,53.01,2,116.97,365.72,514.79,53.01,75.76,1.0,514.79,0,2,59.6,0.0,0,0
22.0,81.5,40.6,17.1,42.3,7.4,1.63,32.6,13.2,169.0,244.5,3,1,0.1,2,1,3,27.93,2.91,44.7,45.0,10.84,12.69,60.52,0.0,1.67,5,1,3,1,40,4,2,182.3,9,5.0,2,2,3,266.04,1,0.0,564.63,0.0,571.39,0.0,89.55,491.28,1,44,0,0,3,2,31534,1,52,0,91,98.51,2,164.08,314.78,470.42,98.51,116.97,1.0,470.42,0,2,54.35,0.0,0,0
22.0,83.0,44.2,20.6,35.2,7.4,1.63,38.3,15.4,185.0,244.5,3,1,0.1,2,1,3,28.14,2.44,45.7,47.86,11.87,14.92,65.79,0.0,1.61,5,1,3,1,60,4,2,184.9,6,4.9,2,2,3,174.66,1,0.0,425.96,0.0,427.72,0.0,169.89,340.78,1,44,0,0,3,2,9727,0,52,0,68,249.41,2,313.71,164.59,350.02,249.41,194.04,1.0,350.02,0,2,51.35,0.0,0,0
22.0,83.5,44.2,20.1,35.7,6.3,1.49,37.0,29.0,218.0,223.5,3,1,0.1,2,2,3,28.08,3.09,43.8,48.56,12.32,16.27,66.65,0.0,1.61,5,1,3,1,40,4,2,185.7,7,4.9,2,2,3,166.79,1,0.0,382.66,0.0,381.9,0.0,215.63,291.47,1,44,0,0,3,2,29474,0,54,0,83,300.52,2,364.46,117.29,316.84,300.52,145.32,1.0,316.84,0,2,50.6,0.0,0,0
22.0,85.0,37.8,30.9,31.4,6.4,1.39,26.5,20.2,194.0,208.5,2,1,31.89,2,2,1,27.11,2.26,43.85,50.62,11.84,16.09,69.45,0.0,1.53,5,2,3,1,40,4,2,192.2,4,4.8,2,2,3,228.0,1,0.0,271.48,0.0,258.48,0.0,82.48,152.09,1,44,0,1,3,2,3527,0,78,0,61,412.68,2,391.76,75.88,257.64,429.39,59.31,1.0,252.58,0,2,58.1,0.0,0,0
22.0,84.5,36.4,29.8,33.7,5.9,1.3,30.2,35.3,262.0,195.0,2,1,30.82,2,2,1,27.86,2.76,44.0,49.36,12.06,15.32,67.79,0.0,1.61,5,2,3,1,40,4,2,187.4,3,4.8,2,2,3,196.36,1,0.0,304.23,0.0,296.28,0.0,134.03,196.1,1,44,0,0,3,2,941,0,51,0,99,403.03,2,443.31,55.6,268.92,403.03,63.65,1.0,268.92,0,2,55.1,0.0,0,0
22.0,85.5,37.8,33.7,28.5,6.3,1.4,29.9,19.9,206.0,210.0,2,1,38.89,2,2,1,26.84,2.18,43.79,53.23,11.53,15.21,71.61,0.0,1.53,5,2,3,1,40,4,2,194.4,6,4.8,2,2,3,226.89,1,0.0,245.42,0.0,226.31,1.0,30.93,114.42,1,44,0,1,3,2,692,0,70,0,46,361.13,2,340.22,117.29,256.59,455.73,91.2,1.0,212.19,0,2,57.35,0.0,0,0
22.0,86.0,36.9,36.8,26.2,5.9,1.35,18.5,23.8,159.0,202.5,2,1,47.72,2,2,1,26.43,2.54,43.12,55.44,10.72,12.83,75.07,0.0,1.52,5,2,3,1,40,4,2,197.2,8,4.7,2,2,3,195.79,1,0.0,228.37,0.0,202.49,2.0,20.62,91.3,1,44,0,1,3,2,7099,1,60,0,90,309.6,2,288.67,164.59,265.89,485.99,135.83,1.0,177.82,0,2,58.1,0.0,0,0
22.0,88.5,35.9,5.8,58.2,6.6,1.05,20.0,32.3,378.0,63.0,2,1,0.1,2,1,2,28.43,7.59,35.07,64.87,13.01,18.05,81.19,0.0,1.54,5,3,0,3,20,4,2,183.6,8,4.8,2,2,3,226.89,1,0.0,304.23,4.0,0.0,0.0,249.01,67.51,1,44,0,1,3,2,68644,1,39,4,3,52.75,2,30.93,349.92,419.47,578.3,65.78,1.0,212.19,0,2,44.6,0.0,0,0
22.0,90.0,35.1,19.0,45.9,5.9,1.21,21.4,51.2,291.0,181.5,2,1,5.38,2,2,1,28.21,8.68,30.97,100.2,22.6,17.61,83.48,0.0,1.55,5,2,0,3,0,1,2,183.7,24,5.5,2,2,3,349.92,1,0.0,425.96,0.0,154.65,0.0,398.46,177.61,1,44,0,1,3,2,17844,1,88,0,36,103.73,2,123.72,490.63,477.44,595.27,95.48,1.0,342.66,0,2,66.35,0.0,0,0
22.0,90.5,31.9,25.5,42.6,5.7,1.06,22.9,33.9,353.0,159.0,2,1,25.47,2,2,1,28.35,11.31,25.87,141.1,33.57,19.27,85.25,0.0,1.55,5,2,0,3,0,1,2,181.6,33,5.5,2,2,3,395.75,1,0.0,471.0,0.0,206.19,0.0,449.0,226.11,1,44,0,1,3,2,2023,2,40,0,100,155.1,2,175.27,539.12,436.93,589.85,146.14,1.0,390.22,0,2,64.35,0.0,0,0
22.0,92.0,30.7,35.1,34.1,5.6,1.24,21.9,18.3,173.0,186.0,2,1,50.91,2,2,1,27.81,11.8,24.27,153.68,36.71,17.18,86.82,0.0,1.84,5,1,3,1,0,1,2,183.8,100,6.2,3,2,3,502.94,1,0.0,612.67,0.0,360.84,0.0,601.5,376.31,1,44,0,1,3,2,4802,5,54,1,96,309.6,2,329.91,554.91,333.3,530.79,300.02,1.0,537.58,0,2,66.1,0.0,0,0
22.0,92.5,32.0,36.4,31.6,5.3,1.13,24.1,47.0,420.0,169.5,2,1,52.6,2,3,1,25.99,6.3,33.31,102.16,25.03,6.17,83.75,0.0,1.84,5,1,3,1,0,1,2,197.6,100,6.2,3,2,3,500.38,1,0.0,661.29,0.0,412.38,0.0,652.51,427.03,1,44,0,1,3,2,3599,0,69,0,96,361.13,2,381.45,543.25,308.08,519.56,351.48,1.0,587.61,0,2,67.35,0.0,0,0
22.0,93.5,33.7,31.7,34.6,5.4,1.01,23.0,66.3,592.0,151.5,2,1,38.81,2,3,1,24.42,4.48,34.11,34.6,7.51,6.29,67.48,0.0,1.84,5,1,3,1,0,1,2,206.9,100,6.2,3,2,3,510.54,1,0.0,759.83,0.0,515.47,0.0,754.19,528.88,1,44,0,1,3,2,122,1,95,0,92,464.22,2,484.54,533.74,279.67,511.6,454.48,1.0,688.44,0,2,66.1,0.0,0,0
22.0,94.0,25.4,45.6,29.1,5.8,1.23,19.1,35.7,213.0,184.5,2,2,83.52,2,2,1,24.42,4.48,34.11,34.6,7.51,6.29,67.48,0.0,1.7,5,1,3,1,0,1,2,206.9,100,6.2,3,2,3,522.96,1,0.0,809.59,0.0,567.01,0.0,803.66,579.93,1,44,0,1,3,2,240,0,25,0,0,515.1,1,510.54,536.13,278.74,510.54,500.79,1.0,739.14,0,1,64.8,0.0,0,0
22.0,95.0,29.9,38.7,31.4,6.7,0.0,21.0,31.2,178.0,0.0,2,0,60.87,2,1,2,31.25,9.74,35.16,9.81,1.35,16.33,52.33,0.0,1.76,5,1,3,1,20,1,2,158.6,100,6.2,3,2,3,560.86,1,0.0,909.81,0.0,670.09,0.0,903.18,682.21,1,44,0,1,3,2,1767,2,62,0,94,536.56,1,539.87,554.91,303.81,500.38,514.94,1.0,840.91,0,1,58.05,0.0,0,0
22.0,94.5,25.7,43.3,31.0,6.5,1.29,15.6,27.5,195.0,193.5,2,2,77.41,2,1,1,28.64,7.8,35.47,16.74,2.82,10.85,57.54,0.0,1.7,5,1,3,1,20,1,2,175.9,100,6.2,3,2,3,539.87,1,0.0,859.59,0.0,618.55,0.0,853.34,631.05,1,44,0,1,3,2,634,0,36,0,19,523.49,1,522.96,543.25,287.04,502.94,505.38,1.0,789.97,0,1,65.3,0.0,0,0
22.0,95.5,31.5,36.4,32.1,6.8,0.0,17.4,42.5,164.0,0.0,2,0,53.2,2,1,2,31.63,9.08,36.57,9.4,1.36,15.78,51.51,0.0,1.76,5,1,3,1,40,1,2,156.1,100,5.9,3,2,3,585.5,1,0.0,960.2,0.0,721.62,0.0,953.17,733.41,1,44,0,1,3,2,489,0,53,1,98,553.97,1,560.86,570.83,327.77,502.94,529.2,1.0,891.95,0,2,54.35,0.0,0,0
22.0,96.0,30.7,41.4,28.0,6.4,1.33,15.8,23.5,146.0,199.5,2,2,66.66,2,2,1,30.0,9.11,35.36,9.25,1.47,11.84,53.54,0.0,1.7,5,1,3,1,20,1,2,165.3,100,5.6,3,2,3,613.33,1,0.0,1010.74,0.0,773.16,0.0,1003.27,784.63,1,44,0,1,3,2,11622,2,90,3,23,575.32,1,585.5,590.68,357.47,510.54,547.8,1.0,943.06,0,2,63.1,0.0,0,0
22.0,97.0,33.6,38.8,27.6,5.6,1.15,18.9,30.2,188.0,172.5,2,1,56.68,2,2,1,25.81,4.42,36.63,9.44,1.5,6.3,60.79,0.0,1.82,5,1,3,1,10,1,2,193.6,100,6.8,3,2,3,677.0,1,0.0,1112.18,0.0,876.22,0.0,1103.77,887.14,1,44,0,1,3,2,18,0,9,0,5,614.56,1,643.96,640.6,429.1,539.87,596.27,1.0,1045.48,0,2,68.35,0.0,0,0
22.5,70.5,21.4,50.2,28.4,7.1,1.57,24.6,7.4,93.0,235.5,1,2,99.82,2,1,1,28.98,5.36,40.74,25.25,7.6,16.71,60.45,0.0,1.71,2,3,3,1,40,1,2,177.0,100,5.5,3,3,3,212.49,1,0.0,1301.5,0.0,1265.51,0.0,1045.66,38.02,3,50,1,1,2,1,108812,1,69,1,53,0.0,3,759.13,1371.57,157.5,158.72,133.83,4.0,0.0,0,2,49.3,0.0,0,0
22.5,71.5,31.9,39.7,28.4,7.2,1.48,27.4,7.9,108.0,222.0,2,1,60.97,2,1,1,29.1,4.79,42.34,26.3,7.8,16.67,56.26,0.0,1.7,2,3,3,1,40,1,2,172.4,100,5.5,3,3,3,116.65,1,0.0,1222.63,0.0,1184.48,0.0,981.37,75.32,3,50,1,1,2,1,15179,3,62,22,54,91.0,1,676.27,1299.25,61.2,171.63,162.56,1.0,102.73,0,3,55.85,0.0,0,0
22.5,72.5,29.4,32.3,38.3,7.1,1.54,30.8,10.0,132.0,231.0,2,1,45.47,1,1,1,29.84,5.87,41.82,29.8,9.17,14.38,56.58,0.0,1.7,2,3,3,1,40,1,2,169.3,7,4.7,2,4,1,55.6,1,0.0,1147.97,0.0,1107.47,0.0,924.57,147.83,1,44,0,1,2,1,218860,1,58,0,96,63.59,1,599.08,1203.73,61.2,234.6,237.12,1.0,205.46,0,2,68.1,0.0,0,0
22.5,74.0,33.6,32.8,33.6,7.1,1.59,32.4,11.4,167.0,238.5,2,1,41.68,1,1,1,29.4,6.32,41.81,35.45,10.9,16.13,55.59,0.0,1.7,5,2,3,1,60,1,2,170.3,2,4.1,1,4,1,153.49,1,0.0,1045.85,0.0,999.0,0.0,797.48,190.35,1,44,0,1,2,1,24945,2,70,1,56,193.41,1,499.68,1063.51,207.93,365.2,375.29,0.0,999.0,0,3,67.8,0.0,0,0
22.5,75.5,45.2,16.6,38.3,7.6,1.63,49.1,10.2,96.0,244.5,3,1,0.1,0,1,3,28.19,4.33,43.43,32.57,9.3,15.27,55.28,0.0,1.69,5,1,3,1,40,1,2,175.5,1,4.1,1,3,1,51.37,1,0.0,958.94,0.0,999.0,0.0,645.88,313.91,1,44,0,1,0,2,93290,2,66,1,79,287.64,1,415.39,928.44,360.7,509.57,513.63,0.0,999.0,0,3,65.05,0.0,0,0
22.5,76.0,41.9,25.3,32.9,7.2,1.52,41.9,15.0,191.0,228.0,3,1,12.97,0,1,3,28.57,3.69,44.59,36.51,10.78,13.25,55.13,0.0,1.71,5,1,3,1,60,1,2,173.6,1,4.1,1,3,3,0.0,1,0.0,934.09,0.0,999.0,0.0,595.71,360.5,1,44,1,1,0,2,230847,0,64,7,25,236.28,1,364.46,883.23,411.82,473.41,462.27,0.0,999.0,0,3,59.05,0.0,0,0
22.5,76.5,38.7,23.7,37.6,7.3,1.66,38.5,8.4,94.0,249.0,2,1,12.81,0,1,1,28.57,3.69,44.59,36.51,10.78,13.25,55.13,0.0,1.71,5,1,3,1,60,1,2,173.6,1,4.1,1,3,1,51.37,1,0.0,911.61,0.0,999.0,0.0,545.8,408.29,1,44,1,1,0,2,5154,2,61,3,72,184.91,1,313.71,832.14,462.97,422.07,410.91,0.0,999.0,0,3,71.05,0.0,0,0
22.5,74.5,40.9,29.1,30.0,7.3,1.64,37.2,8.5,112.0,246.0,3,1,23.67,0,1,3,28.5,5.98,41.23,32.71,9.52,16.85,56.3,0.0,1.7,5,2,3,1,40,1,2,175.3,2,4.1,1,4,1,144.55,1,0.0,1014.99,0.0,999.0,0.0,746.8,227.33,1,44,0,1,0,2,5719,5,48,0,100,243.14,1,472.78,1017.81,258.7,412.48,423.89,0.0,999.0,0,3,61.8,0.0,0,0
22.5,77.0,35.5,25.2,39.3,7.3,1.66,32.9,10.4,122.0,249.0,2,1,20.4,0,1,1,28.82,3.74,45.14,41.47,12.58,12.69,55.45,0.0,1.7,5,1,3,1,60,1,2,172.8,1,4.1,1,3,1,102.73,1,0.0,891.67,0.0,999.0,0.0,496.24,456.91,1,44,1,1,0,2,2302,2,66,0,98,133.55,1,263.22,781.1,514.15,370.76,359.55,0.0,999.0,0,3,71.05,0.0,0,0
22.5,77.5,35.6,22.9,41.5,7.3,1.64,33.6,12.0,156.0,246.0,2,1,14.53,0,1,1,28.41,3.58,44.11,45.9,13.88,13.52,55.88,0.0,1.7,5,1,3,1,40,1,2,175.2,0,0.0,1,3,1,154.1,1,0.0,874.44,0.0,999.0,0.0,447.13,506.12,1,44,1,1,0,2,6742,2,74,3,57,82.18,1,213.21,730.13,522.62,319.46,308.19,0.0,999.0,0,3,74.05,0.0,0,0
22.5,78.0,43.3,21.8,34.9,6.6,1.51,33.1,22.8,198.0,226.5,3,1,2.54,0,1,3,27.98,4.1,42.38,47.35,14.0,12.51,57.53,0.0,1.71,5,1,3,1,40,1,2,179.1,1,4.3,1,3,1,205.46,1,0.0,860.09,0.0,999.0,0.0,398.66,555.76,1,44,1,1,0,2,285017,7,83,21,67,30.82,1,164.08,679.24,525.04,268.21,256.82,0.0,999.0,0,3,65.55,0.0,0,0
22.5,79.0,42.1,20.5,37.4,7.1,1.6,44.2,15.3,180.0,240.0,3,1,0.73,0,1,3,26.55,1.93,43.71,46.76,13.69,13.62,58.48,0.0,1.71,5,1,3,1,40,1,2,187.2,3,4.7,2,3,1,308.19,1,0.0,825.32,0.0,999.0,0.0,304.79,569.49,1,44,1,1,0,2,0,0,0,0,0,71.91,1,75.76,577.8,544.07,165.98,154.1,0.0,999.0,0,2,65.3,0.0,0,0
22.5,79.5,36.9,17.5,45.6,7.4,1.67,45.9,12.0,143.0,250.5,2,1,0.1,0,1,1,26.71,1.46,44.44,46.09,12.83,15.56,59.56,0.0,1.71,5,1,3,1,40,1,2,187.6,3,4.7,2,3,1,359.55,1,0.0,776.75,0.0,780.13,0.0,260.51,576.64,1,44,1,1,0,2,1590,2,55,1,97,91.31,2,51.37,527.32,560.19,115.25,102.73,1.0,677.36,0,2,69.85,0.0,0,0
22.5,80.0,38.1,16.3,45.6,7.4,1.67,43.7,14.7,147.0,250.5,2,1,0.1,2,1,1,27.3,1.81,45.31,47.88,13.04,15.79,59.93,0.0,1.67,5,1,3,1,40,1,2,184.9,4,5.0,2,3,3,410.91,1,0.0,728.61,0.0,735.41,0.0,219.46,588.35,1,44,0,1,3,2,5862,2,60,2,90,65.57,2,0.0,477.06,580.26,65.57,51.37,1.0,631.76,0,2,60.35,0.0,0,0
22.5,80.5,46.4,14.8,38.8,7.4,1.61,40.1,15.6,191.0,241.5,3,1,0.1,2,1,3,26.68,1.53,44.83,47.38,12.04,14.18,60.62,0.0,1.67,5,1,3,1,40,4,2,188.8,4,5.0,2,3,3,381.8,1,0.0,681.02,0.0,686.82,0.0,183.8,585.84,1,44,0,0,3,2,405541,2,64,13,7,24.5,2,51.37,427.1,587.2,24.5,0.0,1.0,587.2,0,2,46.35,0.0,0,0
22.5,70.0,25.1,40.5,34.4,6.9,1.5,21.7,10.9,142.0,225.0,2,2,71.13,2,1,1,28.87,8.45,33.98,22.61,6.96,16.47,68.75,0.0,1.71,2,4,3,1,20,1,2,182.2,100,5.5,3,3,3,262.32,1,0.0,1342.29,0.0,1307.31,0.0,1080.21,85.2,3,50,1,1,2,1,0,0,0,0,0,51.37,3,802.15,1397.58,145.99,176.23,147.09,1.0,51.37,0,2,54.1,0.0,0,0
22.5,82.5,42.5,17.4,40.1,7.4,1.56,37.0,14.0,182.0,234.0,3,1,0.1,2,1,3,27.48,1.49,45.97,45.82,11.08,13.04,63.8,0.0,1.68,5,1,3,1,40,4,2,187.2,8,5.0,2,3,3,245.27,1,0.0,499.07,0.0,498.87,0.0,171.82,381.14,1,44,0,0,3,2,3661,0,60,2,79,196.59,2,256.82,234.26,425.77,196.59,205.46,1.0,425.77,0,2,53.1,0.0,0,0
22.5,82.0,41.7,19.4,38.9,7.1,1.49,33.8,22.1,189.0,223.5,3,1,0.1,2,1,3,27.35,1.71,45.18,45.25,11.01,13.08,60.93,0.0,1.68,5,1,3,1,40,4,2,185.6,9,5.0,2,3,3,271.18,1,0.0,542.86,0.0,544.56,0.0,150.33,432.27,1,44,0,0,3,2,0,0,0,0,0,145.63,2,205.46,280.7,462.7,145.63,154.1,1.0,462.7,0,2,53.1,0.0,0,0
22.5,83.0,46.5,20.4,33.0,6.9,1.46,40.2,27.0,237.0,219.0,3,1,0.1,2,1,3,27.05,1.21,45.5,47.85,11.89,13.83,65.02,0.0,1.61,5,1,3,1,40,4,2,190.3,7,4.9,2,3,3,228.33,1,0.0,456.95,0.0,454.47,0.0,204.38,330.06,1,44,0,0,3,2,1643,0,67,1,77,244.23,2,308.19,190.47,392.24,247.73,216.34,1.0,392.24,0,2,53.1,0.0,0,0
22.5,84.5,37.8,26.0,36.2,6.4,1.43,30.1,20.3,208.0,214.5,2,1,19.64,2,2,1,27.1,2.45,44.04,48.75,12.01,15.59,66.8,0.0,1.61,5,2,3,1,40,4,2,191.1,5,4.8,2,3,3,245.27,1,0.0,346.74,0.0,334.23,0.0,138.09,177.61,1,44,0,0,3,2,518,0,51,0,93,382.02,2,446.0,111.19,322.21,356.67,115.42,1.0,322.21,0,2,53.85,0.0,0,0
22.5,84.0,36.2,23.4,40.4,6.6,1.45,36.0,24.2,210.0,217.5,2,1,15.06,2,1,1,26.67,1.56,44.63,48.08,12.15,16.47,66.3,0.0,1.61,5,1,3,1,40,4,2,193.2,8,4.9,2,3,3,228.33,1,0.0,379.98,0.0,371.43,0.0,173.4,228.21,1,44,0,0,3,2,651,1,42,0,89,334.58,2,410.91,122.56,339.29,338.09,138.44,1.0,339.29,0,2,58.1,0.0,0,0
22.5,85.0,35.3,33.5,31.2,6.4,1.44,27.6,16.2,216.0,216.0,2,1,41.39,2,2,1,27.16,2.29,44.1,50.35,12.03,14.64,67.46,0.0,1.53,5,2,3,1,40,4,2,191.1,5,4.8,2,3,3,232.96,1,0.0,318.49,0.0,301.35,0.0,99.35,127.58,1,44,0,1,3,2,0,0,0,0,0,417.16,2,395.0,122.41,312.9,381.15,94.11,1.0,287.77,0,2,58.85,0.0,0,0
22.5,86.5,36.5,37.8,25.7,6.2,1.39,17.3,20.1,186.0,208.5,2,1,50.7,2,2,1,27.4,2.65,44.81,53.92,11.26,13.64,72.43,0.0,1.52,5,2,0,3,40,4,2,191.3,9,4.7,2,3,3,122.41,1,0.0,277.99,0.0,213.21,1.0,37.99,45.39,1,44,0,1,3,2,24423,0,72,1,77,265.88,2,243.14,151.13,335.3,480.04,151.73,1.0,206.72,0,2,55.6,0.0,0,0
22.5,87.0,27.2,43.1,29.6,6.1,1.32,14.4,18.6,147.0,198.0,2,2,75.11,2,2,1,27.62,3.55,44.64,53.15,10.35,15.74,77.37,0.0,1.59,5,3,0,3,60,4,2,189.8,12,4.7,2,3,3,111.19,1,0.0,282.77,0.0,164.08,0.0,85.08,88.61,1,44,0,1,3,2,22285,1,76,1,52,216.44,2,193.41,189.57,357.81,518.79,195.54,1.0,200.15,0,1,62.3,0.0,0,0
22.5,87.5,31.8,23.2,44.9,6.4,1.27,19.2,23.5,138.0,190.5,2,1,19.84,2,2,1,27.63,2.9,44.91,53.71,10.14,17.74,80.33,0.0,1.59,5,3,0,3,40,4,2,188.9,14,4.7,2,3,3,122.41,1,0.0,296.67,0.0,116.97,0.0,135.29,93.09,1,44,0,1,3,2,40011,0,76,1,42,168.22,2,144.88,232.96,386.02,534.26,182.24,1.0,206.72,0,2,67.1,0.0,0,0
22.5,88.5,40.3,9.9,49.8,6.3,1.15,20.7,32.3,312.0,172.5,3,1,0.1,2,2,3,28.09,3.92,41.82,60.85,11.95,14.89,79.53,0.0,1.54,5,4,0,3,40,4,2,186.4,14,4.7,2,4,3,189.57,1,0.0,346.74,1.0,55.6,0.0,237.15,15.14,1,44,0,1,3,2,0,0,0,0,0,84.27,2,63.59,326.57,455.09,522.71,99.38,1.0,253.19,0,2,57.35,0.0,0,0
22.5,90.5,26.2,24.1,49.7,5.6,1.24,21.2,38.0,305.0,186.0,2,1,28.81,2,2,1,27.8,7.28,33.65,101.16,22.33,18.07,85.23,0.0,1.55,5,2,0,3,10,3,2,185.1,59,5.7,3,4,3,375.09,3,0.0,499.07,0.0,213.21,0.0,441.97,215.94,1,44,0,1,3,2,23072,2,73,2,39,168.22,2,183.58,501.58,403.33,542.05,163.85,1.0,413.49,0,1,51.55,0.0,0,0
22.5,92.5,30.9,37.8,31.3,5.4,1.17,22.2,26.5,196.0,175.5,2,1,57.42,2,3,1,26.52,7.31,33.0,89.96,20.78,7.48,80.69,0.0,1.84,5,1,3,1,10,1,2,195.6,100,6.2,3,4,3,444.78,3,0.0,681.02,0.0,415.39,0.0,640.14,421.18,1,44,2,1,3,2,7390,0,46,0,98,366.45,2,384.81,488.69,258.9,464.89,358.7,1.0,602.76,1,2,56.35,0.0,0,0
22.5,93.0,32.5,35.2,32.3,5.4,1.05,22.6,41.4,490.0,157.5,2,1,49.0,2,3,1,22.92,1.94,35.35,53.28,12.01,5.33,77.27,0.0,1.84,5,1,3,1,0,1,2,219.8,100,6.2,3,4,3,447.65,3,0.0,728.61,0.0,466.43,0.0,690.02,472.5,1,44,2,1,3,2,19661,1,68,0,89,417.16,2,435.79,480.8,236.88,457.69,409.11,1.0,651.74,1,2,56.35,0.0,0,0
22.5,93.5,37.2,30.2,32.5,5.3,0.98,24.2,84.9,653.0,147.0,2,1,30.86,2,3,2,24.69,3.78,35.13,24.81,4.76,5.18,66.47,0.0,1.84,5,1,3,1,0,1,2,204.7,100,6.2,3,4,3,456.14,3,0.0,776.75,0.0,517.55,0.0,740.07,523.83,1,44,2,1,3,2,0,0,0,0,0,456.01,1,447.65,478.14,224.48,456.01,445.81,1.0,701.1,1,2,52.85,0.0,0,0
22.5,94.0,27.8,43.5,28.7,5.7,1.16,19.1,32.2,251.0,174.0,2,2,75.39,2,2,1,24.69,3.78,35.13,24.81,4.76,5.18,66.47,0.0,1.7,5,1,3,1,0,1,2,204.7,100,6.2,3,4,3,469.95,3,0.0,825.32,0.0,568.72,0.0,790.25,575.16,1,44,2,1,3,2,262,0,30,0,0,459.92,1,456.14,480.8,223.32,456.14,445.24,1.0,750.77,1,1,55.05,0.0,0,0
22.5,94.5,26.7,44.4,28.8,5.8,1.24,16.6,32.7,264.0,186.0,2,2,78.96,2,2,1,28.84,7.61,36.31,12.68,1.99,7.05,56.85,0.0,1.7,5,1,3,1,20,1,2,174.3,100,6.2,3,4,3,488.62,3,0.0,874.26,0.0,619.95,0.0,840.54,626.49,1,44,2,1,3,2,2314,0,56,0,99,469.27,1,469.95,488.69,233.56,447.65,450.38,1.0,800.7,1,1,53.8,0.0,0,0
22.5,95.0,35.8,36.7,27.4,6.5,0.0,19.4,36.6,148.0,0.0,2,0,48.79,2,1,2,31.33,9.16,35.81,8.45,1.17,14.31,51.26,0.0,1.76,5,1,3,1,20,1,2,157.0,100,6.2,3,4,3,511.64,3,0.0,923.52,0.0,671.2,0.0,890.92,677.81,1,44,2,1,3,2,0,0,0,0,0,483.75,1,488.62,501.58,253.83,444.78,461.04,1.0,850.83,1,2,49.85,0.0,0,0
22.5,95.5,36.0,30.7,33.3,6.6,1.34,17.6,21.0,177.0,201.0,2,1,33.55,2,1,1,31.86,9.61,36.03,8.47,1.27,16.11,50.03,0.0,1.76,5,1,3,1,40,1,2,153.3,100,5.6,3,4,3,538.43,3,0.0,973.03,0.0,722.48,0.0,941.38,729.14,1,44,2,1,3,2,107,1,51,1,84,502.92,1,511.64,519.07,281.96,447.65,476.86,1.0,901.13,1,2,55.1,0.0,0,0
22.5,96.0,33.7,35.6,30.7,6.6,1.25,17.7,32.9,150.0,187.5,2,1,48.56,2,1,1,29.38,8.26,35.44,9.46,1.61,12.53,53.77,0.0,1.7,5,1,3,1,20,1,2,168.3,100,5.6,3,4,3,568.47,3,0.0,1022.77,0.0,773.78,0.0,991.9,780.47,1,44,2,1,3,2,0,0,0,0,0,526.26,1,538.43,540.74,315.87,456.14,497.34,1.0,951.58,1,2,60.35,0.0,0,0
22.5,96.5,30.3,31.8,37.8,5.8,1.23,18.0,26.5,243.0,184.5,2,1,43.14,2,2,1,29.38,8.26,35.44,9.46,1.61,12.53,53.77,0.0,1.7,5,1,3,1,20,1,2,168.3,100,6.9,3,4,3,601.26,3,0.0,1072.7,0.0,825.1,0.0,1042.47,831.79,1,44,2,1,3,2,47,0,17,7,6,553.25,1,568.47,566.1,353.9,469.95,521.93,1.0,1002.15,1,2,58.6,0.0,0,0
22.5,97.0,30.4,35.9,33.7,5.9,1.23,16.0,25.0,218.0,184.5,2,1,53.27,2,2,1,25.67,4.07,36.6,10.06,1.76,4.56,60.25,0.0,1.82,5,1,3,1,10,1,2,193.7,100,6.8,3,4,3,636.39,3,0.0,1122.79,0.0,876.43,0.0,1093.08,883.11,1,44,2,1,3,2,701,1,71,0,86,559.25,1,601.26,594.67,394.86,488.62,550.08,1.0,1052.82,1,2,58.6,0.0,0,0
23.0,70.0,23.8,53.5,22.7,7.3,1.52,25.0,8.9,109.0,228.0,1,2,105.19,2,1,1,29.0,4.63,40.12,18.85,5.77,15.79,61.07,0.0,1.69,2,3,3,1,20,1,2,177.4,100,5.5,3,3,3,255.89,1,0.0,1376.21,0.0,1339.8,0.0,1121.27,113.13,3,50,1,1,2,1,26920,3,74,1,83,75.63,3,773.93,1445.32,91.27,226.79,198.87,1.0,75.63,0,2,59.85,0.0,0,0
23.0,71.0,20.9,51.8,27.3,7.2,1.54,28.2,8.4,131.0,231.0,1,2,104.42,2,1,1,29.59,4.6,42.91,24.02,7.19,16.72,54.23,0.0,1.71,2,2,3,1,40,1,2,167.9,100,5.5,3,3,3,153.53,1,0.0,1297.88,0.0,1259.44,0.0,1056.57,80.5,3,50,1,1,2,1,15428,1,73,5,95,75.63,3,685.76,1367.15,104.82,212.27,193.47,1.0,75.63,0,2,59.85,0.0,0,0
23.0,71.5,26.1,36.7,37.2,7.3,1.48,28.3,9.9,173.0,222.0,2,1,60.43,2,1,1,29.59,4.6,42.91,24.02,7.19,16.72,54.23,0.0,1.71,2,3,3,1,40,1,2,167.9,100,5.5,3,3,3,102.36,1,0.0,1260.17,0.0,1220.66,0.0,1026.71,105.92,3,50,1,1,2,1,132894,3,58,24,53,116.65,3,643.1,1319.79,55.84,223.25,210.53,1.0,116.65,0,2,56.6,0.0,0,0
23.0,72.0,29.1,32.2,38.7,7.3,1.52,28.2,15.9,142.0,228.0,2,1,45.58,2,1,1,29.91,4.9,43.2,24.72,7.51,15.07,52.59,0.0,1.89,2,3,3,1,60,1,2,164.5,100,5.8,3,3,3,51.18,1,0.0,1223.55,0.0,1182.92,0.0,998.72,145.68,1,44,1,1,2,1,455952,0,61,2,90,113.08,1,601.66,1272.8,22.24,244.8,237.74,1.0,163.55,0,2,55.6,0.0,0,0
23.0,73.5,22.1,34.9,42.9,7.2,1.56,30.8,9.3,177.0,234.0,1,1,60.73,1,1,1,29.22,5.44,42.92,30.78,9.63,14.97,53.76,0.0,1.71,2,3,3,1,60,1,2,169.0,3,4.0,1,4,1,102.36,1,0.0,1121.27,0.0,999.0,0.0,858.03,212.75,1,44,0,1,2,1,12138,1,63,0,84,173.78,1,487.72,1134.45,155.25,349.36,353.44,0.0,999.0,0,2,73.3,0.0,0,0
23.0,73.0,36.3,30.4,33.3,7.6,1.52,35.0,9.8,173.0,228.0,2,1,32.44,1,1,1,29.63,5.61,43.02,29.74,9.59,14.95,53.12,0.0,1.71,2,4,3,1,60,1,2,166.4,5,4.7,2,4,1,51.18,1,0.0,1153.99,0.0,999.0,0.0,908.17,201.21,1,44,0,1,2,2,0,0,0,0,0,138.27,1,523.58,1180.08,104.82,309.9,311.16,1.0,262.32,0,3,60.6,0.0,0,0
23.0,74.0,29.2,39.4,31.4,7.0,1.61,32.2,10.0,124.0,241.5,2,1,63.46,1,1,1,29.22,5.44,42.92,30.78,9.63,14.97,53.76,0.0,1.68,5,3,3,1,60,1,2,169.0,1,3.9,1,4,1,153.53,1,0.0,1090.11,0.0,999.0,0.0,808.04,235.25,1,44,0,1,2,1,21359,3,60,0,99,215.77,1,454.66,1089.39,206.06,391.64,397.9,0.0,999.0,0,2,67.3,0.0,0,0
23.0,75.0,46.7,20.5,32.8,7.4,1.63,47.1,8.5,105.0,244.5,3,1,0.1,0,1,3,27.62,4.57,42.53,31.64,9.03,15.83,55.22,0.0,1.68,5,2,3,1,40,1,2,178.1,1,4.1,1,3,1,116.65,1,0.0,1032.97,0.0,999.0,0.0,708.72,302.37,1,44,0,1,0,2,2876,1,73,0,100,308.38,1,399.64,991.62,308.09,481.63,490.96,0.0,999.0,0,3,62.55,0.0,0,0
23.0,75.5,48.1,17.0,34.9,7.4,1.64,48.9,10.7,105.0,246.0,3,1,0.1,0,1,3,27.34,3.34,43.56,32.78,9.46,16.16,55.17,0.0,1.68,5,2,3,1,40,1,2,179.4,1,4.1,1,3,1,75.63,1,0.0,1007.3,0.0,999.0,0.0,659.48,342.68,1,44,0,1,0,2,16896,1,57,1,98,292.45,1,379.31,940.96,359.19,528.41,515.7,0.0,999.0,0,3,62.55,0.0,0,0
23.0,76.0,42.2,15.8,41.9,7.5,1.67,47.9,9.6,108.0,250.5,3,1,0.1,0,1,3,27.48,2.7,44.46,35.92,10.75,14.59,55.27,0.0,1.69,5,1,3,1,40,1,2,178.9,1,4.1,1,3,1,55.6,1,0.0,983.76,0.0,999.0,0.0,610.61,385.66,1,44,1,1,0,2,90535,0,72,8,56,242.31,1,364.9,890.39,410.31,478.4,464.77,0.0,999.0,0,3,67.05,0.0,0,0
23.0,77.0,38.2,19.5,42.3,7.4,1.66,43.2,10.0,112.0,249.0,2,1,2.91,0,1,1,27.77,2.69,45.24,40.69,12.63,13.57,55.63,0.0,1.68,5,1,3,1,40,1,2,177.9,0,0.0,1,3,1,116.65,1,0.0,943.7,0.0,999.0,0.0,514.4,476.72,1,44,1,1,0,2,18526,3,58,4,74,144.44,1,279.86,789.57,469.72,377.53,363.18,0.0,999.0,0,3,73.3,0.0,0,0
23.0,77.5,42.1,19.5,38.4,7.3,1.62,43.6,12.6,139.0,243.0,3,1,0.1,0,1,3,27.88,2.34,45.37,45.39,14.2,12.79,56.34,0.0,1.68,5,1,3,1,40,1,2,178.2,0,0.0,1,3,1,163.55,1,0.0,927.5,0.0,999.0,0.0,467.39,500.78,1,44,1,1,0,2,124079,5,69,9,71,99.1,1,233.62,739.37,467.02,327.49,312.61,0.0,999.0,0,3,66.3,0.0,0,0
23.0,78.5,45.0,20.5,34.5,7.4,1.63,36.3,11.0,126.0,244.5,3,1,0.1,0,1,3,28.2,2.74,45.4,46.22,14.03,12.57,56.65,0.0,1.67,5,1,3,1,60,1,2,177.1,3,4.7,2,3,1,262.32,1,0.0,892.15,0.0,999.0,0.0,376.89,506.8,1,44,1,1,0,2,0,0,0,0,0,59.26,1,133.06,639.56,477.74,229.12,212.49,0.0,999.0,0,2,62.3,0.0,0,0
23.0,80.0,39.8,13.0,47.2,7.1,1.65,43.8,18.3,203.0,247.5,2,1,0.1,2,1,1,27.3,1.72,45.64,47.4,13.2,14.52,59.44,0.0,1.65,5,1,3,1,40,1,2,184.4,4,5.0,2,3,3,404.69,1,0.0,750.52,0.0,754.6,0.0,259.29,551.21,1,44,0,1,3,2,136530,2,72,2,53,99.24,2,20.47,492.2,530.5,99.24,75.63,1.0,660.13,0,2,65.35,0.0,0,0
23.0,80.5,39.5,19.5,41.0,7.1,1.58,41.8,17.5,190.0,237.0,2,1,1.35,2,1,1,26.3,0.94,45.35,46.37,12.13,14.72,61.26,0.0,1.65,5,1,3,1,40,4,2,191.4,4,5.0,2,3,3,368.09,1,0.0,704.58,0.0,707.5,0.0,230.0,574.11,1,44,0,0,3,2,5413,2,50,0,82,78.51,2,71.65,444.14,556.14,78.51,55.6,1.0,617.77,0,2,60.1,0.0,0,0
23.0,81.5,36.5,22.6,40.9,7.0,1.56,39.1,19.7,202.0,234.0,2,1,12.7,2,1,1,25.57,1.13,44.38,44.06,10.85,13.39,62.21,0.0,1.65,5,1,3,1,40,4,2,196.2,9,5.0,2,3,3,307.18,1,0.0,615.43,0.0,615.51,0.0,200.42,481.92,1,44,0,0,3,2,2792,0,82,0,41,93.08,2,163.55,350.9,538.01,120.78,116.65,1.0,538.01,0,2,60.1,0.0,0,0
23.0,82.5,46.0,16.1,37.9,7.4,1.66,41.5,13.5,155.0,249.0,3,1,0.1,2,1,3,26.99,0.9,45.55,44.55,10.88,14.4,61.53,0.0,1.63,5,1,3,1,40,4,2,188.0,8,5.0,2,3,3,271.64,1,0.0,531.48,0.0,527.72,0.0,220.58,379.64,1,44,0,0,3,2,1900,1,68,1,81,171.78,2,262.32,264.92,467.65,209.94,212.49,1.0,467.65,0,2,53.1,0.0,0,0
23.0,83.5,40.6,23.2,36.2,6.9,1.46,36.0,15.9,212.0,219.0,3,1,9.28,2,1,3,25.07,0.59,43.45,47.28,11.81,15.14,66.73,0.0,1.56,5,1,3,1,20,4,2,202.6,7,4.9,2,3,3,271.64,1,0.0,455.6,0.0,446.63,0.0,192.12,277.45,1,44,0,0,3,2,3401,0,54,1,67,266.82,2,363.18,195.99,411.56,271.64,187.03,1.0,411.56,0,2,54.35,0.0,0,0
23.0,83.0,42.5,17.4,40.1,7.2,1.61,40.0,14.1,176.0,241.5,3,1,0.1,2,1,3,25.79,0.32,44.42,46.38,11.57,14.81,64.5,0.0,1.56,5,1,3,1,20,4,2,196.9,8,5.0,2,3,3,266.87,1,0.0,492.29,0.0,486.12,0.0,241.46,328.53,1,44,0,0,3,2,2720,2,59,0,89,218.51,2,312.61,227.26,437.45,258.29,237.51,1.0,437.45,0,2,56.35,0.0,0,0
23.0,84.0,35.3,26.8,37.9,6.0,1.26,34.4,30.9,229.0,189.0,2,1,24.64,2,2,1,25.07,0.59,43.45,47.28,11.81,15.14,66.73,0.0,1.55,5,1,3,1,20,4,2,202.6,7,4.9,2,3,3,282.74,1,0.0,422.08,0.0,409.85,0.0,143.98,226.44,1,44,0,0,3,2,0,0,0,0,0,315.99,2,413.91,163.02,390.85,285.49,137.04,1.0,390.85,0,2,59.6,0.0,0,0
23.0,84.5,39.2,27.8,32.9,6.5,1.33,34.6,33.2,213.0,199.5,2,1,22.46,2,1,1,25.26,1.18,42.91,48.48,11.91,15.49,67.47,0.0,1.55,5,1,3,1,20,4,2,202.0,4,4.8,2,3,3,261.39,1,0.0,392.53,0.0,376.59,0.0,98.85,175.55,1,44,0,0,3,2,512,1,82,0,97,365.68,2,455.5,116.31,376.18,307.18,88.33,1.0,363.27,0,2,61.35,0.0,0,0
23.0,85.5,36.8,32.4,30.8,6.5,1.36,25.4,27.3,200.0,204.0,2,1,36.84,2,1,1,26.92,2.68,44.05,51.27,11.87,14.87,68.62,0.0,1.46,5,2,3,1,40,4,2,193.0,9,4.8,2,3,3,163.02,1,0.0,349.25,0.0,324.83,0.0,59.23,75.07,1,44,0,1,3,2,5012,0,67,0,91,379.9,2,356.77,55.6,367.53,368.09,39.13,1.0,298.95,0,2,60.6,0.0,0,0
23.0,86.5,31.3,39.6,29.1,6.1,1.42,18.1,21.0,161.0,213.0,2,1,61.44,2,2,1,27.31,2.5,45.1,52.28,11.47,13.63,71.85,0.0,1.46,5,2,0,3,40,4,2,191.7,9,4.7,2,3,3,75.5,1,0.0,333.58,0.0,233.62,1.0,45.36,37.93,1,44,0,1,3,2,30446,1,77,0,80,284.54,2,261.13,116.31,387.41,444.07,127.14,1.0,260.9,0,2,55.6,0.0,0,0
23.0,89.0,37.3,12.2,50.4,6.2,1.25,19.8,26.8,169.0,187.5,2,1,0.1,2,2,1,28.01,3.25,42.88,56.42,11.04,17.05,77.95,0.0,1.42,5,3,0,3,40,4,2,187.3,27,5.5,2,4,3,211.76,1,0.0,422.08,0.0,122.49,0.0,279.84,75.9,1,44,0,1,3,2,15048,0,59,2,55,122.31,2,113.08,361.86,516.18,468.75,133.83,1.0,328.64,0,2,65.85,0.0,0,0
23.0,91.0,32.4,34.9,32.7,5.6,1.28,19.7,37.1,435.0,192.0,2,1,48.37,2,2,1,27.03,4.14,36.98,99.25,20.54,17.14,86.86,0.0,1.72,5,2,0,3,10,3,2,188.7,79,5.7,3,4,3,412.41,3,0.0,572.66,0.0,279.86,0.0,477.76,270.2,1,44,0,1,3,2,5662,0,67,0,80,239.17,2,251.87,468.19,330.19,467.86,236.55,1.0,485.58,0,2,49.85,0.0,0,0
23.0,92.0,27.8,31.6,40.5,5.4,1.21,17.9,18.6,161.0,181.5,2,1,45.64,2,3,1,26.67,6.0,35.4,99.35,20.59,7.4,86.25,0.0,1.75,5,1,3,1,10,1,2,191.5,100,6.2,3,4,3,392.44,3,0.0,659.48,0.0,376.34,0.0,578.32,371.68,1,44,0,1,3,2,3435,0,36,1,90,331.67,2,347.02,448.79,247.75,424.5,326.62,1.0,575.87,0,1,57.55,0.0,0,0
23.0,94.0,24.2,38.0,37.8,5.7,1.25,20.7,31.0,227.0,187.5,1,1,65.96,2,2,1,24.45,3.21,35.74,19.85,3.4,5.55,66.93,0.0,1.58,5,1,3,1,0,1,2,206.4,100,6.2,3,4,3,417.61,3,0.0,844.41,0.0,575.81,0.0,780.56,575.72,1,44,2,1,3,2,1172,0,95,0,91,404.85,1,402.06,425.54,168.03,402.06,389.71,1.0,766.25,1,1,65.55,0.0,0,0
23.0,94.5,29.0,39.7,31.3,5.7,1.19,19.4,31.4,197.0,178.5,2,1,64.45,2,2,1,29.1,6.83,37.19,12.15,1.88,5.54,56.7,0.0,1.58,5,1,3,1,20,1,2,172.9,100,6.2,3,4,3,438.44,3,0.0,892.15,0.0,626.28,0.0,831.26,626.82,1,44,2,1,3,2,0,0,0,0,0,415.41,1,417.61,434.4,181.37,392.44,395.55,1.0,815.06,1,1,59.05,0.0,0,0
23.0,95.5,31.6,32.6,35.8,6.4,1.3,17.4,19.3,181.0,195.0,2,1,43.58,2,2,1,31.32,8.76,36.69,8.98,1.42,14.36,50.95,0.0,1.6,5,1,3,1,40,1,2,156.6,100,5.6,3,4,3,493.14,3,0.0,988.8,0.0,727.58,0.0,932.74,729.08,1,44,2,1,3,2,225,0,60,0,97,452.93,1,463.85,468.19,240.32,392.44,425.34,1.0,913.59,1,2,55.35,0.0,0,0
23.0,96.5,31.3,33.6,35.1,5.3,0.96,25.9,68.3,608.0,144.0,2,1,46.44,2,3,2,28.78,6.52,36.88,11.73,2.14,8.34,56.27,0.0,1.73,5,1,3,1,20,1,2,173.9,100,6.9,3,4,3,560.82,3,0.0,1086.69,0.0,829.22,0.0,1034.31,831.39,1,44,2,1,3,2,410,0,58,0,56,500.48,1,525.65,519.65,321.44,417.61,475.14,1.0,1013.03,1,2,51.6,0.0,0,0
23.0,97.0,29.1,27.1,43.8,5.5,1.13,22.9,39.9,363.0,169.5,2,1,32.83,2,2,1,25.4,4.76,35.49,13.97,2.65,4.72,62.29,0.0,1.64,5,1,3,1,10,1,2,197.2,100,6.8,3,4,3,598.19,3,0.0,1136.0,0.0,880.13,0.0,1085.12,882.55,1,44,2,1,3,2,0,0,0,0,0,504.0,1,560.82,550.52,365.9,438.44,505.79,1.0,1063.01,1,1,59.05,0.0,0,0
23.5,69.0,20.5,55.0,24.5,7.0,1.49,19.7,7.2,110.0,223.5,1,2,112.9,2,1,1,28.82,4.58,39.17,14.35,4.84,25.02,63.42,0.0,1.66,0,3,3,1,20,1,2,179.9,100,5.5,3,3,3,361.86,1,0.0,1490.97,0.0,1455.08,0.0,1231.33,227.59,4,55,1,1,2,1,123380,1,80,12,57,189.57,3,842.12,1546.19,88.05,324.81,294.78,1.0,189.57,0,2,57.6,0.0,0,0
23.5,70.0,21.2,46.3,32.5,7.8,1.41,24.3,10.1,90.0,211.5,1,2,90.31,2,1,1,29.48,2.99,43.9,16.1,5.14,16.43,54.78,0.0,1.69,2,3,3,1,40,1,2,169.0,100,5.5,3,3,3,261.39,1,0.0,1411.48,0.0,1373.76,0.0,1163.53,156.59,3,50,1,1,2,1,98935,1,66,2,77,122.41,3,748.77,1482.67,39.09,279.27,252.28,1.0,122.41,0,2,57.35,0.0,0,0
23.5,69.5,19.5,49.2,31.2,7.5,1.39,20.1,10.7,175.0,208.5,1,2,99.6,2,1,1,29.01,3.11,42.86,14.94,4.92,20.62,58.4,0.0,1.66,0,3,3,1,40,1,2,175.0,100,5.5,3,3,3,311.49,1,0.0,1450.83,0.0,1414.04,0.0,1196.76,188.51,4,55,1,1,2,1,198936,4,72,5,90,151.13,3,795.22,1519.2,45.24,298.5,269.5,1.0,151.13,0,2,53.6,0.0,0,0
23.5,71.0,21.1,53.4,25.5,7.1,1.51,27.6,9.3,136.0,226.5,1,2,108.18,2,1,1,29.84,3.97,43.89,21.54,6.55,16.25,51.77,0.0,1.71,2,2,3,1,40,1,2,163.8,100,5.5,3,3,3,163.02,1,0.0,1335.49,0.0,1295.78,0.0,1101.52,135.0,3,50,1,1,2,1,18107,4,71,6,89,122.41,3,657.62,1388.73,126.7,267.66,248.06,1.0,122.41,0,2,59.1,0.0,0,0
23.5,71.5,23.5,43.0,33.6,7.2,1.22,28.3,32.0,78.0,183.0,1,2,79.3,2,1,1,29.84,3.97,43.89,21.54,6.55,16.25,51.77,0.0,1.71,2,3,3,1,40,1,2,163.8,100,5.5,3,3,3,116.31,1,0.0,1298.99,0.0,1258.24,0.0,1069.43,151.48,3,50,1,1,2,1,0,0,0,0,0,151.13,3,613.18,1342.3,93.12,276.41,261.54,1.0,151.13,0,2,57.35,0.0,0,0
23.5,72.5,27.0,38.1,34.9,7.4,1.56,32.1,11.1,162.0,234.0,2,1,62.85,1,1,1,29.67,5.31,42.91,25.34,8.13,14.45,50.15,0.0,1.89,2,3,3,1,60,1,2,162.3,18,5.5,2,4,1,55.6,1,0.0,1229.46,0.0,1186.52,0.0,969.95,219.37,1,44,0,1,2,1,79043,0,69,11,52,169.61,1,527.55,1250.74,93.12,319.06,313.03,1.0,232.96,0,2,65.1,0.0,0,0
23.5,73.5,28.6,40.0,31.4,7.3,1.51,28.5,11.2,197.0,226.5,2,1,65.68,1,1,1,28.98,4.71,43.68,27.13,8.57,14.98,51.98,0.0,1.71,2,3,3,1,60,1,2,167.7,3,4.6,2,4,1,116.31,1,0.0,1165.21,0.0,999.0,0.0,871.22,265.69,1,44,0,1,2,1,0,0,0,0,0,213.52,1,448.29,1151.38,171.98,385.17,385.63,0.0,999.0,0,2,64.3,0.0,0,0
23.5,74.0,20.4,40.2,39.4,7.3,1.55,29.0,8.4,148.0,232.5,1,2,76.02,1,1,1,28.98,4.71,43.68,27.13,8.57,14.98,51.98,0.0,1.68,2,2,3,1,60,1,2,167.7,2,4.6,2,4,1,163.02,1,0.0,1135.35,0.0,999.0,0.0,822.22,283.96,1,44,0,1,2,1,5337,2,46,0,100,248.77,1,412.22,1101.06,218.79,423.76,426.6,0.0,999.0,0,2,66.8,0.0,0,0
23.5,74.5,27.9,40.3,31.8,7.1,1.54,33.6,11.9,153.0,231.0,2,2,67.27,0,1,1,28.62,4.96,43.35,28.94,8.6,14.72,53.03,0.0,1.68,2,2,3,1,60,1,2,170.7,0,0.0,1,4,1,189.57,1,0.0,1107.17,0.0,999.0,0.0,773.54,309.78,1,44,0,1,0,1,0,0,0,0,0,288.86,1,379.44,1050.84,267.19,464.84,469.63,0.0,999.0,0,2,64.05,0.0,0,0
23.5,75.0,46.5,18.3,35.2,7.3,1.65,43.7,8.6,98.0,247.5,3,1,0.1,0,1,3,27.63,3.84,43.64,30.66,8.89,15.3,54.2,0.0,1.68,2,2,3,1,40,1,2,176.8,0,0.0,1,3,1,151.13,1,0.0,1080.8,0.0,999.0,0.0,725.22,341.45,1,44,0,1,0,2,5293,2,70,0,100,316.57,2,350.87,1000.73,316.44,507.81,514.2,0.0,999.0,0,3,62.55,0.0,0,0
23.5,75.5,46.3,19.5,34.2,7.5,1.65,49.2,8.6,113.0,247.5,3,1,0.1,0,1,3,27.45,2.72,44.7,31.37,9.21,13.99,54.31,0.0,1.68,2,1,3,1,40,1,2,177.8,0,0.0,1,3,1,122.41,1,0.0,1056.37,0.0,999.0,0.0,677.36,377.48,1,44,0,1,0,2,0,0,0,0,0,295.76,2,327.62,950.74,366.2,539.13,523.68,0.0,999.0,0,3,67.05,0.0,0,0
23.5,76.0,45.0,21.5,33.5,7.6,1.66,49.5,9.2,94.0,249.0,3,1,0.1,0,1,3,27.68,2.54,45.11,33.9,10.27,13.91,54.34,0.0,1.69,1,1,3,1,40,1,2,176.7,0,0.0,1,3,1,111.19,1,0.0,1034.02,0.0,999.0,0.0,630.06,416.75,1,44,1,1,0,2,4424,1,57,0,100,260.35,1,310.89,900.91,388.75,489.68,473.81,0.0,999.0,0,3,67.05,0.0,0,0
23.5,76.5,38.8,24.1,37.1,7.6,1.65,44.7,7.8,115.0,247.5,2,1,13.69,0,1,1,27.68,2.54,45.11,33.9,10.27,13.91,54.34,0.0,1.69,1,1,3,1,40,1,2,176.7,0,0.0,1,3,1,122.41,1,0.0,1013.89,0.0,999.0,0.0,583.45,458.43,1,44,1,1,0,2,843,1,55,1,99,215.19,1,301.75,851.25,403.44,440.63,424.23,0.0,999.0,0,3,74.05,0.0,0,0
23.5,77.0,36.6,29.5,33.9,7.4,1.63,39.5,9.9,109.0,244.5,2,1,29.83,0,1,1,27.6,2.38,45.45,38.09,11.84,12.83,55.28,0.0,1.68,1,1,3,1,40,1,2,178.3,0,0.0,1,3,1,151.13,1,0.0,996.12,0.0,999.0,0.0,537.72,450.29,1,44,1,1,0,2,0,0,0,0,0,173.4,1,291.41,801.8,414.48,392.13,375.09,0.0,999.0,0,3,74.05,0.0,0,0
23.5,78.0,38.4,21.4,40.2,7.6,1.64,43.6,10.6,132.0,246.0,2,1,7.42,0,1,1,27.4,1.52,45.67,44.33,13.49,13.22,57.11,0.0,1.67,1,1,3,1,40,1,2,181.5,0,0.0,1,3,1,232.96,1,0.0,959.98,0.0,999.0,0.0,449.94,445.8,1,44,1,1,0,2,3769,3,81,4,88,115.36,1,192.12,703.71,414.48,297.87,279.0,0.0,999.0,0,3,73.3,0.0,0,0
23.5,79.0,40.9,22.7,36.5,7.2,1.68,38.1,12.1,143.0,252.0,3,1,7.67,0,1,3,27.22,1.29,45.99,44.17,13.61,13.61,57.98,0.0,1.68,1,1,3,1,40,1,2,183.3,3,4.7,2,3,1,326.57,1,0.0,866.64,0.0,999.0,0.0,369.98,463.51,1,44,1,1,0,2,18824,8,66,0,99,132.28,1,98.85,607.14,438.15,211.34,189.57,0.0,999.0,0,2,63.8,0.0,0,0
23.5,79.5,43.3,16.4,40.2,7.3,1.67,38.4,9.7,107.0,250.5,3,1,0.1,0,1,3,27.52,1.76,45.75,44.76,13.23,14.32,58.45,0.0,1.68,1,1,3,1,40,1,2,182.3,4,5.0,2,3,1,375.09,1,0.0,820.85,0.0,823.46,0.0,334.72,480.04,1,44,1,1,0,2,0,0,0,0,0,142.76,2,63.49,559.67,457.86,174.64,151.13,1.0,733.4,0,2,64.85,0.0,0,0
23.5,80.0,40.4,16.2,43.4,7.5,1.66,41.4,12.8,144.0,249.0,3,1,0.1,2,1,3,27.47,2.01,45.82,45.32,12.87,12.43,58.77,0.0,1.65,1,1,3,1,40,1,2,182.9,4,5.0,2,3,3,369.91,1,0.0,775.79,0.0,777.28,0.0,304.1,501.07,1,44,0,1,3,2,37080,2,70,5,28,104.29,2,59.23,512.95,482.02,146.91,122.41,1.0,691.81,0,2,59.85,0.0,0,0
23.5,81.5,38.9,16.8,44.3,6.9,1.45,42.4,22.1,253.0,217.5,2,1,0.1,2,1,1,27.08,1.92,45.12,41.67,10.42,14.37,59.95,0.0,1.65,1,1,3,1,40,4,2,186.1,9,5.0,2,3,3,260.16,1,0.0,646.51,0.0,643.65,0.0,251.26,486.77,1,44,0,0,3,2,1263,0,50,0,100,55.59,2,182.36,380.03,575.09,162.18,151.13,1.0,576.88,0,2,60.1,0.0,0,0
23.5,82.0,40.5,17.6,41.9,6.2,1.47,38.2,30.4,180.0,220.5,3,1,0.1,2,2,3,26.47,1.48,44.92,42.14,10.55,14.62,60.38,0.0,1.63,1,1,3,1,40,4,2,189.7,9,5.0,2,3,3,234.26,1,0.0,606.09,0.0,601.36,0.0,224.31,436.39,1,44,0,0,3,2,0,0,0,0,0,104.29,2,231.53,339.71,543.02,195.88,189.57,1.0,543.02,0,2,51.35,0.0,0,0
23.5,82.5,38.1,16.6,45.3,6.2,1.45,40.5,27.7,197.0,217.5,2,1,0.1,2,2,1,25.96,0.33,45.23,41.63,10.27,16.05,62.13,0.0,1.63,1,1,3,1,40,4,2,194.0,7,5.0,2,3,3,217.25,1,0.0,567.49,0.0,560.62,0.0,206.45,386.2,1,44,0,0,3,2,2556,0,59,0,91,154.45,2,279.0,302.76,512.15,217.25,232.96,1.0,512.15,0,2,56.35,0.0,0,0
23.5,83.0,40.8,14.1,45.1,6.3,1.49,39.6,30.2,239.0,223.5,3,1,0.1,2,2,3,26.47,1.04,44.27,42.55,10.59,13.74,61.75,0.0,1.56,1,1,3,1,40,4,2,191.0,8,5.0,2,3,3,211.27,1,0.0,531.1,0.0,521.79,0.0,200.15,336.29,1,44,0,0,3,2,930,0,52,0,100,205.0,2,326.57,254.93,484.82,211.27,235.76,1.0,484.82,0,2,51.35,0.0,0,0
23.5,83.5,40.9,21.4,37.7,6.1,1.32,36.8,33.6,254.0,198.0,3,1,4.42,2,2,3,25.36,0.63,43.63,44.31,10.99,13.52,64.35,0.0,1.56,1,1,3,1,20,4,2,199.2,8,4.9,2,3,3,217.25,1,0.0,497.41,0.0,485.35,0.0,183.55,286.81,1,44,0,0,3,2,0,0,0,0,0,255.7,2,375.09,203.94,461.69,217.25,185.03,1.0,461.69,0,2,54.6,0.0,0,0
23.5,84.5,35.1,24.7,40.2,6.6,1.39,39.0,29.6,222.0,208.5,2,1,19.63,2,1,1,25.2,0.58,43.37,46.34,11.38,14.7,65.6,0.0,1.55,1,1,3,1,20,4,2,201.1,5,4.8,2,3,3,254.93,1,0.0,440.58,0.0,422.03,0.0,81.58,190.44,1,44,0,0,3,2,953,1,67,0,92,357.32,2,471.4,101.97,430.56,260.16,84.61,1.0,404.05,0,2,63.35,0.0,0,0
23.5,86.0,36.4,28.0,35.6,6.3,1.37,31.5,24.1,186.0,205.5,2,1,26.32,2,2,1,27.0,1.9,44.89,49.27,11.12,13.5,71.03,0.0,1.46,1,2,3,1,40,4,2,193.3,9,4.7,2,3,3,101.97,1,0.0,392.59,0.0,305.83,0.0,52.66,80.48,1,44,0,1,3,2,30144,1,70,0,90,355.45,2,332.04,50.99,428.69,369.91,74.82,1.0,327.94,0,2,58.85,0.0,0,0
23.5,86.5,33.2,31.3,35.5,6.5,1.4,22.9,20.5,178.0,210.0,2,1,38.41,2,1,1,27.0,1.9,44.89,49.27,11.12,13.5,71.03,0.0,1.46,1,2,0,3,40,4,2,193.3,9,4.7,2,3,3,50.99,1,0.0,389.18,0.0,264.34,1.0,34.88,83.66,1,44,0,1,3,2,28011,0,65,1,56,312.11,2,288.86,101.97,440.37,412.46,124.46,1.0,315.58,0,2,57.35,0.0,0,0
23.5,87.5,31.8,30.6,37.6,6.0,1.3,16.7,18.7,143.0,195.0,2,1,38.34,2,2,1,27.73,1.99,45.15,48.42,9.84,16.11,74.87,0.0,1.4,1,3,0,3,40,4,2,189.4,14,4.7,2,3,3,50.99,1,0.0,402.65,0.0,195.79,0.0,116.9,135.99,1,44,0,1,3,2,95284,2,83,5,25,235.22,2,213.52,203.94,479.84,426.0,225.61,1.0,315.58,0,2,67.1,0.0,0,0
23.5,88.0,38.4,22.9,38.8,6.4,1.26,19.1,19.5,141.0,189.0,2,1,11.17,2,2,1,27.97,2.57,44.18,47.82,9.49,17.24,75.19,0.0,1.38,1,3,0,3,40,4,2,188.0,18,4.7,2,3,3,101.97,1,0.0,418.87,0.0,174.49,0.0,166.35,108.12,1,44,0,1,3,2,39724,0,72,2,59,205.36,2,185.87,254.93,506.38,415.81,220.17,1.0,327.94,0,2,67.1,0.0,0,0
23.5,88.5,34.2,13.6,52.2,6.6,1.27,18.2,24.4,166.0,190.5,2,1,0.1,2,1,1,28.01,2.94,43.23,52.06,10.12,16.84,76.37,0.0,1.38,1,3,0,3,40,4,2,187.6,21,4.7,2,4,3,152.96,1,0.0,440.58,0.0,166.79,0.0,216.48,100.6,1,44,0,1,3,2,65567,1,66,1,70,185.16,2,169.61,305.91,536.59,411.54,198.81,1.0,347.58,0,2,67.6,0.0,0,0
23.5,89.0,42.3,13.3,44.4,6.1,1.23,17.8,23.3,153.0,184.5,3,1,0.1,2,2,3,28.01,2.94,43.23,52.06,10.12,16.84,76.37,0.0,1.42,1,3,0,3,40,4,2,187.6,29,5.1,2,4,3,203.94,1,0.0,467.01,0.0,174.49,0.0,266.91,117.4,1,44,0,1,3,2,3651,1,60,0,90,177.91,2,168.05,356.89,500.08,413.38,189.31,1.0,373.34,0,2,58.85,0.0,0,0
23.5,90.5,39.5,27.7,32.7,5.5,1.21,19.1,22.4,165.0,181.5,2,1,21.85,2,2,1,27.67,4.37,37.6,78.83,14.11,15.67,82.22,0.0,1.51,1,2,0,3,10,3,2,187.7,65,5.7,3,4,3,356.89,3,0.0,567.49,0.0,264.34,0.0,418.92,237.02,1,44,0,1,3,2,0,0,0,0,0,235.22,2,241.26,396.78,353.17,451.8,237.42,1.0,476.36,0,2,51.85,0.0,0,0
23.5,90.0,30.4,22.7,46.9,5.7,1.24,17.7,19.5,180.0,186.0,2,1,20.27,2,2,1,27.86,4.21,39.14,68.76,12.56,18.12,80.04,0.0,1.51,1,2,0,3,20,3,2,187.6,48,5.5,2,4,3,305.91,1,0.0,531.1,0.0,226.89,0.0,368.19,191.87,1,44,0,1,3,2,36990,0,51,2,60,205.36,2,207.27,380.49,401.69,434.8,210.38,1.0,438.67,0,2,57.6,0.0,0,0
23.5,92.0,26.3,37.4,36.3,5.4,1.2,17.4,22.3,173.0,180.0,2,1,61.94,2,3,1,26.29,5.72,34.88,85.29,15.07,5.31,85.64,0.0,1.75,1,1,3,1,10,1,2,194.4,100,6.2,3,4,3,337.37,3,0.0,688.44,0.0,395.75,0.0,571.33,381.68,1,44,0,1,3,2,2380,0,30,0,99,355.45,2,348.47,396.78,214.0,372.43,352.54,1.0,601.82,0,1,57.55,0.0,0,0
23.5,93.5,33.5,25.7,40.8,5.5,1.04,23.5,36.9,459.0,156.0,2,1,24.05,2,2,1,23.92,2.65,35.63,23.65,3.84,5.18,69.99,0.0,1.59,1,1,3,1,0,1,2,211.4,100,6.2,3,4,3,348.47,3,0.0,820.85,0.0,539.12,0.0,723.87,531.29,1,44,2,1,3,2,3664,0,87,0,27,344.85,1,337.37,366.94,115.3,344.85,334.95,1.0,738.37,1,2,59.85,0.0,0,0
23.5,94.0,27.2,34.5,38.3,6.2,1.23,19.3,23.2,203.0,184.5,2,1,53.61,2,2,1,23.92,2.65,35.63,23.65,3.84,5.18,69.99,0.0,1.58,1,1,3,1,0,1,2,211.4,100,6.2,3,4,3,366.23,3,0.0,866.64,0.0,588.08,0.0,774.73,581.61,1,44,2,1,3,2,669,2,32,1,4,349.96,1,348.47,370.38,113.04,348.47,334.19,1.0,785.36,1,1,60.3,0.0,0,0
23.5,95.5,33.5,29.9,36.6,6.2,1.26,19.6,19.4,218.0,189.0,2,1,34.55,2,2,1,30.35,7.61,37.87,12.13,2.04,9.61,54.95,0.0,1.6,1,1,3,1,40,1,2,165.3,100,5.9,3,4,3,450.16,3,0.0,1007.38,0.0,736.84,0.0,927.33,733.23,1,44,2,1,3,2,1674,0,77,0,100,404.42,1,418.0,418.51,205.39,337.37,374.99,1.0,929.19,1,2,55.35,0.0,0,0
24.0,69.5,22.7,54.0,23.4,7.4,1.3,15.5,19.3,64.0,195.0,1,2,107.76,2,1,1,29.79,2.95,44.36,12.14,4.0,21.94,53.56,0.0,1.67,0,2,3,1,40,1,2,166.2,100,5.5,3,3,3,325.49,1,0.0,1486.26,0.0,1448.23,0.0,1238.82,231.08,4,55,1,1,2,1,16403,0,41,2,90,195.59,3,774.55,1550.92,37.75,349.0,320.74,1.0,195.59,0,2,56.85,0.0,0,0
24.0,71.5,19.3,48.1,32.6,7.2,1.48,27.2,9.0,121.0,222.0,1,2,97.09,2,1,1,29.88,3.24,44.7,19.2,5.95,15.22,49.43,0.0,1.8,2,2,3,1,40,1,2,160.4,100,5.5,3,3,3,150.87,1,0.0,1338.98,0.0,1297.1,0.0,1082.23,202.12,3,50,1,1,2,1,12382,1,66,2,94,195.59,3,587.0,1361.17,142.86,330.38,314.11,1.0,195.59,0,2,59.85,0.0,0,0
24.0,73.0,21.0,40.6,38.4,7.3,1.56,33.1,10.2,162.0,234.0,1,2,76.3,1,1,1,28.6,4.68,42.6,25.94,8.54,15.37,49.69,0.0,1.68,2,3,3,1,40,1,2,166.0,5,4.6,2,3,1,122.33,1,0.0,1240.26,0.0,999.0,0.0,935.89,293.8,1,44,0,1,2,1,49517,0,69,0,57,236.98,1,454.11,1211.15,167.98,389.3,388.3,1.0,305.04,0,2,66.1,0.0,0,0
24.0,73.5,31.9,34.7,33.4,7.3,1.52,40.2,11.1,169.0,228.0,2,1,48.47,1,1,1,28.15,4.15,43.6,24.76,7.83,14.19,50.51,0.0,1.68,2,3,3,1,40,1,2,169.2,5,4.6,2,3,1,150.87,1,0.0,1210.09,0.0,999.0,0.0,887.68,319.53,1,44,0,1,2,1,14111,0,57,0,71,259.15,1,412.59,1161.35,203.06,417.38,422.69,0.0,999.0,0,3,67.8,0.0,0,0
24.0,74.0,20.5,42.7,36.9,7.5,1.51,29.6,8.3,143.0,226.5,1,2,82.15,1,1,1,28.15,4.15,43.6,24.76,7.83,14.19,50.51,0.0,1.68,2,2,3,1,40,1,2,169.2,3,4.6,2,3,1,189.1,1,0.0,1181.47,0.0,999.0,0.0,839.83,334.82,1,44,0,1,2,1,7540,3,59,0,99,288.78,1,373.25,1111.67,243.84,449.33,460.25,0.0,999.0,0,2,70.3,0.0,0,0
24.0,75.0,37.9,23.1,39.1,7.5,1.64,43.1,9.5,108.0,246.0,2,1,12.27,0,1,1,27.58,3.3,44.18,29.06,8.76,14.32,53.24,0.0,1.66,2,2,3,1,40,1,2,175.7,1,4.6,2,3,1,195.59,1,0.0,1129.33,0.0,999.0,0.0,745.5,384.61,1,44,0,1,0,2,3444,1,47,1,99,268.89,2,304.45,1012.78,322.62,521.89,542.16,0.0,999.0,0,3,69.05,0.0,0,0
24.0,76.0,36.6,31.4,31.9,7.4,1.64,45.7,7.7,109.0,246.0,2,1,34.58,0,1,1,27.89,2.25,45.76,31.55,9.67,13.22,53.37,0.0,1.66,1,1,3,1,60,1,2,174.5,0,0.0,1,3,1,166.79,1,0.0,1084.8,0.0,999.0,0.0,653.67,424.78,1,44,1,1,0,2,0,0,0,0,0,228.03,2,257.55,914.67,334.88,506.83,489.03,0.0,999.0,0,3,71.05,0.0,0,0
24.0,77.0,35.6,27.4,37.0,7.5,1.66,36.4,8.4,120.0,249.0,2,1,25.78,0,1,1,27.8,2.26,45.96,34.79,10.74,13.37,54.14,0.0,1.67,1,1,3,1,60,1,2,175.9,0,0.0,1,3,1,195.59,1,0.0,1048.86,0.0,999.0,0.0,565.55,395.44,1,44,1,1,0,2,908,2,50,0,100,213.21,1,245.46,817.61,359.34,413.75,394.54,0.0,999.0,0,3,71.05,0.0,0,0
24.0,77.5,30.7,37.0,32.3,7.2,1.63,36.6,8.7,125.0,244.5,2,1,55.66,0,1,1,27.22,1.46,46.19,38.93,12.07,13.82,56.03,0.0,1.67,1,1,3,1,40,1,2,181.0,0,0.0,1,3,1,226.5,1,0.0,1028.6,0.0,999.0,0.0,523.47,389.7,1,44,1,1,0,1,251,4,66,4,79,185.74,1,254.58,769.61,355.82,369.02,348.92,0.0,999.0,0,3,74.55,0.0,0,0
24.0,78.0,33.3,23.0,43.6,7.5,1.59,36.7,12.8,164.0,238.5,2,1,17.54,0,1,1,27.63,1.75,45.72,40.5,12.23,13.54,55.85,0.0,1.65,1,1,3,1,40,1,2,178.9,0,0.0,1,3,1,263.75,1,0.0,982.41,0.0,999.0,0.0,483.18,390.34,1,44,1,1,0,1,0,0,0,0,0,169.58,1,214.6,722.06,359.34,326.17,305.04,0.0,999.0,0,3,75.3,0.0,0,0
24.0,78.5,37.3,25.6,37.1,6.4,1.64,30.7,15.1,123.0,246.0,2,1,19.24,0,2,1,27.29,1.3,45.91,40.76,12.51,14.79,56.91,0.0,1.65,1,1,3,1,40,1,2,181.8,2,4.7,2,3,1,305.04,1,0.0,936.77,0.0,999.0,0.0,445.17,397.34,1,44,1,1,0,2,1823,1,59,7,90,168.04,1,173.02,675.04,369.68,286.05,263.75,0.0,999.0,0,2,70.55,0.0,0,0
24.0,79.0,37.2,23.8,39.0,7.1,1.64,42.5,9.0,124.0,246.0,2,1,14.86,0,1,1,27.29,1.3,45.91,40.76,12.51,14.79,56.91,0.0,1.67,1,1,3,1,40,1,2,181.8,2,4.7,2,3,1,337.34,1,0.0,891.76,0.0,999.0,0.0,410.06,410.37,1,44,1,1,0,2,1733,0,56,3,95,127.75,2,137.91,628.69,386.3,249.98,226.5,0.0,999.0,0,2,72.3,0.0,0,0
24.0,80.0,35.7,24.8,39.5,7.4,1.64,39.3,9.5,133.0,246.0,2,1,19.16,2,1,1,27.47,1.3,46.65,41.85,12.09,15.1,58.62,0.0,1.63,1,1,3,1,40,1,2,182.8,3,5.0,2,3,3,340.69,1,0.0,804.1,0.0,803.17,0.0,335.87,452.21,1,44,0,1,3,2,0,0,0,0,0,77.84,2,113.05,538.65,435.24,198.74,174.44,1.0,726.35,0,2,64.85,0.0,0,0
24.0,80.5,30.6,31.0,38.4,7.1,1.46,37.5,22.5,226.0,219.0,2,1,40.78,2,1,1,27.39,1.16,46.59,40.66,11.26,13.57,59.15,0.0,1.63,1,1,3,1,40,4,2,183.7,3,5.0,2,3,3,296.67,1,0.0,761.71,0.0,759.42,0.0,291.07,479.64,1,44,0,0,3,2,1461,0,58,1,98,60.82,2,132.13,495.45,465.91,189.31,166.79,1.0,688.36,0,2,60.1,0.0,0,0
24.0,81.5,38.6,21.4,40.0,7.1,1.68,37.1,11.6,119.0,252.0,2,1,7.18,2,1,1,27.48,1.56,46.0,38.38,10.1,13.08,59.37,0.0,1.63,1,1,3,1,40,4,2,183.5,9,5.0,2,3,3,217.24,1,0.0,680.72,0.0,675.2,0.0,209.46,497.81,1,44,0,0,3,2,20311,0,71,1,58,60.82,2,205.95,410.88,536.12,210.24,195.59,1.0,618.31,0,2,60.1,0.0,0,0
24.0,82.0,38.9,24.6,36.4,6.3,1.48,38.8,25.9,222.0,222.0,2,1,14.82,2,2,1,27.19,1.45,45.66,38.99,10.45,14.59,58.95,0.0,1.63,1,1,3,1,40,4,2,184.5,8,5.0,2,3,3,185.58,1,0.0,642.59,0.0,635.16,0.0,176.38,448.87,1,44,0,0,3,2,20096,0,57,0,100,107.03,2,250.38,360.52,574.57,185.58,226.5,1.0,586.96,0,2,58.35,0.0,0,0
24.0,82.5,34.3,22.5,43.2,7.4,1.61,38.0,11.8,135.0,241.5,2,1,15.09,2,1,1,27.42,1.79,44.97,37.22,9.55,16.88,58.84,0.0,1.63,1,1,3,1,40,4,2,183.2,7,5.0,2,3,3,163.66,1,0.0,606.45,0.0,596.88,0.0,153.13,400.45,1,44,0,0,3,2,440,1,46,0,99,156.15,2,296.92,310.35,558.63,163.66,263.75,1.0,558.63,0,2,58.1,0.0,0,0
24.0,83.0,36.5,16.6,46.9,7.4,1.64,41.9,11.0,133.0,246.0,2,1,0.1,2,1,1,27.66,2.54,44.1,37.09,9.34,16.12,59.86,0.0,1.67,1,1,3,1,40,4,2,183.0,7,5.0,2,3,3,155.67,1,0.0,572.67,0.0,560.71,0.0,144.55,352.75,1,44,0,0,3,2,438,0,80,0,97,206.11,2,344.72,260.44,533.78,155.67,246.86,1.0,533.78,0,2,58.1,0.0,0,0
24.0,83.5,38.2,16.6,45.1,6.9,1.59,41.2,14.8,158.0,238.5,2,1,0.1,2,1,1,27.41,2.35,44.46,40.23,10.1,14.88,61.1,0.0,1.67,1,1,3,1,40,4,2,185.4,7,4.9,2,3,3,163.66,1,0.0,541.69,0.0,527.09,0.0,153.13,306.13,1,44,0,0,3,2,1165,0,72,1,97,256.42,2,393.32,211.01,512.94,163.66,199.18,1.0,512.94,0,2,60.1,0.0,0,0
24.0,84.0,33.3,20.2,46.6,7.2,1.61,37.7,15.3,180.0,241.5,2,1,10.54,2,1,1,27.41,2.35,44.46,40.23,10.1,14.88,61.1,0.0,1.53,1,1,3,1,40,4,2,185.4,8,4.9,2,3,3,185.58,1,0.0,514.02,0.0,496.54,0.0,143.52,261.16,1,44,0,0,3,2,3179,2,54,6,93,306.91,2,441.36,162.47,496.59,185.58,153.59,1.0,479.37,0,2,60.1,0.0,0,0
24.0,89.5,28.1,20.0,51.9,6.0,1.29,18.1,20.6,173.0,193.5,2,1,16.28,2,2,1,27.91,3.32,40.94,58.71,10.64,16.79,77.66,0.0,1.38,1,2,0,3,20,4,2,188.0,43,5.5,2,4,3,260.44,1,0.0,541.69,0.0,244.81,0.0,315.92,191.97,1,44,0,1,3,2,4694,1,63,0,77,239.05,2,233.65,315.37,439.46,367.09,248.04,1.0,448.02,0,1,56.8,0.0,0,0
24.0,92.5,29.0,32.6,38.4,5.0,1.14,22.2,36.1,457.0,171.0,2,1,46.7,2,3,1,25.58,6.03,32.6,77.77,13.55,3.89,83.99,0.0,1.51,1,1,3,1,0,1,2,200.2,100,6.2,3,4,3,277.99,3,0.0,761.71,0.0,465.88,0.0,620.48,446.69,1,44,2,1,3,2,14346,7,68,5,20,302.93,1,282.5,327.14,143.04,302.93,307.19,1.0,674.1,1,1,56.55,0.0,0,0
24.0,94.0,26.9,31.6,41.5,5.4,1.09,18.9,48.8,565.0,163.5,2,1,46.72,2,3,1,23.07,2.73,34.34,34.34,5.37,5.12,75.51,0.0,1.51,1,1,3,1,0,1,2,218.6,100,6.2,3,4,3,316.27,3,0.0,891.76,0.0,605.22,0.0,772.85,592.66,1,44,2,1,3,2,573,3,38,0,98,295.33,1,295.62,315.37,59.18,295.33,278.71,1.0,807.83,1,1,56.05,0.0,0,0
24.0,95.5,29.7,32.6,37.7,5.4,1.25,18.2,26.8,189.0,187.5,2,1,45.86,2,3,1,28.54,6.69,36.65,17.62,3.07,6.03,59.98,0.0,1.51,1,1,3,1,20,1,2,178.7,100,5.9,3,4,3,410.22,3,0.0,1028.6,0.0,750.09,0.0,925.22,741.52,1,44,2,1,3,2,359,0,62,0,99,357.96,1,374.8,370.51,181.1,282.5,326.34,1.0,947.77,1,1,55.55,0.0,0,0
24.0,97.0,25.9,34.4,39.7,5.5,1.2,20.3,34.2,243.0,180.0,2,1,54.92,2,2,1,29.2,6.55,36.93,22.02,4.53,3.25,59.66,0.0,1.73,1,1,3,1,20,1,2,175.2,100,5.9,3,4,3,531.06,3,0.0,1169.84,0.0,897.81,0.0,1077.58,891.82,1,44,2,1,3,2,437,3,52,0,86,393.79,1,488.93,469.56,329.15,343.11,425.23,1.0,1091.54,1,1,58.3,0.0,0,0
24.5,68.0,24.4,32.0,43.6,7.7,1.49,13.6,11.1,108.0,223.5,1,1,50.72,2,1,1,29.68,2.76,44.88,7.97,2.68,16.09,55.49,0.0,1.65,0,2,3,1,40,1,2,168.9,23,5.0,2,3,3,487.39,1,0.0,1639.31,0.0,1602.65,0.0,1381.89,376.13,4,55,1,1,2,1,10607,5,56,1,99,338.28,3,904.06,1694.97,198.53,409.3,444.42,1.0,338.28,0,3,64.85,0.0,0,0
24.5,68.5,25.2,36.5,38.3,7.6,1.51,14.3,8.2,74.0,226.5,2,1,61.01,2,1,1,30.13,2.09,46.91,8.4,2.8,13.72,51.26,0.0,1.65,0,2,3,1,60,1,2,161.9,57,5.5,3,3,3,439.92,1,0.0,1599.74,0.0,1562.27,0.0,1347.36,339.0,4,55,1,1,2,1,435,3,62,0,100,301.73,3,855.02,1665.95,153.15,374.1,415.77,1.0,301.73,0,3,56.1,0.0,0,0
24.5,69.5,26.9,50.3,22.8,7.8,1.48,12.3,6.5,58.0,222.0,2,2,93.47,2,1,1,30.23,2.35,45.74,9.47,3.08,17.48,49.13,0.0,1.67,0,2,3,1,60,1,2,158.5,100,5.5,3,3,3,347.9,1,0.0,1522.88,0.0,1483.7,0.0,1281.89,278.28,4,55,1,1,2,1,431,3,33,0,99,244.65,3,757.39,1570.23,83.58,315.97,373.23,1.0,244.65,0,3,48.85,0.0,0,0
24.5,70.0,25.8,45.2,29.0,7.8,1.5,11.0,6.2,76.0,225.0,2,2,82.04,2,1,1,30.16,2.48,44.78,11.13,3.58,19.57,47.5,0.0,1.71,2,2,3,1,40,1,2,156.4,100,5.5,3,3,3,304.23,1,0.0,1485.71,0.0,1445.63,0.0,1243.45,257.89,3,50,1,1,2,1,9562,17,24,0,51,228.16,3,708.87,1520.33,80.44,295.47,361.09,1.0,228.16,0,3,52.35,0.0,0,0
24.5,71.0,27.5,38.7,33.8,7.6,1.44,21.0,7.9,90.0,216.0,2,1,63.75,2,1,1,30.06,2.56,45.44,16.21,5.05,15.3,46.4,0.0,1.8,2,2,3,1,40,1,2,155.0,100,5.5,3,3,3,226.11,1,0.0,1414.21,0.0,1372.26,0.0,1146.04,245.48,3,50,1,1,2,1,14254,0,68,5,89,228.16,3,612.64,1420.78,144.51,277.99,358.17,1.0,228.16,0,3,59.1,0.0,0,0
24.5,71.5,19.4,38.6,42.1,7.3,1.49,22.5,8.3,136.0,223.5,1,1,73.22,2,1,1,30.06,2.56,45.44,16.21,5.05,15.3,46.4,0.0,1.8,2,2,3,1,40,1,2,155.0,100,5.5,3,3,3,195.39,1,0.0,1380.04,0.0,1337.12,0.0,1097.66,254.84,3,50,1,1,2,1,8130,1,64,3,95,244.65,3,565.07,1371.15,189.23,282.46,367.57,1.0,244.65,0,3,64.35,0.0,0,0
24.5,72.5,19.4,47.1,33.5,7.4,1.48,32.3,9.5,149.0,222.0,1,2,94.47,1,1,1,28.58,2.54,44.42,22.68,7.45,13.64,48.36,0.0,1.7,2,2,3,1,40,1,2,164.0,9,5.5,2,3,1,166.79,1,0.0,1315.25,0.0,1270.34,0.0,1001.75,299.89,1,44,0,1,2,1,152479,8,69,6,76,279.67,1,471.6,1272.22,195.77,315.97,405.55,1.0,301.73,0,3,68.35,0.0,0,0
24.5,73.5,31.9,35.2,32.9,7.3,1.5,39.3,12.7,184.0,225.0,2,1,49.72,1,1,1,26.93,2.55,43.75,22.78,7.19,13.5,49.7,0.0,1.68,2,2,3,1,40,1,2,173.2,4,4.6,2,3,1,195.39,1,0.0,1255.82,0.0,999.0,0.0,907.24,368.44,1,44,0,1,2,1,117422,2,61,12,63,308.08,1,381.68,1173.84,243.05,374.1,463.48,0.0,999.0,0,3,70.3,0.0,0,0
24.5,74.5,38.0,32.3,29.7,7.3,1.62,39.0,9.3,122.0,243.0,2,1,35.15,0,1,1,27.69,2.43,45.1,24.95,7.9,12.96,49.99,0.0,1.68,2,2,3,1,40,1,2,170.4,2,4.6,2,3,1,263.15,1,0.0,1202.54,0.0,999.0,0.0,814.63,406.18,1,44,0,1,0,2,11326,3,63,0,100,261.29,2,298.57,1076.18,273.55,447.34,534.9,0.0,999.0,0,3,68.3,0.0,0,0
24.5,75.5,35.3,34.0,30.7,7.3,1.62,32.3,9.4,141.0,243.0,2,1,42.64,0,1,1,27.82,2.38,44.69,28.33,8.79,15.85,52.74,0.0,1.66,2,1,3,1,40,1,2,173.9,0,0.0,1,3,3,228.16,1,0.0,1156.26,0.0,999.0,0.0,724.66,399.5,1,44,0,1,0,2,68623,6,65,0,77,194.76,2,229.77,979.45,269.86,529.46,556.19,0.0,999.0,0,3,65.55,0.0,0,0
24.5,76.0,28.7,36.3,35.1,7.3,1.62,27.9,8.0,113.0,243.0,2,1,56.31,0,1,1,28.21,1.99,46.05,30.24,9.27,14.31,52.29,0.0,1.66,1,1,3,1,60,1,2,171.5,0,0.0,1,3,3,222.39,1,0.0,1136.03,0.0,999.0,0.0,680.99,374.34,1,44,1,1,0,2,26320,4,51,0,99,174.21,2,205.41,931.52,281.69,529.29,509.88,0.0,999.0,0,2,66.05,0.0,0,0
24.5,77.0,27.3,35.8,36.9,7.2,1.62,32.2,8.4,122.0,243.0,2,1,56.74,0,1,1,27.96,2.26,45.93,32.28,9.87,13.46,52.97,0.0,1.67,1,1,3,1,60,1,2,173.6,0,0.0,1,3,3,244.65,1,0.0,1097.82,0.0,999.0,0.0,597.25,340.84,1,44,1,1,0,2,885,2,75,1,91,174.21,2,190.1,836.81,304.37,441.34,420.49,0.0,999.0,0,2,66.8,0.0,0,0
24.5,79.0,31.7,28.1,40.2,7.3,1.62,27.9,8.8,112.0,243.0,2,1,32.21,0,1,1,27.63,1.77,45.71,36.04,10.89,13.2,56.28,0.0,1.67,1,1,3,1,40,1,2,179.4,1,4.7,2,3,3,282.46,1,0.0,919.55,0.0,999.0,0.0,413.11,357.98,1,44,1,1,0,2,704,8,55,0,100,103.52,2,185.6,654.25,335.65,294.11,269.91,0.0,999.0,0,2,65.8,0.0,0,0
24.5,79.5,35.5,32.8,31.6,7.1,1.53,29.6,15.4,176.0,229.5,2,1,39.4,0,1,1,27.56,1.44,46.09,37.91,11.17,13.62,57.69,0.0,1.67,1,1,3,1,40,1,2,181.3,2,4.7,2,3,3,295.47,1,0.0,876.85,0.0,874.94,0.0,364.03,378.98,1,44,1,1,0,2,13071,4,54,0,100,55.23,2,169.56,610.8,360.8,269.15,244.65,1.0,800.99,0,2,66.1,0.0,0,0
24.5,80.5,33.5,16.0,50.5,7.6,1.61,39.0,10.4,123.0,241.5,2,1,0.1,2,1,1,27.56,1.01,46.85,37.69,10.68,13.55,58.2,0.0,1.63,1,1,3,1,40,4,2,181.9,3,5.0,2,3,3,271.18,1,0.0,794.56,0.0,789.96,0.0,267.37,435.38,1,44,0,0,3,2,2073,1,60,0,99,55.23,2,181.37,519.9,424.53,244.84,222.39,1.0,727.46,0,2,60.1,0.0,0,0
24.5,81.0,31.2,25.9,42.9,7.4,1.6,34.7,10.6,148.0,240.0,2,1,27.31,2,1,1,27.8,0.86,47.11,34.91,9.59,14.35,57.77,0.0,1.63,1,1,3,1,40,4,2,180.2,8,5.0,2,3,3,225.1,1,0.0,755.31,0.0,749.14,0.0,220.46,469.04,1,44,0,0,3,2,3061,7,46,1,90,88.96,2,206.72,470.42,461.26,225.1,228.16,1.0,693.5,0,2,58.6,0.0,0,0
24.5,82.0,31.4,27.5,41.2,7.3,1.63,34.7,13.5,214.0,244.5,2,1,31.07,2,1,1,27.79,0.77,46.87,35.46,9.88,13.89,58.2,0.0,1.63,1,1,3,1,40,4,2,180.7,7,5.0,2,3,3,142.05,1,0.0,681.67,0.0,671.86,0.0,134.48,467.66,1,44,0,0,3,2,4342,0,63,0,100,134.97,2,279.2,372.5,541.14,142.05,269.91,1.0,632.74,0,2,60.1,0.0,0,0
24.5,82.5,33.1,27.7,39.2,7.3,1.59,35.0,11.9,126.0,238.5,2,1,29.53,2,1,1,27.86,1.02,46.75,32.94,8.87,15.61,58.05,0.0,1.63,1,1,3,1,40,4,2,180.2,7,5.0,2,3,3,112.05,1,0.0,647.84,0.0,635.93,0.0,102.26,421.59,1,44,0,0,3,2,3649,1,61,0,99,176.33,2,321.44,324.39,583.41,112.05,301.73,1.0,606.64,0,2,58.1,0.0,0,0
24.5,83.0,38.7,21.0,40.3,7.3,1.64,40.8,11.3,146.0,246.0,2,1,6.06,2,1,1,28.09,2.01,45.71,32.23,8.48,16.53,58.1,0.0,1.67,1,1,3,1,40,4,2,179.2,8,5.0,2,3,3,100.08,1,0.0,616.46,0.0,602.24,0.0,88.96,376.77,1,44,0,0,3,2,707,0,81,0,97,221.64,2,365.9,277.22,583.93,100.08,269.21,1.0,583.93,0,2,58.1,0.0,0,0
24.5,83.5,35.6,22.2,42.3,7.3,1.52,37.9,12.1,152.0,228.0,2,1,12.78,2,1,1,27.92,1.9,45.55,35.83,9.23,15.74,59.69,0.0,1.67,1,1,3,1,40,4,2,181.6,7,4.9,2,3,3,112.05,1,0.0,587.9,0.0,571.19,0.0,102.26,333.7,1,44,0,0,3,2,179,0,71,0,100,268.89,2,411.84,231.6,565.01,112.05,226.47,1.0,554.58,0,2,58.1,0.0,0,0
24.5,85.5,32.7,30.2,37.1,6.3,1.44,26.9,24.6,140.0,216.0,2,1,36.26,2,2,1,26.88,1.14,45.02,38.78,9.44,13.63,66.26,0.0,1.44,1,1,3,1,40,4,2,192.0,4,4.5,2,3,3,188.63,1,0.0,510.84,0.0,413.75,0.0,113.04,202.03,1,44,0,1,3,2,6975,8,46,3,91,459.89,2,436.93,111.19,534.13,271.18,134.97,1.0,449.71,0,2,59.85,0.0,0,0
24.5,86.0,28.8,40.4,30.8,6.7,1.49,20.9,18.0,144.0,223.5,2,2,66.44,2,1,1,26.84,1.32,44.87,39.9,9.63,14.1,67.97,0.0,1.43,1,1,3,1,40,4,2,193.1,7,4.7,2,3,3,150.61,1,0.0,503.01,0.0,377.48,0.0,87.78,190.13,1,44,0,1,3,2,554,1,58,0,98,421.38,2,398.86,122.25,538.58,318.57,151.22,1.0,434.83,0,1,58.3,0.0,0,0
24.5,86.5,29.4,38.1,32.4,6.6,1.4,16.1,17.5,140.0,210.0,2,1,59.97,2,1,1,26.84,1.32,44.87,39.9,9.63,14.1,67.97,0.0,1.43,1,2,0,3,40,4,2,193.1,9,4.7,2,3,3,122.25,1,0.0,500.38,0.0,344.99,0.0,78.49,191.48,1,44,0,1,3,2,4964,1,40,0,99,385.81,2,363.97,150.61,547.85,366.44,180.79,1.0,425.65,0,1,58.55,0.0,0,0
24.5,84.0,35.9,22.3,41.8,7.3,1.56,39.3,10.6,136.0,234.0,2,1,12.67,2,1,1,27.92,1.9,45.55,35.83,9.23,15.74,59.69,0.0,1.53,1,1,3,1,40,4,2,181.6,5,4.7,2,3,3,142.05,1,0.0,562.6,0.0,537.19,0.0,134.48,293.15,1,44,0,0,3,2,713,0,50,0,28,317.23,2,458.82,188.63,550.27,142.05,187.8,1.0,522.81,0,2,58.1,0.0,0,0
24.5,84.5,40.5,19.8,39.7,7.0,1.53,43.1,15.8,129.0,229.5,3,1,0.9,2,1,3,28.06,1.97,45.54,38.84,9.77,14.95,60.57,0.0,1.53,1,1,3,1,40,4,2,181.7,1,3.8,1,3,3,181.34,1,0.0,541.03,0.0,494.19,0.0,137.72,256.34,1,44,0,0,3,2,708,0,46,0,95,366.21,2,506.56,150.61,540.06,181.34,156.26,1.0,494.33,0,2,55.6,0.0,0,0
24.5,87.0,25.1,37.1,37.8,6.4,1.38,20.7,21.1,176.0,207.0,2,1,62.63,2,2,1,27.21,1.65,44.29,42.86,9.62,15.96,69.06,0.0,1.36,1,2,0,3,40,4,2,191.5,11,5.0,2,3,3,111.19,1,0.0,503.01,0.0,317.42,0.0,98.82,205.84,1,44,0,1,3,2,646,0,56,1,81,354.05,2,333.3,188.63,561.71,340.24,218.34,1.0,422.54,0,1,67.55,0.0,0,0
24.5,87.5,22.8,42.5,34.7,6.1,1.34,17.9,29.2,247.0,201.0,1,2,78.89,2,2,1,27.46,1.93,44.09,43.67,9.06,14.55,70.57,0.0,1.36,1,2,0,3,40,4,2,190.5,13,5.0,2,3,3,122.25,1,0.0,510.84,0.0,296.16,0.0,136.07,230.33,1,44,0,1,3,2,616,0,56,0,82,327.23,2,308.08,231.6,579.83,319.76,260.43,1.0,425.65,0,1,56.8,0.0,0,0
24.5,85.0,32.6,19.2,48.2,7.1,1.44,29.1,16.5,169.0,216.0,2,1,8.88,2,1,1,27.52,1.41,45.43,38.81,9.59,14.06,62.71,0.0,1.44,1,1,3,1,40,4,2,186.2,3,4.5,2,3,3,225.1,1,0.0,523.63,0.0,452.88,0.0,115.3,225.1,1,44,0,1,3,2,2776,0,56,4,90,415.62,2,477.44,122.25,534.63,225.1,136.87,1.0,469.76,0,2,63.1,0.0,0,0
24.5,88.0,28.4,21.3,50.2,6.5,1.3,19.5,17.7,188.0,195.0,2,1,19.17,2,1,1,28.03,2.63,43.01,45.0,8.6,15.74,72.13,0.0,1.35,1,2,0,3,40,4,2,187.6,19,5.0,2,3,3,150.61,1,0.0,523.63,0.0,282.64,0.0,180.03,215.17,1,44,0,1,3,2,11841,1,72,0,94,306.64,2,289.75,274.69,586.82,306.17,305.19,1.0,434.83,0,1,69.3,0.0,0,0
24.5,89.5,35.8,22.1,42.1,6.3,1.28,20.6,21.0,150.0,192.0,2,1,12.29,2,2,1,27.8,2.7,41.05,60.22,10.53,15.83,77.54,0.0,1.38,1,2,0,3,20,4,2,188.7,66,5.3,3,4,3,277.22,1,0.0,587.9,0.0,296.16,0.0,324.01,239.18,1,44,0,1,3,2,2404,0,50,6,66,272.62,1,287.04,260.61,435.07,313.44,303.0,1.0,494.33,0,2,53.85,0.0,0,0
24.5,90.0,17.9,36.6,45.5,7.1,1.31,17.8,18.2,122.0,196.5,1,1,70.02,2,1,1,27.59,2.67,40.24,73.22,12.47,14.46,79.66,0.0,1.35,1,2,0,3,20,3,2,189.3,93,5.5,3,4,3,324.39,1,0.0,616.46,0.0,317.42,0.0,373.45,266.89,1,44,0,1,3,2,2747,0,43,6,69,254.5,1,303.81,274.69,384.48,331.29,314.01,1.0,522.81,0,1,64.55,0.0,0,0
24.5,90.5,29.1,35.1,35.8,5.8,1.25,18.1,23.3,149.0,187.5,2,1,52.83,2,2,1,27.39,2.69,40.14,88.53,15.16,13.37,81.2,0.0,1.35,1,1,0,3,20,3,2,190.0,100,5.7,3,4,3,299.57,3,0.0,647.84,0.0,344.99,0.0,423.2,300.75,1,44,0,1,3,2,3141,1,60,1,70,245.45,1,327.77,296.66,333.9,355.35,332.59,1.0,554.58,0,1,55.55,0.0,0,0
24.5,91.5,28.5,38.9,32.6,5.8,1.22,21.6,21.1,232.0,183.0,2,1,63.05,2,2,1,27.36,4.79,37.45,104.33,18.64,14.32,82.09,0.0,1.49,1,1,0,3,20,3,2,189.7,100,5.7,3,5,3,243.98,3,0.0,717.59,0.0,413.75,0.0,523.25,380.09,1,44,0,1,3,2,34584,7,85,11,20,257.44,1,268.55,324.94,232.72,301.42,320.52,1.0,625.94,0,1,51.55,0.0,0,0
24.5,92.0,25.6,40.8,33.6,5.6,1.27,19.0,20.7,204.0,190.5,2,2,71.28,2,2,1,26.98,4.22,37.4,107.28,19.14,13.94,83.86,0.0,1.51,1,1,3,1,10,1,2,191.2,100,6.7,3,5,3,227.98,3,0.0,755.31,0.0,452.88,0.0,573.46,423.4,1,44,0,1,3,2,48460,12,69,19,60,272.49,1,243.98,296.66,182.13,272.49,286.51,1.0,664.7,0,1,52.55,0.0,0,0
24.5,92.5,27.7,39.3,33.0,5.1,1.18,15.5,29.3,438.0,177.0,2,1,65.01,2,3,1,26.81,4.98,38.09,92.86,16.08,6.57,82.54,0.0,1.51,1,1,3,1,20,1,2,193.0,100,5.7,3,5,3,222.39,3,0.0,794.56,0.0,494.19,0.0,623.74,468.25,1,44,2,1,3,2,79909,2,57,0,81,250.35,1,227.98,274.69,131.54,250.35,257.83,1.0,705.06,1,1,51.8,0.0,0,0
24.5,93.0,30.3,30.8,38.9,5.1,1.13,18.7,30.9,385.0,169.5,2,1,40.64,2,3,1,25.33,4.74,34.57,60.42,9.69,4.86,79.7,0.0,1.55,1,1,3,1,0,1,2,203.6,100,6.2,3,5,3,227.98,3,0.0,835.14,0.0,537.19,0.0,674.1,514.24,1,44,2,1,3,2,15442,5,79,4,10,236.93,1,222.39,260.61,80.95,236.93,236.44,1.0,746.76,1,2,53.1,0.0,0,0
24.5,93.5,32.4,27.5,40.1,5.3,1.12,19.6,33.0,335.0,168.0,2,1,29.87,2,3,1,23.0,2.83,33.29,44.91,7.04,5.98,79.36,0.0,1.55,1,1,3,1,0,1,2,219.1,100,6.2,3,5,3,243.98,3,0.0,876.85,0.0,581.49,0.0,724.5,561.09,1,44,2,1,3,2,8811,1,65,0,87,233.72,1,227.98,255.75,30.35,233.72,224.42,1.0,789.6,1,2,53.85,0.0,0,0
24.5,94.0,28.7,35.1,36.2,5.7,1.27,17.1,30.6,208.0,190.5,2,1,53.31,2,2,1,23.0,2.83,33.29,44.91,7.04,5.98,79.36,0.0,1.51,1,1,3,1,0,1,2,219.1,100,6.2,3,5,3,268.55,3,0.0,919.55,0.0,626.82,0.0,774.93,608.6,1,44,2,1,3,2,21078,4,72,0,58,241.14,1,243.98,260.61,20.24,241.14,223.29,1.0,833.39,1,1,57.05,0.0,0,0
24.5,94.5,30.0,31.3,38.7,5.7,1.3,20.1,22.4,188.0,195.0,2,1,42.25,2,2,1,25.61,4.04,36.46,37.33,6.0,5.58,71.51,0.0,1.51,1,1,3,1,10,1,2,201.7,100,5.9,3,5,3,299.57,3,0.0,963.1,0.0,672.97,0.0,825.4,656.62,1,44,2,1,3,2,3523,1,66,0,97,258.27,1,268.55,274.69,70.83,227.98,233.22,1.0,877.99,1,1,56.55,0.0,0,0
24.5,95.0,29.9,32.3,37.8,5.7,1.27,21.6,28.6,171.0,190.5,2,1,44.87,2,2,1,28.54,6.25,38.02,27.82,4.68,4.37,64.39,0.0,1.51,1,1,3,1,20,1,2,182.0,100,5.9,3,5,3,335.26,3,0.0,1007.39,0.0,719.78,0.0,875.9,705.05,1,44,2,1,3,2,28,0,25,2,22,283.35,1,299.57,296.66,121.42,222.39,252.9,1.0,923.28,1,1,56.55,0.0,0,0
24.5,95.5,31.0,33.0,36.0,5.5,1.24,20.3,27.8,181.0,186.0,2,1,45.3,2,2,1,28.24,6.1,37.93,22.8,4.14,6.52,62.19,0.0,1.51,1,1,3,1,20,1,2,182.1,100,5.9,3,5,3,374.29,3,0.0,1052.32,0.0,767.14,0.0,926.42,753.81,1,44,2,1,3,2,123,2,23,1,7,314.49,1,335.26,324.94,172.01,227.98,280.29,1.0,969.18,1,2,56.1,0.0,0,0
24.5,96.0,28.6,32.3,39.0,5.3,1.18,25.4,31.8,253.0,177.0,2,1,46.43,2,3,1,28.78,7.02,36.38,19.89,3.98,3.83,59.99,0.0,1.7,1,1,3,1,20,1,2,177.6,100,5.9,3,5,3,415.72,3,0.0,1097.82,0.0,814.94,0.0,976.95,802.85,1,44,2,1,3,2,2005,3,65,1,98,335.97,1,374.29,358.03,222.6,243.98,313.37,1.0,1015.58,1,1,52.3,0.0,0,0
24.5,96.5,25.7,32.2,42.1,5.6,1.25,23.7,35.2,292.0,187.5,2,1,49.66,2,2,1,28.78,7.02,36.38,19.89,3.98,3.83,59.99,0.0,1.7,1,1,3,1,20,1,2,177.6,100,5.9,3,5,3,458.89,3,0.0,1143.82,0.0,863.11,0.0,1027.49,852.1,1,44,2,1,3,2,503,1,63,0,98,333.73,1,415.72,394.73,273.19,268.55,350.53,1.0,1062.44,1,1,56.55,0.0,0,0
24.5,97.0,31.8,32.7,35.5,5.3,1.17,21.2,41.2,404.0,175.5,2,1,43.59,2,3,1,29.53,7.81,36.25,21.48,4.41,3.32,58.68,0.0,1.73,1,1,3,1,20,1,2,172.8,100,5.9,3,5,3,503.36,3,0.0,1190.26,0.0,911.59,0.0,1078.05,901.54,1,44,2,1,3,2,416,3,41,2,67,338.93,1,458.89,434.11,323.78,299.57,390.61,1.0,1109.68,1,2,51.85,0.0,0,0
25.0,68.0,27.8,36.8,35.4,8.0,1.48,15.9,4.2,52.0,222.0,2,1,58.64,2,1,1,29.56,2.36,45.59,7.31,2.3,14.25,52.99,0.0,1.61,0,1,3,1,40,1,2,166.5,27,5.0,2,3,3,508.29,1,0.0,1674.02,0.0,1636.24,0.0,1422.47,414.06,4,55,1,1,2,1,14970,4,64,4,88,376.83,3,892.3,1728.77,225.89,373.27,489.79,1.0,376.83,0,3,64.1,0.0,0,0
25.0,68.5,24.5,18.9,56.6,8.0,1.47,14.9,8.4,84.0,220.5,1,1,17.85,2,1,1,30.32,1.32,48.26,7.46,2.35,14.38,47.63,0.0,1.61,0,1,3,1,60,1,2,156.0,25,5.0,2,3,3,463.16,1,0.0,1635.43,0.0,1596.85,0.0,1389.07,380.79,4,55,1,1,2,1,195,3,73,0,95,344.53,3,842.79,1679.13,187.44,334.47,464.05,1.0,344.53,0,3,66.35,0.0,0,0
25.0,69.0,26.7,42.8,30.5,7.9,1.4,15.6,5.3,35.0,210.0,2,2,74.96,2,1,1,30.32,1.32,48.26,7.46,2.35,14.38,47.63,0.0,1.62,0,1,3,1,60,1,2,156.0,44,5.4,2,3,3,419.33,1,0.0,1597.6,0.0,1558.2,0.0,1355.5,351.77,4,55,1,1,2,1,531,2,67,1,98,317.14,3,793.34,1629.57,156.1,299.0,442.73,1.0,317.14,0,3,56.6,0.0,0,0
25.0,69.5,34.6,32.9,32.5,8.0,1.48,11.8,7.2,46.0,222.0,2,1,40.73,2,1,1,30.56,1.47,47.64,7.96,2.53,17.49,45.29,0.0,1.62,0,1,3,1,60,1,2,151.3,100,5.8,3,3,3,377.24,1,0.0,1560.6,0.0,1520.35,0.0,1307.06,328.12,4,55,1,1,2,1,444,4,43,1,98,296.03,3,743.99,1580.1,136.85,268.19,426.51,1.0,296.03,0,3,56.6,0.0,0,0
25.0,70.0,26.2,45.8,28.0,7.9,1.47,12.7,5.4,48.0,220.5,2,2,83.06,2,1,1,30.33,1.7,46.14,9.08,2.89,16.83,44.2,0.0,1.69,2,1,3,1,40,1,2,150.3,100,5.5,3,3,3,337.55,1,0.0,1524.47,0.0,1483.35,0.0,1258.83,311.08,3,50,1,1,2,1,9649,14,24,0,48,282.61,3,694.74,1530.71,134.96,243.81,415.97,1.0,282.61,0,3,54.85,0.0,0,0
25.0,71.0,26.4,45.0,28.7,7.8,1.46,17.8,8.5,112.0,219.0,2,2,80.82,2,1,1,30.1,2.56,45.14,12.83,3.95,17.37,43.39,0.0,1.67,2,2,3,1,40,1,2,149.7,100,5.8,3,3,3,269.57,1,0.0,1455.14,0.0,1412.21,0.0,1163.08,300.92,3,50,1,1,2,1,12,0,12,0,9,282.61,3,596.67,1432.28,180.47,222.39,413.45,1.0,282.61,0,3,53.85,0.0,0,0
25.0,71.5,19.4,53.1,27.5,7.7,1.48,21.1,7.2,135.0,222.0,1,2,109.47,2,1,1,30.1,2.56,45.14,12.83,3.95,17.37,43.39,0.0,1.67,2,2,3,1,40,1,2,149.7,34,5.8,2,3,3,244.49,1,0.0,1422.07,0.0,1378.21,0.0,1115.64,308.57,3,50,1,1,2,1,3084,1,41,0,100,296.03,3,547.92,1383.25,217.8,227.93,421.58,1.0,296.03,0,3,61.6,0.0,0,0
25.0,72.0,20.8,49.0,30.2,7.6,1.43,23.0,8.2,125.0,214.5,1,2,97.54,2,1,1,29.91,1.91,46.04,15.08,4.78,14.63,43.87,0.0,1.71,2,2,3,1,40,1,2,151.3,10,5.5,2,3,3,228.12,1,0.0,1390.17,0.0,1345.37,0.0,1068.52,324.15,1,44,1,1,2,1,552,0,47,1,99,317.14,3,499.45,1334.37,244.63,243.81,435.6,1.0,317.14,0,3,64.85,0.0,0,0
25.0,72.5,22.6,41.9,35.5,7.5,1.49,23.4,9.0,139.0,223.5,1,2,77.63,1,1,1,28.7,1.37,45.91,18.95,6.2,14.2,46.6,0.0,1.71,2,2,3,1,40,1,2,160.6,6,4.6,2,3,1,222.39,1,0.0,1359.52,0.0,1313.76,0.0,1021.79,346.57,1,44,0,1,2,1,6241,3,62,4,92,334.98,1,451.34,1285.65,249.85,268.19,454.95,1.0,344.53,0,3,69.1,0.0,0,0
25.0,73.0,24.0,42.0,34.0,7.4,1.49,28.1,9.5,134.0,223.5,1,2,76.2,1,1,1,27.92,1.84,45.0,20.19,6.43,13.11,47.12,0.0,1.71,2,2,3,1,40,1,2,164.6,5,4.6,2,3,1,228.12,1,0.0,1330.2,0.0,999.0,0.0,975.49,374.61,1,44,0,1,2,1,51312,6,68,9,84,343.41,1,403.72,1237.11,264.91,299.0,479.0,1.0,376.83,0,1,69.55,0.0,0,0
25.0,73.5,35.0,38.1,26.9,7.1,1.52,36.3,13.3,162.0,228.0,2,1,53.25,1,1,1,26.5,1.58,43.81,20.17,6.38,12.92,48.46,0.0,1.71,2,2,3,1,40,1,2,172.9,3,4.6,2,3,1,244.49,1,0.0,1302.31,0.0,999.0,0.0,929.69,407.12,1,44,0,1,2,1,40616,1,55,7,86,320.95,2,356.79,1188.78,265.0,334.47,507.08,0.0,999.0,0,2,71.05,0.0,0,0
25.0,74.5,35.9,35.9,28.2,7.3,1.58,37.4,8.4,107.0,237.0,2,1,46.67,1,1,1,27.48,1.03,45.91,22.78,7.31,12.36,48.07,0.0,1.68,2,2,3,1,40,1,2,168.1,3,4.6,2,3,1,301.21,1,0.0,1251.2,0.0,999.0,0.0,839.93,423.19,1,44,0,1,2,2,7223,3,54,3,93,229.46,2,266.45,1092.85,219.62,414.47,572.86,0.0,999.0,0,2,69.05,0.0,0,0
25.0,75.0,32.3,34.8,33.0,7.3,1.62,27.9,8.4,109.0,243.0,2,1,48.24,1,1,1,27.56,1.12,45.94,25.48,8.19,15.49,49.66,0.0,1.66,2,1,3,1,40,1,2,170.4,1,4.6,2,3,1,296.03,1,0.0,1228.17,0.0,999.0,0.0,796.17,386.99,1,44,0,1,2,1,48606,2,65,0,97,187.15,2,224.46,1045.31,211.51,457.42,609.52,0.0,999.0,0,2,71.55,0.0,0,0
25.0,75.5,32.4,40.4,27.2,7.3,1.59,25.9,13.5,159.0,238.5,2,2,62.12,1,1,1,27.9,1.37,45.95,26.86,8.44,16.47,50.45,0.0,1.66,2,1,3,1,40,1,2,170.2,1,4.6,2,3,3,282.61,1,0.0,1206.95,0.0,999.0,0.0,753.34,354.12,1,44,0,1,2,2,37876,15,50,8,77,149.79,2,186.54,998.12,215.02,501.66,579.79,0.0,999.0,0,2,58.55,0.0,0,0
25.0,76.0,26.7,46.1,27.2,7.2,1.49,19.9,8.9,143.0,223.5,2,2,83.21,1,1,1,28.45,1.46,46.86,28.56,8.72,14.92,50.71,0.0,1.63,1,1,3,1,60,1,2,168.2,0,0.0,1,3,3,277.99,1,0.0,1187.64,0.0,999.0,0.0,705.28,325.59,1,44,1,1,2,2,56938,4,58,4,85,121.99,2,155.69,951.32,229.63,546.89,535.7,0.0,999.0,0,1,61.25,0.0,0,0
25.0,76.5,27.5,45.3,27.2,7.5,1.55,27.2,7.9,118.0,232.5,2,2,80.25,1,1,1,28.45,1.46,46.86,28.56,8.72,14.92,50.71,0.0,1.63,1,1,3,1,60,1,2,168.2,0,0.0,1,3,3,282.61,1,0.0,1167.5,0.0,999.0,0.0,655.03,302.65,1,44,1,1,2,2,1978,2,60,2,79,111.19,2,136.78,904.98,253.43,514.27,492.91,0.0,999.0,0,1,62.0,0.0,0,0
25.0,77.0,30.4,40.9,28.7,7.3,1.6,27.8,7.9,100.0,240.0,2,1,65.77,1,1,1,27.97,2.19,45.89,29.24,8.82,13.62,51.88,0.0,1.64,1,1,3,1,60,1,2,172.0,0,0.0,1,3,3,268.19,1,0.0,1122.65,0.0,999.0,0.0,604.79,286.62,1,44,1,1,2,2,332,2,70,0,97,121.99,2,134.93,859.17,249.67,473.86,451.81,0.0,999.0,0,2,66.8,0.0,0,0
25.0,78.0,30.1,37.3,32.6,7.1,1.55,31.5,9.2,123.0,232.5,2,1,57.13,1,1,1,27.74,1.75,45.69,30.19,8.68,13.42,53.85,0.0,1.53,1,1,3,1,40,1,2,175.8,0,0.0,1,3,3,227.93,1,0.0,1034.73,0.0,999.0,0.0,504.34,279.59,1,44,1,1,2,2,773,3,55,0,98,187.15,2,179.68,769.52,249.67,400.31,376.83,0.0,999.0,0,2,69.05,0.0,0,0
25.0,79.0,21.4,40.7,38.0,7.5,1.47,22.6,10.5,131.0,220.5,1,2,76.07,1,1,1,28.14,1.95,46.01,31.03,9.08,13.12,54.46,0.0,1.52,1,1,3,1,40,1,2,174.7,0,0.0,1,3,3,227.93,1,0.0,949.76,0.0,999.0,0.0,403.98,306.73,1,44,1,1,2,2,406,1,55,0,100,106.27,2,236.77,679.68,286.83,341.59,317.14,0.0,999.0,0,1,70.25,0.0,0,0
25.0,79.5,24.0,45.3,30.7,7.2,1.56,21.7,9.4,110.0,234.0,1,2,84.45,1,1,1,28.3,1.68,46.74,32.28,9.21,12.76,55.11,0.0,1.52,1,1,3,1,60,1,2,174.8,0,0.0,1,3,3,243.81,1,0.0,908.65,0.0,904.69,0.0,353.85,330.89,1,44,1,1,2,2,808,1,49,0,94,60.48,2,224.47,630.68,315.78,320.45,296.03,1.0,838.26,0,1,66.8,0.0,0,0
25.0,80.0,23.2,37.0,39.8,7.3,1.58,24.5,9.1,116.0,237.0,1,1,64.66,2,1,1,28.36,1.71,47.07,33.79,9.66,12.8,55.55,0.0,1.44,1,1,3,1,60,1,2,175.1,2,5.0,2,3,3,268.19,1,0.0,868.62,0.0,863.35,0.0,303.79,360.38,1,44,0,1,3,2,44882,3,65,15,60,33.36,2,223.32,581.96,349.5,305.09,282.61,1.0,802.53,0,1,68.8,0.0,0,0
25.0,80.5,24.2,41.8,34.1,7.0,1.54,15.3,17.8,196.0,231.0,1,2,75.46,2,1,1,28.15,1.42,47.06,33.99,9.64,14.03,56.34,0.0,1.44,1,1,3,1,60,4,2,177.0,2,5.0,2,3,3,255.43,1,0.0,829.83,0.0,823.12,0.0,253.83,393.99,1,44,0,1,3,2,1249,2,71,0,99,60.48,2,233.48,533.6,386.73,255.43,277.99,1.0,768.58,0,1,60.55,0.0,0,0
25.0,81.0,20.5,46.6,32.9,7.3,1.52,20.0,10.3,144.0,228.0,1,2,91.9,2,1,1,28.35,1.09,47.45,31.97,8.84,14.48,56.13,0.0,1.44,1,1,3,1,60,4,2,175.8,2,5.0,2,3,3,206.08,1,0.0,792.47,0.0,784.18,0.0,204.05,430.75,1,44,0,1,3,2,1557,5,67,2,96,106.27,2,253.6,485.72,426.57,206.08,282.61,1.0,736.65,0,1,59.8,0.0,0,0
25.0,81.5,27.1,33.0,39.8,7.3,1.58,22.7,9.0,152.0,237.0,2,1,49.98,2,1,1,28.35,1.09,47.45,31.97,8.84,14.48,56.13,0.0,1.44,1,1,3,1,60,4,2,175.8,3,5.0,2,3,3,157.33,1,0.0,756.75,0.0,746.73,0.0,154.62,469.94,1,44,0,1,3,2,5605,1,63,11,60,153.17,2,281.56,438.46,468.33,157.33,296.03,1.0,707.01,0,1,60.55,0.0,0,0
25.0,82.0,29.0,37.3,33.7,7.5,1.49,26.0,9.6,151.0,223.5,2,1,58.45,2,1,1,28.49,0.99,47.6,32.35,9.01,14.81,56.7,0.0,1.44,1,1,3,1,60,4,2,175.7,6,5.0,2,3,3,110.0,1,0.0,722.91,0.0,711.01,0.0,106.04,492.04,1,44,0,1,3,2,2795,2,77,3,75,176.51,2,315.26,392.06,511.56,110.0,317.14,1.0,679.97,0,1,60.55,0.0,0,0
25.0,82.5,28.5,35.7,35.8,7.3,1.56,37.4,11.9,140.0,234.0,2,1,55.05,2,1,1,28.61,1.18,47.37,30.11,8.25,14.81,56.36,0.0,1.44,1,1,3,1,60,4,2,174.8,6,5.0,2,3,3,67.15,1,0.0,691.23,0.0,677.29,0.0,60.38,448.66,1,44,0,1,3,2,2509,0,49,3,86,209.72,2,353.08,346.86,555.91,67.15,341.22,1.0,655.85,0,1,60.55,0.0,0,0
25.0,84.0,28.4,27.9,43.8,7.4,1.42,28.2,19.1,193.0,213.0,2,1,35.67,2,1,1,28.39,1.84,46.2,32.32,8.55,14.79,57.85,0.0,1.4,1,1,3,1,60,4,2,177.4,2,4.6,2,3,3,110.0,1,0.0,612.37,0.0,567.23,0.0,106.04,331.44,1,44,0,1,3,2,2275,0,45,3,16,336.52,2,481.08,225.71,604.29,110.0,230.5,1.0,568.37,0,1,60.55,0.0,0,0
25.0,84.5,30.4,28.8,40.7,7.5,1.39,27.7,19.9,178.0,208.5,2,1,35.52,2,1,1,28.52,2.46,45.95,35.44,9.01,14.74,59.56,0.0,1.4,1,1,3,1,60,4,2,178.5,1,3.8,1,3,3,157.33,1,0.0,592.69,0.0,526.86,0.0,154.62,299.51,1,44,0,1,3,2,4241,1,51,4,28,382.88,2,526.63,195.19,595.04,157.33,205.72,1.0,542.39,0,2,62.6,0.0,0,0
25.0,85.0,28.3,27.0,44.7,7.5,1.42,22.0,17.6,169.0,213.0,2,1,33.54,2,1,1,28.33,1.98,46.27,35.88,8.94,14.5,61.43,0.0,1.41,1,1,3,1,60,4,2,181.0,1,3.8,1,3,3,206.08,1,0.0,576.91,0.0,488.47,0.0,169.54,273.35,1,44,0,1,3,2,2014,0,51,2,90,430.2,2,511.24,174.32,590.14,206.08,191.47,1.0,520.18,0,1,63.05,0.0,0,0
25.0,85.5,29.3,26.1,44.6,7.0,1.4,20.1,17.8,162.0,210.0,2,1,30.09,2,1,1,28.04,1.77,45.73,35.89,8.89,14.0,63.22,0.0,1.41,1,1,3,1,40,4,2,183.8,2,4.5,2,3,3,225.71,1,0.0,565.38,0.0,452.58,0.0,161.59,254.77,1,44,0,1,3,2,13553,1,54,1,90,478.2,2,473.78,166.79,589.69,255.43,190.12,1.0,502.22,0,1,63.55,0.0,0,0
25.0,86.0,25.8,28.1,46.1,7.0,1.35,19.3,22.8,199.0,202.5,2,1,39.29,2,1,1,27.86,1.73,45.24,36.65,9.18,14.76,64.52,0.0,1.39,1,1,3,1,40,4,2,185.7,5,4.5,2,3,3,195.19,1,0.0,558.34,0.0,419.81,0.0,139.45,245.47,1,44,0,1,3,2,1943,1,55,1,90,460.91,2,439.06,174.32,593.71,305.09,201.93,1.0,488.99,0,1,63.55,0.0,0,0
25.0,86.5,24.1,33.1,42.7,6.7,1.32,18.8,19.3,156.0,198.0,1,1,53.83,2,1,1,27.86,1.73,45.24,36.65,9.18,14.76,64.52,0.0,1.39,1,1,0,3,40,4,2,185.7,9,5.0,2,3,3,174.32,1,0.0,555.97,0.0,390.97,0.0,133.82,246.52,1,44,0,1,3,2,21907,2,67,3,64,428.76,2,407.76,195.19,602.1,322.19,224.85,1.0,480.87,0,1,66.3,0.0,0,0
25.0,87.0,27.9,28.5,43.6,6.8,1.31,18.4,21.0,180.0,196.5,2,1,37.77,2,1,1,27.81,1.68,44.92,39.7,9.34,16.45,66.66,0.0,1.38,1,1,0,3,40,4,2,187.1,11,5.0,2,3,3,166.79,1,0.0,558.34,0.0,366.97,0.0,146.61,257.79,1,44,0,1,3,2,22921,1,62,4,38,400.54,2,380.73,225.71,614.69,292.17,255.89,1.0,478.14,0,1,59.05,0.0,0,0
25.0,87.5,20.0,47.9,32.0,6.4,1.34,17.2,22.2,161.0,201.0,1,2,95.75,2,2,1,27.63,1.9,43.64,41.99,9.05,14.59,69.11,0.0,1.38,1,2,0,3,40,4,2,189.1,11,5.0,2,3,3,174.32,1,0.0,565.38,0.0,348.82,0.0,173.81,278.04,1,44,0,1,3,2,2297,0,57,4,61,371.83,1,358.95,250.14,631.23,268.15,292.49,1.0,480.87,0,1,56.8,0.0,0,0
25.0,88.0,26.6,24.2,49.2,6.7,1.32,17.5,19.6,125.0,198.0,2,1,28.58,2,1,1,27.82,2.49,42.59,46.67,9.1,15.29,72.0,0.0,1.36,1,2,0,3,40,4,2,188.8,17,5.0,2,3,3,195.19,1,0.0,576.91,0.0,337.46,0.0,209.89,269.95,1,44,0,1,3,2,53442,0,66,1,98,329.73,1,343.41,223.75,588.28,251.86,332.82,1.0,488.99,0,1,69.3,0.0,0,0
25.0,88.5,40.3,22.5,37.2,6.7,1.31,16.9,19.8,162.0,196.5,3,1,7.89,2,1,3,27.53,1.73,43.47,51.65,9.66,15.49,75.26,0.0,1.36,1,2,0,3,40,4,2,190.6,29,5.0,2,4,3,225.71,1,0.0,592.69,0.0,333.58,0.0,251.04,267.06,1,44,0,1,3,2,13834,1,63,1,94,290.16,1,334.98,206.3,538.04,244.83,361.05,1.0,502.22,0,2,60.6,0.0,0,0
25.0,89.0,36.8,25.2,37.9,6.4,1.28,16.1,16.3,133.0,192.0,2,1,18.84,2,2,1,27.53,1.73,43.47,51.65,9.66,15.49,75.26,0.0,1.38,1,2,0,3,40,4,2,190.6,57,5.3,3,4,3,262.54,1,0.0,612.37,0.0,337.46,0.0,295.16,273.76,1,44,0,1,3,2,4542,1,51,4,67,254.3,1,334.21,200.15,487.86,247.87,355.97,1.0,520.18,0,2,63.35,0.0,0,0
25.0,89.5,35.2,22.0,42.8,6.1,1.3,19.3,16.0,157.0,195.0,2,1,12.76,2,2,1,27.56,1.98,41.93,63.53,11.0,14.91,78.13,0.0,1.38,1,2,0,3,20,4,2,190.0,74,5.3,3,4,3,303.4,1,0.0,635.61,0.0,348.82,0.0,341.08,289.38,1,44,0,1,3,2,2305,2,55,2,71,223.94,1,341.13,206.3,437.74,260.61,358.16,1.0,542.39,0,2,55.85,0.0,0,0
25.0,90.0,28.6,28.3,43.1,5.9,1.28,19.8,18.2,162.0,192.0,2,1,36.43,2,2,1,27.37,2.38,40.46,77.44,13.08,13.87,79.73,0.0,1.34,1,1,0,3,20,3,2,190.7,100,5.3,3,4,3,300.84,1,0.0,662.01,0.0,366.97,0.0,388.18,312.59,1,44,0,1,3,2,7786,2,76,1,71,201.59,1,343.63,223.75,387.72,281.75,367.48,1.0,568.37,0,1,60.05,0.0,0,0
25.0,90.5,23.9,36.8,39.3,5.7,1.3,20.4,16.8,153.0,195.0,1,1,63.32,2,2,1,27.02,3.16,39.1,97.99,16.98,12.52,81.23,0.0,1.34,1,1,0,3,20,3,2,192.3,100,5.7,3,4,3,260.65,3,0.0,691.23,0.0,390.97,0.0,436.07,341.84,1,44,0,1,3,2,7950,0,70,0,47,190.09,1,300.84,250.14,337.83,309.57,370.19,1.0,597.61,0,1,60.8,0.0,0,0
25.0,91.0,28.4,31.0,40.6,5.8,1.2,25.3,30.0,221.0,180.0,2,1,43.42,2,2,1,26.87,4.99,36.0,127.14,22.63,15.1,82.96,0.0,1.38,1,1,0,3,10,3,2,192.4,100,5.7,3,4,3,224.47,3,0.0,722.91,0.0,419.81,0.0,484.51,375.73,1,44,0,1,3,2,9195,0,76,0,88,191.4,1,260.65,282.98,288.15,298.95,326.27,1.0,629.67,0,1,54.8,0.0,0,0
25.0,91.5,26.2,40.1,33.8,5.6,1.2,20.0,21.6,185.0,180.0,2,2,68.81,2,2,1,26.87,4.99,36.0,127.14,22.63,15.1,82.96,0.0,1.38,1,1,0,3,10,3,2,192.4,100,5.7,3,5,3,194.55,3,0.0,756.75,0.0,452.58,0.0,533.36,413.11,1,44,0,1,3,2,10666,1,82,2,13,205.28,1,224.47,282.98,238.81,260.44,284.39,1.0,664.13,0,1,47.05,0.0,0,0
25.0,92.0,27.3,50.4,22.3,5.5,1.26,21.4,20.3,179.0,189.0,2,2,93.24,2,2,1,26.49,4.22,35.41,131.51,23.38,13.69,84.71,0.0,1.41,1,1,3,1,0,1,2,193.8,100,6.7,3,5,3,174.15,3,0.0,792.47,0.0,488.47,0.0,582.51,453.13,1,44,0,1,3,2,9094,1,84,3,20,226.48,1,194.55,250.14,190.08,226.48,245.59,1.0,700.64,0,1,55.3,0.0,0,0
25.0,92.5,24.5,43.0,32.4,5.0,1.27,17.2,26.8,205.0,190.5,1,2,78.1,2,3,1,25.61,5.18,33.64,103.28,17.96,10.75,84.57,0.0,1.41,1,1,3,1,0,1,2,199.6,100,6.0,3,5,3,166.79,3,0.0,829.83,0.0,526.86,0.0,631.89,495.14,1,44,2,1,3,2,11490,3,77,4,56,199.42,1,174.15,223.75,142.56,199.42,211.59,1.0,738.9,1,1,54.8,0.0,0,0
25.0,93.0,31.5,31.6,36.9,5.1,1.1,20.5,42.9,683.0,165.0,2,1,41.2,2,3,1,24.65,4.78,34.22,63.16,10.1,4.17,82.79,0.0,1.47,1,1,3,1,0,1,2,207.0,100,5.5,3,5,3,174.15,3,0.0,868.62,0.0,567.23,0.0,681.45,538.68,1,44,2,1,3,2,14663,1,90,4,50,182.36,1,166.79,206.3,98.07,182.36,185.04,1.0,778.64,1,2,53.85,0.0,0,0
25.0,93.5,30.1,39.3,30.5,5.1,1.11,21.4,51.9,600.0,166.5,2,1,62.13,2,3,1,22.14,3.01,32.24,47.91,7.53,5.62,81.08,0.0,1.47,1,1,3,1,0,1,2,224.8,100,5.5,3,5,3,194.55,3,0.0,908.65,0.0,609.2,0.0,731.15,583.4,1,44,2,1,3,2,2199,0,63,0,92,178.19,1,174.15,200.15,63.32,178.19,169.48,1.0,819.66,1,2,53.85,0.0,0,0
25.0,94.0,31.7,33.9,34.4,5.5,1.18,19.6,37.3,438.0,177.0,2,1,46.71,2,2,1,22.14,3.01,32.24,47.91,7.53,5.62,81.08,0.0,1.45,1,1,3,1,0,1,2,224.8,100,5.5,3,5,3,224.47,3,0.0,949.76,0.0,652.44,0.0,780.97,629.05,1,44,2,1,3,2,14735,1,73,0,60,187.78,1,194.55,206.3,59.15,187.78,167.99,1.0,861.77,1,2,57.35,0.0,0,0
25.0,94.5,27.8,34.4,37.9,5.4,1.11,21.2,42.8,759.0,166.5,2,1,52.64,2,3,1,21.59,0.96,35.37,40.95,6.73,5.65,77.23,0.0,1.45,1,1,3,1,0,1,2,228.9,100,5.9,3,5,3,260.65,3,0.0,991.83,0.0,696.73,0.0,830.88,675.44,1,44,2,1,3,2,6988,1,41,1,96,209.23,1,224.47,223.75,89.93,174.15,180.93,1.0,904.81,1,1,54.3,0.0,0,0
25.0,95.5,31.0,36.7,32.3,5.5,1.24,23.6,32.3,258.0,186.0,2,1,54.55,2,2,1,28.16,6.55,37.88,26.44,4.82,4.97,64.36,0.0,1.57,1,1,3,1,20,1,2,184.0,100,5.9,3,5,3,343.63,3,0.0,1078.36,0.0,787.73,0.0,930.92,769.92,1,44,2,1,3,2,204,2,80,0,98,275.4,1,300.84,282.98,180.44,174.15,238.34,1.0,993.21,1,2,56.1,0.0,0,0
25.0,96.0,28.7,34.5,36.8,5.4,1.19,22.3,43.6,202.0,178.5,2,1,51.81,2,3,1,28.23,5.85,37.35,20.03,3.97,4.18,62.33,0.0,1.58,1,1,3,1,20,1,2,182.2,100,5.9,3,5,3,388.17,3,0.0,1122.65,0.0,834.17,0.0,981.02,817.8,1,44,2,1,3,2,3006,1,70,0,100,280.83,1,343.63,320.29,229.01,194.55,276.34,1.0,1038.38,1,1,53.05,0.0,0,0
25.0,96.5,32.2,32.8,35.0,6.1,1.3,19.6,26.6,175.0,195.0,2,1,43.36,2,2,1,28.23,5.85,37.35,20.03,3.97,4.18,62.33,0.0,1.58,1,1,3,1,20,1,2,182.2,100,5.9,3,5,3,433.91,3,0.0,1167.5,0.0,881.12,0.0,1031.17,866.02,1,44,2,1,3,2,12922,1,69,0,100,278.17,1,388.17,360.68,278.25,224.47,317.7,1.0,1084.08,1,2,56.1,0.0,0,0
25.5,68.0,23.8,42.0,34.2,8.2,1.49,11.5,3.3,43.0,223.5,1,2,76.44,2,1,1,29.45,1.53,46.93,6.92,2.02,15.63,48.14,0.0,1.61,0,1,1,1,60,1,2,160.2,40,5.0,2,3,3,534.18,1,0.0,1709.81,0.0,1670.98,0.0,1464.01,455.63,4,55,1,1,2,1,262,1,41,0,75,419.22,3,883.86,1738.92,262.34,342.52,537.08,1.0,419.22,0,3,59.85,0.0,0,0
25.0,97.0,28.4,35.9,35.7,5.4,1.21,23.4,50.1,316.0,181.5,2,1,55.67,2,3,1,28.95,6.38,37.57,20.6,4.24,3.13,60.17,0.0,1.67,1,1,3,1,20,1,2,176.9,100,5.9,3,5,3,480.52,3,0.0,1212.87,0.0,928.48,0.0,1081.36,914.52,1,44,2,1,3,2,217,4,30,0,100,284.35,1,433.91,403.24,327.88,260.65,361.27,1.0,1130.24,1,1,52.3,0.0,0,0
25.5,68.5,33.6,14.6,51.8,8.0,1.49,13.9,7.7,82.0,223.5,2,1,0.1,2,1,1,30.47,0.74,49.39,7.06,2.07,15.06,44.2,0.0,1.61,0,1,1,1,60,1,2,149.8,23,5.0,2,3,3,491.61,1,0.0,1672.18,0.0,1632.57,0.0,1419.36,425.74,4,55,1,1,2,1,16567,1,54,0,98,390.56,3,834.06,1689.78,230.2,299.95,513.81,1.0,390.56,0,3,59.85,0.0,0,0
25.5,69.0,35.2,32.1,32.7,7.9,1.48,14.3,7.0,75.0,222.0,2,1,38.01,2,1,1,30.47,0.74,49.39,7.06,2.07,15.06,44.2,0.0,1.62,0,1,1,1,60,1,2,149.8,22,5.0,2,3,3,450.72,1,0.0,1635.34,0.0,1594.93,0.0,1371.48,400.1,4,55,1,1,2,2,409,0,50,1,57,366.73,3,784.28,1640.73,205.59,260.0,494.72,1.0,366.73,0,3,58.6,0.0,0,0
25.5,69.5,35.7,34.6,29.7,7.9,1.44,13.0,6.4,63.0,216.0,2,1,43.66,2,1,1,30.74,0.85,48.95,7.33,2.27,16.22,42.41,0.0,1.62,0,1,1,1,60,1,2,145.7,20,4.9,2,3,3,412.02,1,0.0,1599.34,0.0,1558.1,0.0,1323.82,379.56,4,55,1,1,2,2,9725,0,35,0,31,348.7,3,734.53,1591.8,191.45,224.04,480.31,1.0,348.7,0,3,58.6,0.0,0,0
25.5,70.0,30.2,43.4,26.4,8.0,1.46,12.3,6.0,36.0,219.0,2,2,72.26,2,1,1,30.54,1.15,47.41,8.18,2.59,15.56,41.58,0.0,1.69,2,1,1,1,60,1,2,144.9,20,5.1,2,3,3,376.16,1,0.0,1564.24,0.0,1522.16,0.0,1276.41,365.0,3,50,1,1,2,1,0,0,0,0,0,337.43,3,684.82,1542.99,190.11,194.33,471.01,1.0,337.43,0,3,55.85,0.0,0,0
25.5,70.5,29.4,44.4,26.3,8.0,1.49,11.6,4.4,41.0,223.5,2,2,75.72,2,1,1,29.97,1.79,45.54,9.56,2.98,15.23,41.49,0.0,1.69,2,1,1,1,40,1,2,146.6,17,5.5,2,3,3,344.06,1,0.0,1530.1,0.0,1487.16,0.0,1229.28,357.13,3,50,1,1,2,1,20,1,18,0,14,333.58,3,635.15,1494.32,201.83,174.09,467.13,1.0,333.58,0,3,58.85,0.0,0,0
25.5,71.5,20.5,52.7,26.8,7.8,1.48,11.5,8.0,60.0,222.0,1,2,107.15,2,1,1,29.81,2.54,44.72,10.9,3.3,18.62,41.37,0.0,1.67,2,2,1,1,40,1,2,146.9,5,5.1,2,3,3,295.89,1,0.0,1464.99,0.0,1420.28,0.0,1136.02,362.87,3,50,1,1,2,1,1348,1,48,0,100,348.7,3,536.0,1397.44,255.43,174.09,475.96,1.0,348.7,0,3,61.6,0.0,0,0
25.5,72.0,18.2,54.1,27.7,7.8,1.49,16.9,5.5,99.0,223.5,1,2,113.41,2,1,1,29.95,2.25,45.63,12.28,3.82,16.69,41.67,0.0,1.71,2,2,3,1,40,1,2,147.0,5,4.6,2,3,3,282.57,1,0.0,1434.15,0.0,1388.54,0.0,1089.98,376.15,1,44,1,1,2,1,354,0,39,0,100,366.73,3,486.56,1349.26,291.82,194.33,488.37,1.0,366.73,0,3,62.85,0.0,0,0
25.5,73.5,24.7,46.2,29.0,7.3,1.47,23.9,7.1,129.0,220.5,1,2,85.86,1,1,1,27.58,2.21,44.16,17.4,5.39,12.54,46.0,0.0,1.71,2,2,3,1,40,1,2,163.9,3,4.6,2,3,1,295.89,1,0.0,1349.48,0.0,999.0,0.0,954.3,449.35,1,44,0,2,2,1,0,0,0,0,0,305.55,2,339.26,1206.07,222.97,299.95,552.83,0.0,999.0,0,1,70.25,0.0,0,0
25.5,73.0,23.4,47.4,29.2,7.4,1.45,20.2,6.6,142.0,217.5,1,2,90.42,1,1,1,28.91,2.86,45.09,16.28,5.08,14.16,44.54,0.0,1.71,2,2,3,1,40,1,2,156.1,3,4.6,2,3,1,282.57,1,0.0,1376.32,0.0,999.0,0.0,999.32,420.25,1,44,0,2,2,1,1340,2,60,0,100,354.91,2,388.13,1253.56,261.01,260.0,527.3,1.0,419.22,0,1,69.8,0.0,0,0
25.5,75.5,24.7,39.3,36.1,7.2,1.53,20.0,9.2,109.0,229.5,1,1,68.61,1,1,1,28.38,0.89,47.22,24.24,7.48,12.67,48.0,0.0,1.66,2,1,3,1,60,1,40,164.2,5,4.6,2,3,3,337.43,1,0.0,1258.04,0.0,999.0,0.0,753.58,312.05,1,44,0,2,2,2,12825,1,57,12,65,114.55,2,151.6,1019.45,160.71,478.73,562.94,0.0,999.0,0,1,66.75,0.0,0,0
25.5,76.5,25.5,40.4,34.1,7.6,1.51,24.4,9.0,124.0,226.5,2,2,70.4,1,1,1,28.68,0.98,47.62,26.08,7.85,13.36,49.21,0.0,1.63,1,1,3,1,60,1,40,165.0,2,4.3,1,3,3,260.0,1,0.0,1193.28,0.0,999.0,0.0,653.21,252.42,1,44,1,2,2,2,2462,0,64,4,93,55.6,2,83.42,928.83,209.15,547.96,508.51,0.0,999.0,0,1,58.75,0.0,0,0
25.5,77.0,27.3,43.6,29.1,7.2,1.56,27.1,8.7,112.0,234.0,2,2,76.24,1,1,1,28.09,1.57,46.46,25.89,7.58,12.71,50.37,0.0,1.64,1,1,3,1,60,1,40,169.2,2,4.3,1,3,3,224.04,1,0.0,1149.6,0.0,999.0,0.0,603.04,233.04,1,44,1,2,2,2,0,0,0,0,0,74.82,2,80.37,884.44,195.49,510.38,486.53,0.0,999.0,0,1,58.75,0.0,0,0
25.5,77.5,28.8,37.9,33.3,7.2,1.54,36.8,9.5,128.0,231.0,2,1,60.19,1,1,1,27.58,1.67,45.94,26.84,7.6,13.08,51.51,0.0,1.64,1,1,3,1,40,1,40,173.2,0,0.0,1,3,3,194.33,1,0.0,1106.57,0.0,999.0,0.0,552.86,223.28,1,44,1,2,2,2,6553,0,67,1,84,114.55,2,104.71,839.28,189.03,475.27,451.79,0.0,999.0,0,1,67.0,0.0,0,0
25.5,78.5,26.9,41.5,31.6,7.5,1.45,24.3,9.7,133.0,217.5,2,2,71.47,1,1,1,28.69,1.91,46.96,27.29,7.62,13.65,51.52,0.0,1.53,1,1,3,1,60,1,40,168.4,0,0.0,1,3,3,166.79,1,0.0,1022.76,0.0,999.0,0.0,452.53,236.21,1,44,1,1,2,2,8501,1,60,0,87,175.29,2,187.08,742.25,213.68,414.93,390.56,0.0,999.0,0,1,60.0,0.0,0,0
25.5,79.0,22.5,46.1,31.4,7.6,1.42,24.4,12.6,124.0,213.0,1,2,88.25,1,1,1,28.69,1.91,46.96,27.29,7.62,13.65,51.52,0.0,1.52,1,1,3,1,60,1,40,168.4,0,0.0,1,3,3,174.09,1,0.0,982.18,0.0,999.0,0.0,402.38,257.27,1,44,1,1,2,2,2592,1,51,0,99,134.36,2,233.5,694.16,240.97,391.22,366.73,0.0,999.0,0,1,65.25,0.0,0,0
25.5,79.5,24.2,45.6,30.2,7.4,1.44,17.7,13.2,139.0,216.0,1,2,84.96,1,1,1,28.77,1.78,47.47,27.91,7.74,13.98,52.84,0.0,1.52,1,1,3,1,60,1,40,169.8,0,0.0,1,3,3,194.33,1,0.0,942.64,0.0,936.78,0.0,352.25,285.54,1,44,1,1,2,2,0,0,0,0,0,102.22,2,279.65,646.46,274.67,351.58,348.7,1.0,877.46,0,1,64.8,0.0,0,0
25.5,80.0,22.6,37.2,40.1,7.5,1.43,22.3,9.8,122.0,214.5,1,1,65.88,2,1,1,28.82,1.86,47.83,28.82,8.13,13.11,53.8,0.0,1.44,1,1,3,1,60,1,40,170.8,0,0.0,1,3,3,224.04,1,0.0,904.27,0.0,897.08,0.0,302.15,319.11,1,44,0,1,3,2,1151,1,70,0,98,88.96,2,278.73,599.22,312.69,301.41,337.43,1.0,843.53,0,1,70.05,0.0,0,0
25.5,80.5,23.9,35.9,40.1,7.2,1.39,15.7,11.1,137.0,208.5,1,1,61.07,2,1,1,28.89,1.66,48.03,30.24,8.48,14.83,54.52,0.0,1.44,1,1,3,1,60,4,40,171.4,0,0.0,1,3,3,251.25,1,0.0,867.22,0.0,858.58,0.0,252.09,356.48,1,44,0,1,3,2,0,0,0,0,0,102.22,2,286.9,552.57,353.66,251.25,333.58,1.0,811.42,0,1,66.3,0.0,0,0
25.5,81.0,20.7,38.1,41.1,7.2,1.44,21.4,10.5,153.0,216.0,1,1,70.41,2,1,1,28.88,0.88,48.52,30.28,8.34,15.82,54.68,0.0,1.44,1,1,3,1,60,4,40,171.6,1,5.0,2,3,3,201.11,1,0.0,831.68,0.0,821.47,0.0,202.12,396.58,1,44,0,1,3,2,592,3,61,0,99,134.36,2,303.44,506.68,396.65,201.11,337.43,1.0,781.36,0,1,73.8,0.0,0,0
25.5,82.0,21.6,33.2,45.2,7.2,1.36,17.7,14.3,136.0,204.0,1,1,57.08,2,1,1,28.79,1.0,48.29,30.5,8.39,16.28,55.64,0.0,1.44,1,1,3,1,60,4,40,173.2,1,4.6,2,3,3,101.02,1,0.0,765.96,0.0,752.22,0.0,102.88,482.19,1,44,0,1,3,2,75454,0,33,13,76,220.16,2,356.39,418.15,486.56,101.02,366.73,1.0,728.38,0,1,74.55,0.0,0,0
25.5,81.5,19.3,35.7,45.0,7.2,1.4,14.0,9.5,138.0,210.0,1,1,66.09,2,1,1,28.88,0.88,48.52,30.28,8.34,15.82,54.68,0.0,1.44,1,1,3,1,60,4,40,171.6,2,5.0,2,3,3,151.02,1,0.0,797.85,0.0,785.95,0.0,152.3,438.65,1,44,0,1,3,2,0,0,0,0,0,175.29,2,327.07,461.77,441.08,151.02,348.7,1.0,753.59,0,1,74.55,0.0,0,0
25.5,82.5,25.1,33.4,41.5,7.4,1.46,31.6,12.7,139.0,219.0,2,1,53.38,2,1,1,28.79,1.76,47.0,29.28,8.08,16.46,56.27,0.0,1.44,1,1,3,1,60,4,40,173.9,1,4.6,2,3,3,51.42,1,0.0,736.25,0.0,720.56,0.0,54.93,480.65,1,44,0,1,3,2,1286,0,44,2,97,251.11,2,390.11,376.27,532.81,51.42,374.46,1.0,704.63,0,1,69.3,0.0,0,0
25.5,83.0,28.8,28.8,42.3,7.2,1.4,27.7,12.3,140.0,210.0,2,1,37.44,2,1,1,28.83,2.18,46.54,28.82,8.03,15.71,56.13,0.0,1.52,1,1,3,1,60,4,40,173.5,1,4.6,2,3,3,11.12,1,0.0,709.0,0.0,681.63,2.0,22.24,442.17,1,44,0,1,3,2,22201,0,51,3,62,284.5,2,427.2,336.8,579.64,11.12,337.75,1.0,672.38,0,1,65.05,0.0,0,0
25.5,83.5,28.8,32.5,38.7,7.3,1.45,27.5,12.9,150.0,217.5,2,1,46.69,2,1,1,28.66,2.16,46.33,31.51,8.47,15.7,57.64,0.0,1.52,1,1,3,1,60,4,40,175.9,3,4.6,2,3,3,51.42,1,0.0,684.5,0.0,640.53,0.0,54.93,406.4,1,44,0,1,3,2,510,0,45,0,97,322.39,2,466.85,300.67,626.94,51.42,305.06,1.0,642.57,0,1,69.3,0.0,0,0
25.5,84.0,30.6,30.0,39.4,7.5,1.39,27.8,14.2,152.0,208.5,2,1,38.28,2,1,1,28.66,2.16,46.33,31.51,8.47,15.7,57.64,0.0,1.4,1,1,3,1,60,4,40,175.9,2,3.9,1,3,3,101.02,1,0.0,663.07,0.0,600.92,0.0,102.88,374.09,1,44,0,1,3,2,0,0,0,0,0,363.37,2,508.46,269.24,658.58,101.02,277.79,1.0,615.58,0,2,71.35,0.0,0,0
25.5,84.5,31.2,26.1,42.7,7.4,1.4,26.2,15.0,159.0,210.0,2,1,27.81,2,1,1,28.4,2.11,46.2,34.29,8.82,15.38,59.76,0.0,1.4,1,1,3,1,60,4,40,179.2,2,3.9,1,3,3,151.02,1,0.0,645.01,0.0,563.13,0.0,152.3,346.23,1,44,0,1,3,2,957,1,62,2,84,406.51,2,551.59,244.32,650.13,151.02,257.69,1.0,591.77,0,2,71.35,0.0,0,0
25.5,85.0,26.6,28.8,44.5,7.2,1.35,16.0,19.7,138.0,202.5,2,1,40.08,2,1,1,28.36,1.56,46.54,35.2,8.9,15.8,60.98,0.0,1.41,1,1,3,1,60,4,40,180.5,3,4.3,1,3,3,201.11,1,0.0,630.6,0.0,527.53,0.0,202.12,323.97,1,44,0,1,3,2,12763,0,77,4,57,451.19,2,548.6,228.07,645.66,201.11,246.51,1.0,571.56,0,1,71.8,0.0,0,0
25.5,78.0,27.8,39.6,32.5,7.5,1.55,25.6,7.5,128.0,232.5,2,1,65.64,1,1,1,28.35,2.14,46.24,26.22,7.16,14.01,50.57,0.0,1.53,1,1,3,1,60,1,40,168.4,0,0.0,1,3,3,174.09,1,0.0,1064.26,0.0,999.0,0.0,502.69,224.38,1,44,1,1,2,2,0,0,0,0,0,160.19,2,143.1,790.64,195.49,443.22,419.22,0.0,999.0,0,1,65.25,0.0,0,0
25.5,85.5,26.7,28.9,44.5,7.3,1.33,17.4,22.7,163.0,199.5,2,1,40.21,2,1,1,28.34,1.11,46.66,35.54,8.93,15.94,62.11,0.0,1.41,1,1,3,1,40,4,40,181.5,5,4.3,1,3,3,251.25,1,0.0,620.1,0.0,494.61,0.0,209.77,308.51,1,44,0,1,3,2,6695,0,53,2,60,496.99,2,514.01,222.39,645.26,251.25,245.47,1.0,555.33,0,1,62.05,0.0,0,0
25.5,86.0,29.4,27.9,42.7,7.1,1.35,18.4,20.2,175.0,202.5,2,1,34.47,2,1,1,28.21,1.16,45.8,36.35,9.21,15.71,63.51,0.0,1.39,1,1,3,1,40,4,40,183.2,10,5.1,2,3,3,244.32,1,0.0,613.72,0.0,464.94,0.0,193.31,300.91,1,44,0,1,3,2,0,0,0,0,0,487.88,1,482.32,228.07,648.92,301.41,254.69,1.0,543.44,0,1,59.55,0.0,0,0
25.5,87.5,27.4,26.3,46.3,6.8,1.33,17.7,18.9,148.0,199.5,2,1,32.87,2,1,1,27.67,1.56,43.93,43.54,9.96,15.77,69.15,0.0,1.38,1,1,0,3,40,4,40,188.9,18,5.1,2,3,3,228.07,1,0.0,620.1,0.0,402.26,0.0,219.29,327.92,1,44,0,1,3,2,7486,3,51,9,32,346.26,1,411.05,208.11,644.49,218.51,330.85,1.0,536.18,0,1,56.3,0.0,0,0
25.5,88.0,26.6,27.1,46.3,6.6,1.28,16.7,21.5,139.0,192.0,2,1,35.83,2,1,1,27.4,1.79,43.56,52.28,10.93,16.99,72.88,0.0,1.36,1,1,0,3,40,4,2,191.3,41,5.1,2,3,3,244.32,1,0.0,630.6,0.0,392.49,0.0,248.75,325.01,1,44,0,1,3,2,7058,0,76,1,57,300.81,1,397.6,175.66,594.93,198.26,366.85,1.0,543.44,0,1,59.05,0.0,0,0
25.5,88.5,38.2,22.1,39.7,6.7,1.3,17.4,19.1,144.0,195.0,2,1,9.41,2,1,1,27.31,1.81,42.75,59.15,11.66,15.22,75.4,0.0,1.36,1,1,0,3,20,4,2,191.9,66,5.3,3,4,3,269.24,1,0.0,645.01,0.0,389.18,0.0,284.2,322.63,1,44,0,1,3,2,14567,0,65,0,85,257.02,1,390.38,152.93,545.52,189.29,405.98,1.0,555.33,0,2,58.1,0.0,0,0
25.5,89.0,35.2,21.1,43.7,6.2,1.27,19.5,19.4,171.0,190.5,2,1,10.51,2,2,1,27.31,1.81,42.75,59.15,11.66,15.22,75.4,0.0,1.38,1,1,0,3,20,4,2,191.9,78,5.5,3,4,3,300.67,1,0.0,663.07,0.0,392.49,0.0,323.68,328.17,1,44,0,1,3,2,0,0,0,0,0,215.91,1,389.71,144.55,496.31,193.19,411.55,1.0,571.56,0,2,56.35,0.0,0,0
25.5,89.5,31.0,28.1,40.9,5.8,1.3,22.9,22.2,200.0,195.0,2,1,33.05,2,2,1,27.43,2.08,41.65,69.78,12.5,15.02,77.69,0.0,1.38,1,1,0,3,20,4,2,190.9,88,5.5,3,4,3,319.77,1,0.0,684.5,0.0,402.26,0.0,365.88,341.26,1,44,0,1,3,2,1222,0,77,5,90,179.34,1,367.03,152.93,447.35,209.22,413.43,1.0,591.77,0,2,56.35,0.0,0,0
25.5,90.0,29.7,36.6,33.6,5.2,1.28,19.0,20.6,180.0,192.0,2,1,55.86,2,3,1,26.45,1.49,40.18,77.84,13.26,10.18,80.33,0.0,1.34,1,1,0,3,10,3,2,196.2,100,5.3,3,4,3,273.47,1,0.0,709.0,0.0,418.04,0.0,409.97,361.07,1,44,0,1,3,2,44648,0,55,2,85,150.63,1,319.77,175.66,398.75,234.93,395.7,1.0,615.58,0,1,57.8,0.0,0,0
25.5,90.5,28.8,38.2,33.1,5.0,1.15,25.3,53.8,258.0,172.5,2,1,60.94,2,3,1,25.31,2.76,37.42,89.42,15.57,6.92,81.65,0.0,1.34,1,1,0,3,10,3,2,203.1,100,5.3,3,4,3,228.72,3,0.0,736.25,0.0,439.18,0.0,455.4,386.57,1,44,3,1,3,2,0,0,0,0,0,134.92,1,273.47,208.11,350.65,267.52,348.03,1.0,642.57,0,1,50.3,0.0,0,0
25.5,91.0,29.5,39.7,30.8,4.9,1.17,20.8,51.0,281.0,175.5,2,1,63.85,2,3,1,20.72,0.65,30.69,108.15,19.2,12.1,87.85,0.0,1.38,1,1,0,3,0,3,2,232.2,100,5.7,3,4,3,186.65,3,0.0,765.96,0.0,464.94,0.0,501.8,416.72,1,44,3,1,3,2,3834,0,83,0,75,136.76,1,228.72,246.46,303.28,269.15,301.11,1.0,672.38,0,1,49.55,0.0,0,0
25.5,91.5,34.5,33.1,32.4,5.2,1.03,25.4,69.2,786.0,154.5,2,1,41.35,2,3,1,20.72,0.65,30.69,108.15,19.2,12.1,87.85,0.0,1.38,1,1,0,3,0,3,2,232.2,100,6.0,3,5,3,149.51,3,0.0,797.85,0.0,494.61,0.0,548.93,450.59,1,44,3,1,3,2,26407,0,82,1,14,155.52,1,186.65,246.46,257.07,225.8,255.34,1.0,704.63,0,2,60.35,0.0,0,0
25.5,92.0,32.5,34.6,32.9,5.3,1.02,23.8,63.6,542.0,153.0,2,1,47.5,2,3,1,19.43,-0.1,30.01,107.96,19.13,10.87,88.67,0.2,1.41,1,1,3,1,0,3,2,241.6,100,6.7,3,5,3,121.91,3,0.0,831.68,0.0,527.53,0.0,596.61,487.4,1,44,3,1,3,2,53727,0,78,2,48,185.8,1,149.51,208.11,212.76,185.8,211.48,1.0,739.01,0,2,61.6,0.0,0,0
25.5,92.5,28.9,38.0,33.1,5.1,1.1,25.6,63.4,388.0,165.0,2,1,60.32,2,3,1,21.67,1.89,34.58,82.72,14.29,6.35,88.01,0.0,1.41,1,1,3,1,0,3,2,225.0,100,6.7,3,5,3,111.19,3,0.0,867.22,0.0,563.13,0.0,644.72,526.53,1,44,3,1,3,2,0,0,0,0,0,151.8,1,121.91,175.66,171.83,151.8,171.01,1.0,775.24,1,1,61.8,0.0,0,0
25.5,93.0,29.5,33.3,37.1,5.3,1.19,20.8,27.9,237.0,178.5,2,1,47.85,2,3,1,23.88,4.04,33.82,54.64,8.66,3.8,84.31,0.0,1.47,1,1,3,1,0,3,2,211.5,100,6.0,3,5,3,121.91,3,0.0,904.27,0.0,600.92,0.0,693.18,567.51,1,44,3,1,3,2,1479,0,76,0,95,128.68,1,111.19,152.93,137.35,128.68,136.95,1.0,813.07,1,1,63.8,0.0,0,0
25.5,93.5,36.2,26.8,37.0,5.1,1.14,21.8,32.8,256.0,171.0,2,1,23.56,2,3,1,22.14,2.92,33.88,46.38,7.3,4.03,81.2,0.0,1.47,1,1,3,1,0,3,2,224.8,100,6.0,3,5,3,149.51,3,0.0,942.64,0.0,640.53,0.0,741.9,609.96,1,44,3,1,3,2,634,0,59,0,76,122.72,1,121.91,144.55,115.23,122.72,115.17,1.0,852.28,1,2,63.35,0.0,0,0
25.5,94.0,35.7,27.6,36.8,5.3,0.97,21.1,48.0,855.0,145.5,2,1,26.16,2,3,2,22.14,2.92,33.88,46.38,7.3,4.03,81.2,0.0,1.45,1,1,3,1,0,3,2,224.8,100,5.5,3,5,3,186.65,3,0.0,982.18,0.0,681.63,0.0,790.85,653.59,1,44,3,1,3,2,0,0,0,0,0,136.21,1,149.51,152.93,113.01,136.21,112.98,1.0,892.7,1,2,59.85,0.0,0,0
25.5,94.5,29.4,32.0,38.6,5.4,1.03,19.3,36.9,619.0,154.5,2,1,44.72,2,3,1,19.9,-0.05,34.41,44.0,7.38,4.77,80.13,0.2,1.45,1,1,3,1,0,3,2,241.0,100,5.9,3,5,3,228.72,3,0.0,1022.76,0.0,723.97,0.0,839.98,698.18,1,44,3,1,3,2,7781,0,69,1,93,164.43,1,186.65,175.66,131.68,121.91,131.37,1.0,934.16,1,1,62.55,0.0,0,0
25.5,95.0,26.5,33.7,39.7,5.5,1.12,20.9,39.7,636.0,168.0,2,1,52.45,2,2,1,22.44,1.58,37.26,39.91,6.97,5.15,74.75,0.0,1.57,1,1,3,1,0,3,2,222.7,100,5.9,3,5,3,273.47,3,0.0,1064.26,0.0,767.35,0.0,889.26,743.56,1,44,3,1,3,2,31423,0,41,0,100,201.26,1,228.72,208.11,164.28,111.19,163.54,1.0,976.53,1,1,67.3,0.0,0,0
25.5,95.5,28.4,38.4,33.2,5.5,1.2,25.2,42.6,260.0,180.0,2,1,61.92,2,2,1,28.26,6.82,39.98,32.37,5.85,4.73,66.22,0.0,1.57,1,1,3,1,40,3,2,184.5,100,5.9,3,5,3,319.77,3,0.0,1106.57,0.0,811.6,0.0,938.67,789.6,1,44,3,1,3,2,2881,9,68,0,100,223.28,1,273.47,246.46,204.24,121.91,203.05,1.0,1019.7,1,1,61.3,0.0,0,0
25.5,96.0,28.6,34.5,36.9,5.5,1.27,21.6,41.8,323.0,190.5,2,1,51.93,2,2,1,27.27,5.14,39.13,21.66,4.21,4.56,66.01,0.0,1.58,1,1,3,1,20,3,2,189.7,100,5.9,3,5,3,367.03,3,0.0,1149.6,0.0,856.58,0.0,988.19,836.17,1,44,3,1,3,2,145,17,41,45,47,225.92,1,319.77,288.37,248.02,149.51,246.38,1.0,1063.57,1,1,64.55,0.0,0,0
25.5,96.5,30.2,36.3,33.5,5.4,1.21,27.1,54.7,432.0,181.5,2,1,54.51,2,3,1,27.27,5.14,39.13,21.66,4.21,4.56,66.01,0.0,1.58,1,1,3,1,20,3,2,189.7,100,5.9,3,5,3,414.92,3,0.0,1193.28,0.0,902.18,0.0,1037.8,883.21,1,44,3,1,3,2,3971,6,37,0,99,222.61,1,367.03,332.49,293.93,186.65,291.84,1.0,1108.06,1,2,60.6,0.0,0,0
25.5,97.0,28.3,37.0,34.7,5.2,1.11,23.8,73.6,502.0,166.5,2,1,58.54,2,3,1,28.2,6.02,37.67,20.09,4.05,3.61,61.32,0.0,1.67,1,1,3,1,20,3,2,181.6,100,5.9,3,5,3,463.25,3,0.0,1237.53,0.0,948.31,0.0,1087.48,930.63,1,44,3,1,3,2,1462,6,55,0,98,230.26,1,414.92,378.05,341.1,228.72,338.58,1.0,1153.09,1,1,61.05,0.0,0,0
26.0,68.0,20.8,51.4,27.8,8.2,1.46,11.7,5.0,56.0,219.0,1,2,103.54,2,1,1,30.2,0.72,49.61,5.91,1.68,15.07,42.21,0.0,1.59,0,1,1,1,60,1,2,147.2,57,5.4,3,3,3,564.36,1,0.0,1746.61,0.0,1706.8,0.0,1483.92,499.93,4,55,1,1,2,1,0,0,0,0,0,464.4,3,878.85,1750.73,304.62,318.56,585.83,1.0,464.4,0,3,57.35,0.0,0,0
26.0,68.5,27.3,37.5,35.1,8.1,1.45,13.9,8.9,82.0,217.5,2,1,60.99,2,1,1,30.83,0.54,50.26,6.08,1.74,14.83,40.46,0.0,1.59,0,1,1,1,60,1,2,141.8,31,5.4,2,3,3,524.42,1,0.0,1709.93,0.0,1669.36,0.0,1436.57,472.96,4,55,1,1,2,1,481,0,45,2,90,438.81,3,828.96,1702.13,277.54,272.49,564.66,1.0,438.81,0,3,61.85,0.0,0,0
26.0,69.0,30.2,44.7,25.1,8.0,1.5,15.0,7.6,68.0,225.0,2,2,75.51,2,1,1,30.83,0.54,50.26,6.08,1.74,14.83,40.46,0.0,1.81,0,1,1,1,60,1,2,141.8,20,5.0,2,3,3,486.46,1,0.0,1674.05,0.0,1632.7,0.0,1389.47,450.11,4,55,1,1,2,1,0,0,0,0,0,417.83,3,779.08,1653.65,257.59,227.97,547.41,1.0,417.83,0,3,56.6,0.0,0,0
26.0,69.5,28.4,52.1,19.5,8.0,1.46,10.4,4.4,42.0,219.0,2,2,96.17,2,1,1,30.93,0.62,49.27,6.7,2.02,15.06,39.6,0.0,1.81,0,1,1,1,60,1,2,139.8,12,5.1,2,3,3,450.98,1,0.0,1639.03,0.0,1596.88,0.0,1342.64,432.04,4,55,1,1,2,1,29,2,25,0,23,402.16,3,729.19,1605.31,246.49,186.13,534.48,1.0,402.16,0,3,54.6,0.0,0,0
26.0,70.0,28.5,51.5,20.0,8.0,1.42,10.2,4.7,47.0,213.0,2,2,94.55,2,1,1,30.6,0.78,48.11,7.76,2.44,14.68,39.46,0.0,1.67,2,1,1,1,60,1,2,140.6,8,5.1,2,3,3,418.62,1,0.0,1604.93,0.0,1561.96,0.0,1296.11,419.35,3,50,1,1,2,1,0,0,0,0,0,392.47,3,679.31,1557.13,245.46,149.22,526.17,1.0,392.47,0,3,57.85,0.0,0,0
26.0,70.5,25.1,48.6,26.2,8.1,1.43,10.3,4.4,37.0,214.5,2,2,91.38,2,1,1,29.94,1.41,46.18,9.25,2.91,13.93,39.77,0.0,1.67,2,1,1,1,40,1,2,143.3,2,5.1,2,3,3,390.15,1,0.0,1571.8,0.0,1528.0,0.0,1249.92,412.55,3,50,1,1,2,1,0,0,0,0,0,389.18,3,629.42,1509.1,254.61,121.82,522.72,1.0,389.18,0,3,60.85,0.0,0,0
26.0,71.0,25.6,53.9,20.5,7.8,1.5,7.9,3.8,41.0,225.0,2,2,104.03,2,1,1,29.5,2.23,44.92,10.45,3.21,17.29,40.02,0.0,1.66,2,1,1,1,40,1,2,145.2,3,5.1,2,3,3,366.48,1,0.0,1539.71,0.0,1495.07,0.0,1204.1,411.92,3,50,1,1,2,1,808,6,62,1,98,392.47,3,579.54,1461.27,272.93,111.19,524.2,1.0,392.47,0,3,57.35,0.0,0,0
26.0,73.5,25.0,48.7,26.3,7.6,1.45,13.4,5.4,134.0,217.5,1,2,91.75,1,1,1,28.37,2.67,44.78,15.33,4.57,13.75,44.22,0.0,1.69,2,1,3,1,40,1,2,157.5,3,4.6,2,3,1,348.59,1,0.0,1397.26,0.0,999.0,0.0,955.22,449.12,1,44,0,2,2,1,5949,3,64,2,98,299.82,2,330.27,1225.62,188.11,272.49,600.25,0.0,999.0,0,1,72.0,0.0,0,0
26.0,74.0,21.7,41.6,36.6,7.6,1.47,10.0,6.8,122.0,220.5,1,2,77.96,1,1,1,28.37,2.67,44.78,15.33,4.57,13.75,44.22,0.0,1.66,2,1,3,1,40,1,2,157.5,2,4.6,2,3,1,366.48,1,0.0,1372.9,0.0,999.0,0.0,905.3,403.45,1,44,0,2,2,1,0,0,0,0,0,249.85,2,280.47,1179.4,148.35,318.56,626.85,0.0,999.0,0,1,72.75,0.0,0,0
26.0,75.5,22.1,47.1,30.8,7.4,1.49,19.0,10.5,151.0,223.5,1,2,91.23,1,1,1,28.24,0.23,47.76,21.59,6.59,12.27,46.99,0.0,1.65,2,1,3,1,40,1,40,163.1,8,4.5,2,3,3,318.56,1,0.0,1307.82,0.0,999.0,0.0,755.69,274.83,1,44,0,2,2,2,577,1,55,0,98,99.94,2,131.7,1043.3,107.71,461.37,519.63,0.0,999.0,0,1,64.5,0.0,0,0
26.0,74.5,21.0,23.5,55.5,7.5,1.54,19.7,7.6,118.0,231.0,1,1,33.55,1,1,1,27.48,1.23,45.63,17.66,5.34,12.51,45.67,0.0,1.66,2,1,3,1,40,1,2,163.7,6,4.6,2,3,1,390.15,1,0.0,1350.1,0.0,999.0,0.0,855.41,358.84,1,44,0,2,2,1,0,0,0,0,0,199.88,2,230.74,1133.57,116.55,365.59,589.43,0.0,999.0,0,1,78.0,0.0,0,0
26.0,76.0,22.3,44.6,33.1,7.5,1.53,23.1,9.2,117.0,229.5,1,2,84.74,1,1,1,28.36,0.27,48.11,23.83,7.2,13.13,48.62,0.0,1.61,1,1,3,1,60,1,40,165.3,10,4.5,2,3,3,272.49,1,0.0,1264.14,0.0,999.0,0.0,705.88,237.3,1,44,1,2,2,2,3623,10,46,41,42,49.97,2,82.92,998.48,134.32,509.79,488.43,0.0,999.0,0,1,60.0,0.0,0,0
26.0,76.5,25.7,46.9,27.4,7.1,1.48,17.1,14.8,201.0,222.0,2,2,86.41,1,1,1,28.36,0.27,48.11,23.83,7.2,13.13,48.62,0.0,1.61,1,1,3,1,60,1,40,165.3,8,4.5,2,3,3,227.97,1,0.0,1221.02,0.0,999.0,0.0,656.1,204.98,1,44,1,2,2,2,258162,5,51,40,54,0.0,2,37.31,950.12,166.4,558.45,460.38,0.0,999.0,0,1,48.0,0.0,0,0
26.0,75.0,19.2,27.9,53.0,7.4,1.46,21.2,8.0,118.0,219.0,1,1,46.71,1,1,1,27.93,0.27,47.12,19.76,6.05,12.18,45.93,0.0,1.65,2,1,3,1,40,1,2,162.4,6,4.6,2,3,1,365.59,1,0.0,1328.94,0.0,999.0,0.0,805.54,315.73,1,44,0,2,2,1,0,0,0,0,0,149.91,2,181.11,1088.19,100.57,413.26,553.44,0.0,999.0,0,1,78.0,0.0,0,0
26.0,77.0,23.5,51.4,25.1,7.3,1.56,21.8,8.4,107.0,234.0,1,2,100.3,1,1,1,28.5,1.12,47.44,23.64,6.81,13.17,48.08,0.0,1.6,1,1,3,1,60,1,40,163.9,5,4.5,2,3,3,186.13,1,0.0,1178.54,0.0,999.0,0.0,606.38,180.69,1,44,1,2,2,2,18855,2,63,10,90,49.97,2,29.89,901.99,142.39,550.1,436.09,0.0,999.0,0,1,60.0,0.0,0,0
26.0,77.5,25.8,47.0,27.2,7.3,1.54,21.4,10.1,130.0,231.0,2,2,86.54,1,1,1,28.2,1.65,46.49,25.03,6.75,12.83,49.29,0.0,1.6,1,1,3,1,60,1,40,167.1,5,4.7,2,3,3,149.22,1,0.0,1136.78,0.0,999.0,0.0,556.73,167.97,1,44,1,2,2,2,3889,3,58,0,97,99.94,2,73.35,854.13,133.43,517.82,416.22,0.0,999.0,0,1,55.5,0.0,0,0
26.0,78.0,28.9,48.8,22.2,7.4,1.49,26.7,9.3,109.0,223.5,2,2,87.32,1,1,1,28.48,1.4,47.07,25.18,6.67,12.89,49.49,0.0,1.49,1,1,3,1,60,1,40,166.2,2,4.0,1,3,3,121.82,1,0.0,1095.8,0.0,999.0,0.0,507.16,169.43,1,44,1,1,2,2,14021,1,66,0,59,149.91,2,121.87,806.58,142.39,488.69,401.42,0.0,999.0,0,1,60.0,0.0,0,0
26.0,78.5,27.3,40.1,32.7,7.6,1.43,24.1,8.1,119.0,214.5,2,2,67.49,1,1,1,28.84,1.38,47.82,25.74,6.88,12.64,50.15,0.0,1.49,1,1,3,1,60,1,40,165.7,0,0.0,1,3,3,111.19,1,0.0,1055.7,0.0,999.0,0.0,457.71,184.74,1,44,1,1,2,2,5247,0,56,0,94,199.88,2,171.2,759.41,166.4,455.76,392.28,0.0,999.0,0,1,60.0,0.0,0,0
26.0,79.0,23.3,39.9,36.9,7.8,1.38,19.5,12.1,123.0,207.0,1,1,71.79,1,1,1,28.84,1.38,47.82,25.74,6.88,12.64,50.15,0.0,1.48,1,1,3,1,60,1,40,165.7,0,0.0,1,3,3,121.82,1,0.0,1016.6,0.0,999.0,0.0,408.42,210.9,1,44,1,1,2,2,1173,1,59,0,100,176.05,2,220.8,712.68,200.11,406.28,389.18,0.0,999.0,0,1,70.5,0.0,0,0
26.0,79.5,23.0,37.3,39.8,7.5,1.37,21.2,15.6,143.0,205.5,1,1,65.65,1,1,1,28.95,1.65,47.97,25.81,7.03,12.99,50.95,0.0,1.48,1,1,3,1,60,1,40,166.4,0,0.0,1,3,3,149.22,1,0.0,978.6,0.0,970.99,0.0,359.35,244.46,1,44,1,1,2,2,0,0,0,0,0,153.04,2,270.52,666.5,239.46,356.96,392.28,1.0,918.35,0,1,70.05,0.0,0,0
26.0,80.5,19.7,33.5,46.8,7.3,1.35,20.4,14.7,135.0,202.5,1,1,60.11,2,1,1,28.62,0.45,49.17,28.75,8.02,14.28,54.06,0.0,1.41,1,1,3,1,60,4,40,172.0,0,0.0,1,3,3,227.97,1,0.0,906.47,0.0,896.08,0.0,262.4,324.2,1,44,0,1,3,2,368,1,58,0,99,153.04,2,341.02,576.29,326.75,259.22,389.18,1.0,855.72,0,1,66.3,0.0,0,0
26.0,81.5,20.6,32.4,47.0,7.2,1.37,20.2,13.0,136.0,205.5,1,1,56.28,2,1,1,28.47,0.41,48.96,30.6,8.49,15.7,55.35,0.0,1.4,1,1,3,1,60,4,40,174.3,0,0.0,1,3,3,164.43,1,0.0,840.62,0.0,827.03,0.0,169.31,412.51,1,44,0,1,3,2,3766,1,65,0,99,208.84,2,375.31,490.28,419.46,164.43,402.16,1.0,801.32,0,1,77.05,0.0,0,0
26.0,80.0,22.5,36.4,41.1,7.4,1.38,18.9,12.3,125.0,207.0,1,1,64.0,2,1,1,28.92,0.99,48.85,26.12,7.31,13.33,51.85,0.0,1.41,1,1,3,1,60,1,40,167.8,0,0.0,1,3,3,186.13,1,0.0,941.84,0.0,932.89,0.0,310.61,282.79,1,44,0,1,3,2,921,1,68,0,98,144.55,2,320.3,620.98,282.1,307.89,392.47,1.0,886.11,0,1,70.05,0.0,0,0
26.0,81.0,19.3,31.0,49.7,7.2,1.32,15.5,10.1,128.0,198.0,1,1,54.34,2,1,1,28.47,0.41,48.96,30.6,8.49,15.7,55.35,0.0,1.4,1,1,3,1,60,4,40,174.3,0,0.0,1,3,3,211.2,1,0.0,872.67,0.0,860.74,0.0,215.05,367.66,1,44,0,1,3,2,0,0,0,0,0,176.05,2,354.99,532.63,372.67,211.2,392.47,1.0,827.39,0,1,77.05,0.0,0,0
26.0,82.0,25.3,28.6,46.2,7.3,1.39,21.4,16.9,151.0,208.5,2,1,41.14,2,1,1,28.42,1.35,47.93,30.81,8.54,16.3,56.19,0.0,1.38,1,1,3,1,60,4,40,175.5,0,0.0,1,3,3,120.37,1,0.0,810.53,0.0,795.18,0.0,126.91,458.35,1,44,0,1,3,2,3133,0,48,1,96,247.55,2,401.01,449.61,466.85,120.37,417.83,1.0,777.75,0,1,71.8,0.0,0,0
26.0,82.5,29.4,34.6,36.0,7.5,1.34,24.7,18.2,135.0,201.0,2,1,51.22,2,1,1,28.41,1.46,47.41,30.7,8.55,16.37,56.87,0.0,1.38,1,1,3,1,60,4,40,176.3,0,0.0,1,3,3,83.43,1,0.0,782.62,0.0,754.33,0.0,92.58,504.91,1,44,0,1,3,2,482,0,54,0,98,289.83,2,431.14,411.12,514.68,83.43,412.53,1.0,747.07,0,1,71.8,0.0,0,0
26.0,83.0,29.5,27.2,43.3,7.4,1.33,27.1,18.6,139.0,199.5,2,1,32.6,2,1,1,28.32,1.64,47.04,31.56,8.84,15.82,57.88,0.0,1.47,1,1,3,1,60,4,40,177.8,1,3.9,1,3,3,66.72,1,0.0,757.14,0.0,713.95,0.0,77.84,481.21,1,44,0,1,3,2,1346,0,48,2,96,325.76,2,464.84,375.49,562.83,66.72,379.67,1.0,716.85,0,1,71.8,0.0,0,0
26.0,83.5,28.4,25.7,45.8,7.3,1.36,25.6,13.2,121.0,204.0,2,1,30.17,2,1,1,28.23,1.51,46.93,33.72,9.18,15.53,59.2,0.0,1.47,1,1,3,1,60,4,40,179.6,3,4.4,1,3,3,83.43,1,0.0,734.35,0.0,674.99,0.0,92.58,448.7,1,44,0,1,3,2,310,0,42,0,99,359.19,2,501.37,343.59,611.22,83.43,351.02,1.0,689.08,0,1,71.8,0.0,0,0
26.0,84.0,25.3,28.3,46.4,7.2,1.37,22.5,16.6,126.0,205.5,2,1,40.39,2,1,1,28.23,1.51,46.93,33.72,9.18,15.53,59.2,0.0,1.35,1,1,3,1,60,4,40,179.6,7,4.6,2,3,3,120.37,1,0.0,714.49,0.0,637.68,0.0,126.91,419.78,1,44,0,1,3,2,662,0,57,0,97,396.24,2,540.18,316.57,659.81,120.37,327.71,1.0,664.08,0,1,69.3,0.0,0,0
26.0,85.0,26.6,30.1,43.3,7.1,1.33,15.9,17.7,136.0,199.5,2,1,43.33,2,1,1,28.26,0.81,47.16,36.89,9.49,14.72,60.7,0.0,1.38,1,1,3,1,40,4,40,180.8,77,6.1,3,3,3,211.2,1,0.0,684.58,0.0,569.34,0.0,215.05,375.99,1,44,0,1,3,2,1988,2,57,7,85,477.76,2,588.84,282.53,701.2,211.2,301.75,1.0,623.66,0,1,59.05,0.0,0,0
26.0,85.5,28.4,31.5,40.2,7.0,1.32,12.6,18.5,175.0,198.0,2,1,44.67,2,1,1,28.19,0.65,46.95,37.56,9.51,13.98,61.68,0.0,1.38,1,1,3,1,40,4,40,181.9,100,6.3,3,3,3,259.22,1,0.0,674.96,0.0,539.11,0.0,260.92,362.81,1,44,0,1,3,2,10633,0,54,0,99,521.06,2,556.89,277.99,700.83,259.22,300.91,1.0,608.88,0,1,59.05,0.0,0,0
26.0,84.5,29.1,33.5,37.4,7.1,1.39,16.1,15.9,136.0,208.5,2,1,48.83,2,1,1,28.23,1.27,46.92,35.83,9.35,15.2,60.06,0.0,1.35,1,1,3,1,60,4,40,180.4,30,5.2,2,3,3,164.43,1,0.0,697.83,0.0,602.34,0.0,169.31,395.26,1,44,0,1,3,2,0,0,0,0,0,435.99,2,580.8,295.76,705.3,164.43,310.92,1.0,642.17,0,1,69.3,0.0,0,0
26.0,86.0,29.8,30.9,39.3,7.0,1.32,17.8,20.6,175.0,198.0,2,1,41.49,2,1,1,28.05,0.85,45.82,37.88,9.47,14.11,63.26,0.0,1.37,1,1,3,1,40,4,40,183.8,100,5.5,3,3,3,295.76,1,0.0,669.13,0.0,512.13,0.0,247.93,356.4,1,44,0,1,3,2,7967,0,64,0,88,474.71,1,527.9,282.53,704.18,290.9,308.45,1.0,598.1,0,1,59.05,0.0,0,0
26.0,87.0,22.4,31.4,46.1,6.7,1.36,16.3,20.5,188.0,204.0,1,1,51.62,2,1,1,27.7,1.08,45.02,41.22,10.22,15.67,66.33,0.0,1.34,1,1,0,3,40,4,40,187.6,80,6.3,3,3,3,277.99,1,0.0,669.13,0.0,470.14,0.0,252.0,364.93,1,44,0,1,3,2,507,0,54,0,98,376.79,1,480.87,218.15,703.82,207.63,345.9,1.0,589.33,0,1,59.8,0.0,0,0
26.0,87.5,18.4,34.6,47.0,6.6,1.35,14.2,20.1,141.0,202.5,1,1,64.42,2,1,1,27.46,1.44,43.74,47.73,11.51,16.57,68.99,0.0,1.34,1,1,0,3,40,4,40,190.1,69,5.3,3,3,3,282.53,1,0.0,674.96,0.0,456.22,0.0,268.61,379.38,1,44,0,1,3,2,1634,1,68,1,63,328.21,1,463.96,173.87,655.1,172.53,373.57,1.0,591.54,0,1,59.8,0.0,0,0
26.0,88.5,28.0,32.3,39.6,6.0,1.25,19.3,21.6,194.0,187.5,2,1,47.15,2,2,1,27.05,1.67,42.13,69.42,14.89,15.37,75.18,0.0,1.29,1,1,0,3,20,4,2,193.5,94,6.9,3,4,3,316.57,1,0.0,697.83,0.0,444.78,0.0,323.56,378.2,1,44,0,1,3,2,1499,0,52,0,99,232.62,1,445.82,101.95,558.45,133.8,441.23,1.0,608.88,0,1,56.8,0.0,0,0
26.0,89.0,27.5,32.4,40.0,5.8,1.28,17.7,19.3,195.0,192.0,2,1,48.0,2,2,1,27.05,1.67,42.13,69.42,14.89,15.37,75.18,0.0,1.31,1,1,0,3,20,4,2,193.5,100,5.3,3,4,3,343.59,1,0.0,714.49,0.0,447.67,0.0,358.6,382.92,1,44,0,1,3,2,863,0,55,1,88,186.42,1,402.75,88.96,510.7,139.23,467.13,1.0,623.66,0,1,56.8,0.0,0,0
26.0,89.5,29.3,43.5,27.2,5.7,1.24,19.3,21.9,167.0,186.0,2,2,73.59,2,2,1,27.06,1.23,41.92,75.89,14.62,13.12,78.02,0.0,1.31,1,1,0,3,20,4,2,193.1,100,5.3,3,4,3,304.3,1,0.0,734.35,0.0,456.22,0.0,396.96,394.15,1,44,0,1,3,2,1658,0,60,1,83,142.67,1,353.43,101.95,463.47,160.66,432.4,1.0,642.17,0,1,53.55,0.0,0,0
26.0,90.5,29.6,42.4,27.9,5.1,1.18,20.8,34.5,246.0,177.0,2,2,70.48,2,3,1,26.19,2.7,36.98,77.28,13.43,9.28,83.95,0.0,1.31,1,1,0,3,0,3,2,196.2,100,5.5,3,4,3,207.06,3,0.0,782.62,0.0,488.95,0.0,480.41,433.82,1,44,3,1,3,2,0,0,0,0,0,80.35,1,255.44,173.87,371.42,231.27,333.75,1.0,689.08,0,1,46.3,0.0,0,0
26.0,91.0,26.8,35.9,37.3,5.9,1.3,17.8,18.1,222.0,195.0,2,1,57.59,2,2,1,26.32,4.01,35.28,75.07,13.21,11.59,82.15,0.0,1.37,1,1,0,3,0,3,2,196.3,100,6.0,3,4,3,159.59,3,0.0,810.53,0.0,512.13,0.0,524.43,460.79,1,44,3,1,3,2,2382,0,59,0,79,83.38,1,207.06,218.15,327.27,248.37,284.71,1.0,716.85,0,1,55.05,0.0,0,0
26.0,91.5,28.3,35.5,36.2,5.6,1.27,17.6,17.6,167.0,190.5,2,1,54.79,2,2,1,26.32,4.01,35.28,75.07,13.21,11.59,82.15,0.0,1.37,1,1,0,3,0,3,2,196.3,100,6.0,3,5,3,114.18,3,0.0,840.62,0.0,539.11,0.0,569.51,491.51,1,44,3,1,3,2,350051,0,64,6,31,111.41,1,159.59,218.15,285.16,200.81,236.01,1.0,747.07,0,1,66.3,0.0,0,0
26.0,92.5,27.5,32.4,40.1,5.4,1.11,21.8,35.0,385.0,166.5,2,1,48.0,2,3,1,25.06,3.29,38.05,58.01,9.64,6.35,83.17,0.0,1.37,1,1,3,1,10,3,2,204.0,100,6.7,3,5,3,55.6,3,0.0,906.47,0.0,602.34,0.0,661.98,561.68,1,44,3,1,3,2,0,0,0,0,0,111.8,1,74.68,133.54,211.92,111.8,141.06,1.0,813.75,1,1,62.55,0.0,0,0
26.0,93.5,29.9,34.1,36.0,5.3,1.2,19.0,30.3,258.0,180.0,2,1,49.37,2,3,1,24.65,5.59,34.0,50.01,8.03,4.88,80.24,0.0,1.41,1,1,3,1,0,3,2,207.9,100,6.0,3,5,3,114.18,3,0.0,978.6,0.0,674.99,0.0,756.58,640.24,1,44,3,1,3,2,0,0,0,0,0,67.46,1,74.68,88.96,169.5,67.46,63.14,1.0,887.17,1,1,65.05,0.0,0,0
26.0,94.0,34.0,32.0,34.0,5.3,1.14,22.6,40.7,572.0,171.0,2,1,39.2,2,3,1,24.65,5.59,34.0,50.01,8.03,4.88,80.24,0.0,1.42,1,1,3,1,0,3,2,207.9,100,6.0,3,5,3,159.59,3,0.0,1016.6,0.0,713.95,0.0,804.45,681.78,1,44,3,1,3,2,13160,2,85,1,13,89.6,1,114.18,101.95,168.0,89.6,59.07,1.0,925.92,1,2,64.6,0.0,0,0
26.0,94.5,31.7,30.9,37.4,5.1,1.0,25.1,62.3,1305.0,150.0,2,1,39.21,2,3,1,21.94,2.58,36.05,51.54,8.77,4.8,80.22,0.0,1.42,1,1,3,1,0,3,2,226.3,100,5.5,3,5,3,207.06,3,0.0,1055.7,0.0,754.33,0.0,852.6,724.47,1,44,3,1,3,2,11406,0,66,0,66,128.35,1,159.59,133.54,181.04,74.68,89.24,1.0,965.8,1,2,59.85,0.0,0,0
26.0,95.0,30.4,32.6,36.9,5.4,1.06,22.1,42.6,915.0,159.0,2,1,45.02,2,3,1,19.18,-0.6,36.02,50.66,8.85,4.58,80.9,0.2,1.53,1,1,3,1,0,3,2,246.3,100,5.9,3,5,3,255.44,3,0.0,1095.8,0.0,795.89,0.0,901.0,768.13,1,44,3,1,3,2,33243,0,39,0,100,169.43,1,207.06,173.87,205.87,55.6,131.96,1.0,1006.68,1,2,62.1,0.0,0,0
26.0,95.5,31.1,36.4,32.5,5.1,1.06,20.9,79.2,696.0,159.0,2,1,53.68,2,3,1,25.49,5.24,37.61,43.97,7.77,3.91,73.95,0.0,1.53,1,1,3,1,20,3,2,202.9,100,5.9,3,5,3,304.3,3,0.0,1136.78,0.0,838.46,0.0,949.6,812.59,1,44,3,1,3,2,0,0,0,0,0,167.97,1,255.44,218.15,238.85,74.68,178.42,1.0,1048.45,1,2,62.1,0.0,0,0
26.5,68.0,25.1,41.8,33.1,8.1,1.4,13.1,6.6,126.0,210.0,2,2,74.38,2,1,1,31.14,0.54,51.9,5.04,1.28,14.21,36.98,0.0,1.59,0,1,1,1,60,1,2,133.9,74,5.4,3,3,3,598.19,1,0.0,1784.36,0.0,1743.63,0.0,1502.23,546.3,4,55,1,1,2,1,514,1,35,0,93,511.64,3,877.31,1764.18,350.64,303.02,635.7,1.0,511.64,0,3,54.1,0.0,0,0
26.5,69.5,29.8,57.1,13.0,8.0,1.45,11.3,5.3,39.0,217.5,2,2,106.99,2,1,1,30.9,0.42,49.4,5.82,1.67,14.94,37.24,0.0,1.81,0,1,1,1,60,1,2,135.1,12,5.1,2,3,3,493.14,1,0.0,1679.61,0.0,1636.61,0.0,1356.29,485.2,4,55,1,1,2,1,1,0,0,0,0,456.14,3,728.05,1620.58,301.74,158.98,588.92,1.0,456.14,0,3,56.6,0.0,0,0
26.5,69.0,28.7,50.9,20.4,8.1,1.48,13.6,5.0,44.0,222.0,2,2,92.81,2,1,1,31.01,0.65,50.62,5.14,1.34,14.05,37.35,0.0,1.81,0,1,1,1,60,1,2,135.0,26,5.4,2,3,3,525.65,1,0.0,1713.67,0.0,1671.44,0.0,1406.0,501.3,4,55,1,1,2,1,132,0,16,0,0,469.95,3,777.8,1668.29,310.83,206.22,600.63,1.0,469.95,0,3,56.6,0.0,0,0
26.5,70.0,26.4,55.0,18.6,8.0,1.45,8.7,3.3,36.0,217.5,2,2,105.82,2,1,1,30.6,0.53,48.36,7.23,2.23,14.51,37.51,0.0,1.67,2,1,1,1,60,1,2,136.5,8,5.1,2,3,3,463.85,1,0.0,1646.47,0.0,1602.68,0.0,1306.6,473.99,3,50,1,1,2,1,0,0,0,0,0,447.65,3,678.3,1573.06,300.9,113.8,581.42,1.0,447.65,0,3,57.85,0.0,0,0
26.5,71.0,24.8,57.2,18.0,8.0,1.44,7.9,3.8,36.0,216.0,1,2,113.24,2,1,1,29.23,1.76,45.29,10.09,3.16,15.4,39.07,0.0,1.66,2,1,1,1,40,1,2,144.1,3,5.1,2,3,3,417.61,1,0.0,1583.2,0.0,1537.81,0.0,1207.25,467.46,3,50,1,1,2,1,3658,13,48,5,88,447.65,3,578.83,1478.64,323.6,55.6,579.64,1.0,447.65,0,3,62.6,0.0,0,0
26.5,70.5,23.5,54.8,21.7,8.0,1.45,8.2,4.4,44.0,217.5,1,2,108.8,2,1,1,29.78,1.05,46.65,8.9,2.84,14.8,38.51,0.0,1.67,2,1,1,1,40,1,2,141.2,2,5.1,2,3,3,438.44,1,0.0,1614.32,0.0,1569.73,0.0,1256.92,468.0,3,50,1,1,2,1,0,0,0,0,0,444.78,3,628.56,1525.74,308.38,74.54,578.3,1.0,444.78,0,3,66.1,0.0,0,0
26.5,71.5,23.5,55.6,20.9,7.8,1.5,8.4,4.3,35.0,225.0,1,2,110.8,2,1,1,29.23,1.76,45.29,10.09,3.16,15.4,39.07,0.0,1.66,2,1,1,1,40,1,2,144.1,4,5.1,2,3,3,402.06,1,0.0,1553.2,0.0,1507.0,0.0,1157.61,472.36,3,50,1,1,2,1,0,0,0,0,0,456.14,3,529.12,1431.77,345.55,74.54,585.4,1.0,456.14,0,3,64.1,0.0,0,0
25.770723986913783,90.72927601308622,29.554144797382758,41.16190952933443,29.229800875900057,5.008289594765513,1.1754144797382755,20.8,42.066108431845166,262.0493209160352,176.31217196074135,2,1,67.43980006647676,2,3,1,23.681720416836786,1.75996834634651,34.095707755375386,91.43550104794305,16.075845191014945,10.573116713806264,85.73835290207249,0.0,1.3420986418320704,1,1,0,3,0,3,2,212.70787294220762,100,5.591710405234487,3,4,3,197.70095314582062,3,0.0,774.9805232439672,0.0,477.94016585159983,0.0,490.2184278398284,425.9787603524514,1,44,3,1,3,2,1758,0,38,0,34,106.216919796387,1,243.18748986067254,207.156291579857,340.1742649366103,248.6399507514118,318.7828618657318,1.0,681.4221811629204,0,1,47.79029408506041,0.0,0,0
22.0,86.06627519476066,37.45149956334008,10.454498690020243,52.024423306705174,6.4783137597380325,1.1625597722423195,25.262929891330078,34.612038564977375,360.0512795613598,108.63234009823768,2,1,1.1495438222594663,2,1,2,28.040604031161706,6.059795528705763,37.753181597776376,59.44279368431627,12.693615775318886,16.42548869250274,75.0722242708296,0.0,1.5795480280851393,5,2,0,2,26,4,2,184.57348992209575,6,4.7695784399345085,2,2,3,265.1937862784607,1,0.0,412.85322236984496,2.7831375973803287,203.85791615486698,0.0,217.17992170347594,215.10019865773336,1,44,0,0,3,2,293599,2,49,10,19,47.32279368431627,2,44.56798537735997,370.27506583982057,462.36439969234345,412.9922847601242,62.683085185332935,1.0,318.1422093960948,0,2,46.212342683471064,0.0,0,0
25.20007492370945,91.52847509808785,31.01701013514326,41.09726487575539,27.78572498910135,5.419970030516219,0.9103109742791864,20.48002996948378,34.97995504577433,223.60209786386463,136.54664614187794,2,1,65.52275002721657,2,2,1,27.36474711203812,4.1764331408105555,36.712596474497154,61.548901999691864,10.627976732765106,10.429606609640416,76.47869978744627,0.0,1.412847509808785,1,1,0,2,4,2,2,187.24083914554583,100,5.65998501525811,3,4,3,276.67176563902154,3,0.0,814.8226980712395,0.0,530.6032414725579,0.0,574.2320694480095,489.5839198183231,1,44,2,1,3,2,0,0,0,0,0,172.54707879303066,1,308.73329408269433,248.76812764319305,344.54480293685555,280.06771515394144,362.84213227457826,1.0,726.0479660257132,0,1,47.11135257738041,0.0,0,0
20.66297326549267,74.43648585965856,22.449729562575616,48.8178560759421,28.732414361482277,6.767585638517721,1.5105153247873817,24.267585638517723,14.013296244226389,147.41098232683615,226.57729871810724,1,2,95.10496471476452,2,1,1,29.216189151579513,8.447954463243274,35.487853088579996,37.69104486579202,8.742455673936464,17.084403543985303,64.72589841822469,0.0,1.7659855766706996,2,2,3,1,33,1,2,175.77531551032845,100,5.569981970838374,3,3,3,407.51400678311103,1,0.17495492709593619,1083.4501752617928,0.0,1243.852329574794,0.0,1098.7850636126811,254.5197240841372,3,50,0,1,2,1,113176,1,71,1,48,206.43631667757896,2,835.9142184038644,1352.7186066054128,337.7018253595433,130.951153971333,314.3782361151933,4.0,0.0,0,1,48.241522691069584,0.0,0,0
24.95542085832359,91.12553520991816,26.11440804798129,40.280099732372705,33.70370905397895,5.626747485005846,1.206597712968109,20.082025620684597,21.346790475277984,183.3594875863081,180.98965694521632,1,2,69.3629596733542,2,1,1,26.907624795574893,4.996597712968109,36.084522052618475,125.3231325018362,22.361990200241415,15.128708967239609,82.55860940834559,0.0,1.385884446701286,1,1,0,2,10,2,2,192.1253924872733,100,5.696433668665887,3,4,3,194.86989992066992,2,0.0,766.46379497129,0.0,467.07588865720186,0.0,542.4951577123302,406.421523899438,1,44,0,1,2,1,12416,1,81,1,13,201.61951751866653,1,234.003873555484,302.39136313500967,237.36010799611643,258.6261638834702,281.7052657716798,1.0534949700116933,652.2874618553781,0,1,47.09012122750877,0.0,0,0
16.908040967074633,87.57532314165435,35.40785631470072,30.675692446402177,33.916451238897096,5.7166358912710145,1.307495383690652,30.60452913644652,36.313862670138555,296.023098724358,196.12430755359782,2,1,35.27440619220829,2,2,2,29.172735603552926,12.336302486340847,28.97274603860493,70.72452707513227,12.915905655513116,16.933280843384537,75.2599069867083,0.0,1.8595101558805651,4,1,2,1,30,2,2,177.95619272557363,49,5.331700519601885,2,3,3,720.1114968852567,1,0.4833641087289857,258.1765743982069,0.0,787.5660965337197,0.0,703.3549787849381,827.0658781713232,2,49,0,0,3,2,77405,1,75,2,41,681.551688408678,2,724.0947305781859,717.7823601567524,756.6363321156249,111.21104195499854,684.5330018453993,2.450092326186957,182.64628664104166,0,1,44.85157126294015,0.0,0,0
22.369585412584797,75.19492514694736,25.182023035040928,38.61918463752984,36.17270940994619,6.969585412584795,1.4343688290881873,23.400185795780118,13.894646453277185,167.33631482666658,190.50696734175443,1,1,73.8101146859116,2,1,1,28.836543953843275,5.941649059871812,39.26109857871158,35.58405190678081,9.011085835832512,17.05951109427275,65.85959708598268,0.0,1.6656590402788305,2,3,2,1,34,1,2,178.7214725538807,76,5.317419577618714,2,2,3,216.2459401175579,1,0.0,1041.382888816878,1.043316699321636,935.428070960369,0.0,837.8704378713547,45.71185236574877,2,48,0,1,2,1,98335,1,61,1,39,13.758738972304076,2,569.1941948884961,1105.0938735345126,225.82941893032228,268.158705175343,116.08057465279067,3.217512475508773,55.34534260726449,0,2,48.074102878297076,0.0,0,0
22.511238900726227,94.9850147990317,35.776398308474924,36.71123890072623,27.412737420823056,6.494005919612679,0.004383171283228515,19.405244820338904,36.65394672348589,148.49825793219605,0.6574756924842688,2,0,48.84641928164566,2,1,1,31.290251754431573,9.128118984939936,35.79081894276057,8.823506134134945,1.237545793364621,14.301720676465013,51.39707712585755,0.0,1.7585764059080113,4,1,2,1,19,1,2,157.2817217782041,100,6.198126849878962,3,4,3,510.4224898843279,3,0.0,922.9297329338585,0.0,670.4272881120695,0.0,889.4622396498035,676.8318784697965,1,44,2,1,3,2,14,0,0,0,0,482.45007127900215,1,487.6463365670845,500.6242438822417,254.01525454697065,444.1220372884842,460.44085420228487,1.0,850.1614727218016,0,1,49.84887610992738,0.0,0,0
21.654193512887936,88.65561291920042,35.60606448595475,7.06219367795903,57.23519990095734,6.55158709180431,1.056224516768017,20.09336775152026,32.74609036837456,378.8990968664914,67.20154881841157,2,1,2.6164338067144826,2,1,1,28.495703232551293,8.123233603126803,34.227961203882124,65.9589446279159,13.048730326556552,18.077664518968966,81.31794840023146,0.0,1.556944517868491,4,2,0,2,19,3,2,183.12970317752757,11,4.838038713582327,2,2,3,264.9394335834277,1,0.03458064871120636,295.61768943847403,3.8616774051551745,39.48141824655863,0.0,287.05908777694026,109.28238622367599,1,44,0,1,3,2,70895,1,40,3,3,91.7289614207848,2,71.28838349787475,381.52325485717154,446.0286298231807,558.3020108503093,103.81940519530121,1.1037419461336189,204.85233214996913,0,1,44.55331612423987,0.0,0,0
21.9417065463929,81.6165869072142,44.445972912375154,17.591467268035487,37.96255981958935,6.730047855671483,1.4815925056703676,38.927583747425096,22.52283882472801,193.2331738144284,222.23887585055513,3,1,0.1,2,1,3,27.467193769586007,1.98780063195782,45.511118013400655,47.02269218969146,11.894843702062154,14.715961715462814,63.763192143807956,0.0,1.6867488036082128,5,1,2,1,51,4,2,186.90180225773588,2,4.88834130927858,2,2,3,253.57115957552185,1,0.0,550.9822887858348,0.0,558.0775295982033,0.0,136.45671513411813,486.29069428731844,1,44,0,0,3,2,192911,0,65,7,34,131.00005921008994,2,179.40343771571568,304.16936445025317,456.7435686956295,131.00005921008994,130.78582444199867,1.0,456.7435686956295,0,2,46.35,0.0,0,0
24.32395451478401,72.0233186214292,27.54550011245863,48.49259968511583,23.96190020242554,7.541799955016547,1.4565272686378679,13.168491060398887,10.091327898406206,102.24609861761894,218.47909029568018,2,1,88.17689907783921,2,1,1,29.854436298205886,2.560080945691082,44.71189436633862,20.006909108461087,5.129169447914128,17.440096356684375,53.55813077146622,0.0,1.6758681828405328,0,2,2,1,54,1,2,162.04438243568194,97,5.523472731362132,3,3,3,355.4711295008557,1,0.0,1411.3587060253744,0.0,1342.4129353850549,0.0,1187.5143626488439,277.33170165296985,3,53,0,1,2,1,1044,2,36,0,96,244.00684716067758,2,698.060324209075,1440.8905556483799,112.52305140607692,333.7963658329712,357.188735387119,1.0,272.92642583539237,0,2,48.96736365681066,0.0,0,0
13.887071083413794,92.15081801246379,29.00401042090172,35.41219054553965,35.564928322724484,5.464189951677931,1.1960327204985517,22.190490807478277,42.76567830239621,399.09361518312414,161.5720863365224,2,1,59.13778372599782,2,2,1,29.97145649415138,20.10013638937593,15.315018088112588,90.41761315832997,13.918648038657656,18.699034313326898,84.19178369913689,0.0,1.937533516912724,4,1,2,1,3,1,2,172.56641667344275,82,5.692422180824483,2,4,3,1119.563681620897,1,0.8112928916586206,102.17750533242054,0.7548284333655175,926.2693202644804,0.0,1141.6755686919803,1047.527474336864,3,52,0,1,3,2,121469,3,77,1,22,967.2312345486806,2,977.7737079969429,1091.3605736868133,1042.5591666516539,109.12932075381968,958.2184066823158,3.433878674975862,40.04176131895729,0,1,43.50475459626086,0.0,0,0
25.163385942223453,90.63943567629609,30.38083978725811,40.30846485555863,29.23858249244247,5.2394356762960905,1.2078871352592182,20.4932415121486,35.225065516739676,298.7066856399224,181.18307028888273,2,1,64.31415439418686,2,2,1,26.424251936177434,3.1015747477327418,36.98,83.40680361645023,15.412775316930412,11.47192883137455,84.76151563604326,0.0,1.4243372545627946,2,1,0,3,2,3,2,194.10846485555862,94,5.5557742705184365,3,4,3,264.32623225480455,3,0.0,724.0681708097455,0.0,430.6407888865007,0.0,479.67099091563074,388.1910692888672,1,44,2,1,3,2,1578,0,18,0,22,124.64034821869032,1,254.44442927124592,255.94741649493096,359.92213413262436,297.2481733097843,306.6437045280399,1.0,632.329679747491,0,1,47.289993301702246,0.0,0,0
22.84838976512253,80.70214697983663,37.74615467553166,27.920302807737897,34.33354251673043,6.469677953024506,1.409964217002723,31.737478646430922,24.04472335564058,196.79785302016336,211.49463255040843,2,1,25.9621156950501,1,1,2,28.17090338590735,1.7267442863433644,46.66726287025609,39.87519788467619,10.407638861275291,14.537719238245272,60.96730854241996,0.0,1.6730322046975494,3,1,2,1,60,3,13,179.3771923824527,3,4.710107348991832,2,2,3,174.8478585965653,1,0.0,679.6994260574456,0.0,618.8597770473792,0.0,265.93065292216914,346.8374784609848,1,44,0,0,2,2,94643,1,61,14,55,150.75902647993874,2,207.7700922370728,429.6070571859366,297.45796072280467,318.09419633164464,302.0150874865569,0.7003578299727713,546.9400314874753,0,1,46.84440958054493,0.0,0,0
13.610058006497788,89.54987570036188,26.479966853429836,43.51137697631738,30.00865617025278,5.491343829747219,1.282135211638976,22.99134382974722,39.40379117660797,356.31161523611314,192.3202817458464,1,2,77.00248221667766,2,2,1,30.122992542021713,20.3035691605061,15.323232510006054,85.45607382456593,13.128697258816139,18.521854844389978,81.1423983163042,0.0,1.9809315655162578,3,1,3,1,6,1,2,171.07337200433187,100,5.838664456895323,3,4,3,1156.271641864462,1,0.8466611422383059,246.28928520555473,0.0,1160.7018172023202,0.0,1302.7486558406615,1085.729297074214,3,54,0,1,2,1,129931,3,83,1,30,999.0093481726667,2,1130.7126421055477,1280.3422619238224,1029.5525098940327,24.33794350393609,1007.5588989556646,4.0,0.0,0,1,44.17770008945825,0.0,0,0
25.068972875634277,91.57470283248763,30.405156961168018,39.26897287563428,30.311502592385516,5.129881132995052,1.001899421497368,20.59885400862933,48.93106980304453,261.8911308197863,150.28491322460522,2,0,61.686243835684074,2,2,1,22.244399263173438,1.8726802761174337,31.42561962558417,93.82553190024582,16.60952698256201,12.417523314949415,82.5929058398194,0.0,1.4345967690863248,1,1,0,2,2,2,2,221.39558674923254,100,5.771837854060954,3,4,3,233.3431683825387,3,0.0,788.5975445716878,0.0,494.57455155722465,0.0,557.7070915443967,454.23229063354887,1,44,2,1,3,2,3283,0,71,0,64,186.61403396122068,1,266.0613165408838,283.11454665606107,296.17523623337166,294.3837646174506,324.0880559999367,1.0,698.0189301143544,0,1,49.59310271243657,0.0,0,0
24.584221555072336,74.07295123726686,23.960615053374582,48.23487681950323,27.80450812712219,7.1,1.516405731440997,20.13381095341643,11.806639859295794,157.31312227080346,227.46085971614957,1,2,91.83445398470856,1,1,1,28.61079503881576,2.3289463670519477,45.12877510310946,24.404401540513508,7.361803250848876,14.578139095097441,53.405331143855506,0.0,1.650450812712219,1,1,3,1,51,1,24,170.03274508732963,45,4.90450812712219,2,3,3,221.7082141921485,1,0.0,1253.5748140707938,0.0,1106.8054609593348,0.0,813.6801860017204,137.44332309567915,1,46,1,1,2,1,197748,3,58,24,53,0.0,2,329.2920563193392,1120.5999501756469,162.7998776686125,396.755966345447,328.28787108824883,1.6180325084887603,594.8963810049321,0,1,48.525860565258846,0.0,0,0
22.05611495061952,86.47986177769728,34.272666432033915,10.783007615013382,54.855548943076606,6.65611495061952,1.108359548644301,20.516257545699585,29.505475459147895,346.01447814687356,82.35965796373443,1,1,11.291565751557087,2,1,1,28.491726445681472,7.33972732023694,35.70634354002536,60.42345131290923,12.402836234296792,17.89961193233969,78.8623518483023,0.0,1.559079083210637,4,3,0,2,22,3,2,182.85928265182233,18,4.878560930867328,2,2,3,225.27388942215782,1,0.0,416.1535136086576,3.551080395043839,142.02806231701766,0.0,338.41795082208137,64.2003402124607,1,44,0,1,2,1,73152,1,42,3,8,46.82987270964063,2,112.65581408226899,464.57967860086546,390.0691327724087,531.2105780381235,73.41724477931669,1.3366897037171208,188.37593725608806,0,2,45.12748053582349,0.0,0,0
25.85092844876751,90.64907155123248,29.093156725809543,42.057135432165275,28.779522152271674,5.174535775616243,1.1829814310246496,20.68074275901401,32.57697698910091,236.90663537481828,177.44721465369747,2,2,70.23105050944174,2,2,1,26.29136865483809,3.041373852322396,36.83390987979216,84.71270754445182,14.801458271338882,10.147596428173076,83.80241916427984,0.0,1.3204350085862742,1,1,0,3,1,3,2,195.63352810531654,100,5.529814310246498,3,4,3,205.1951148940816,3,0.0,778.7635189696156,0.0,483.52826768167444,0.0,488.30333863776025,430.7327281739752,1,44,2,1,3,2,1589,0,12,0,1,98.97350889547464,1,250.82325405832987,190.1351969549767,351.6516215910599,235.61841714945166,326.3918282311644,1.0,685.3606647967495,0,1,46.411803663424365,0.0,0,0
22.25746002311621,87.72761993065137,35.243476941053665,8.445401737519056,56.21755782200519,6.632182502889526,1.0776769524849925,19.813341483240748,31.17361239886658,366.6073939771077,73.23403591886935,2,1,5.655343648790009,1,1,1,28.425494449595465,7.118848157697336,35.909319675358844,62.228460162827695,12.636039316423705,17.733324171567062,79.09363176177627,0.0,1.5445055504045337,4,2,0,2,22,3,4,182.42212039424334,8,4.780690498266284,2,2,3,226.95951420624135,1,0.0,363.23919364817755,3.74253997688379,64.30064077327336,0.0,275.21235020259445,76.35825734444637,1,44,0,1,2,2,80842,1,39,6,6,49.35474594515498,2,31.340648736870357,388.55187646858724,403.18114798749525,577.0223546352858,91.17843128041409,0.9356349942209475,262.83303019701634,0,1,44.81884101964878,0.0,0,0
25.678010976670915,85.9921536733928,29.020419758007648,44.095808856199845,26.805237320681112,5.679580241992352,1.2443978046658168,18.97539553446852,28.48953823119042,205.6440424094214,186.65967069987255,2,2,75.41501843089044,2,2,1,27.057223769499668,2.6248692278898806,38.860415896241854,62.723949552036515,11.208275739029316,11.040206660865662,76.47556147178751,0.0,1.3872773655989803,0,1,0,2,12,2,2,188.10734254699565,100,5.5,3,3,3,237.29262269711217,2,0.0,941.5237296063922,0.0,702.4823873044047,0.0,652.4551749451966,400.4318848742628,1,46,2,1,2,1,92,0,7,0,21,115.61853102197907,1,363.188260173356,473.6117284105337,309.63245301663756,249.451646850649,342.2247510940215,1.0,593.67894557457,0,1,46.84738133965944,0.0,0,0
22.98955285378597,80.51392952828537,37.206597981084734,28.770418297244404,34.02298372167086,6.4979105707571945,1.413101174528577,31.08185452352738,23.63064496222782,196.98607047171464,211.96517617928657,2,1,28.66962373561492,1,1,2,28.17937317122716,1.6614955698055955,46.731884195288686,39.15652091550298,10.263966206591167,14.4746663919756,60.41426293061185,0.0,1.6702089429242806,3,1,2,1,60,3,14,178.746663919756,3,4.700696476414269,2,2,3,177.22724087992577,1,0.0,703.9455981662784,0.0,635.8865551062111,0.0,283.4066432987032,340.483570992367,1,44,0,0,2,2,101967,1,61,15,55,144.00641170978486,2,200.1350513148961,452.92123921383813,291.5877721046736,328.85992086462386,309.1083758440186,0.6689882547142286,567.1881512296068,0,1,46.89616937972152,0.0,0,0
22.0,85.14549297149163,38.03849823067408,12.215494692022245,49.68793841516003,6.432274648574582,1.2051459500685118,27.25412144914933,35.486781677082945,353.2605106647508,125.8970067845318,2,1,1.5466311560442314,2,1,2,27.89327887543866,5.480853705825367,38.76834399893047,57.38944932642635,12.573914086293913,15.810866558470668,72.7576079570871,0.0,1.594510739213261,5,2,1,2,28,4,2,184.94180281140333,5,4.758068662143645,2,2,3,279.685747494936,1,0.0,453.95003494989953,2.3227464857458187,280.98608810921735,0.0,205.13724120089626,270.939885610104,1,44,0,0,3,2,378709,3,54,13,26,45.26944932642635,2,49.72781876100374,377.97625815968684,478.5931863774599,350.44930322235507,61.51138980622311,1.0,358.2284634861116,0,2,46.82236090638679,0.0,0,0
25.441575850157385,82.6820619022034,28.594836530283295,45.34103385583777,26.00135789053511,6.105163469716706,1.2916848299685229,17.635596484225186,24.076082536271194,176.01083988639232,193.75272449527844,2,2,79.03878080325447,2,2,1,27.694022376909444,2.56970103170339,40.241197035080866,52.0355055994482,9.576873366085959,12.332718685806293,70.98711406832011,0.0,1.4440217959622275,0,1,1,2,22,2,2,182.16493970062228,100,5.5,3,3,3,259.4923048425559,2,0.0,1058.206040774996,0.0,859.2782820372939,0.0,778.7871917439059,375.9151384889865,2,48,2,1,2,1,160,1,12,0,36,141.51605854609437,1,442.30733467566694,693.7107639161557,264.26212847286786,262.80235032777966,348.4477236238576,1.0,523.6263700569646,0,1,47.24932105473244,0.0,0,0
24.589799836313333,70.75719770838666,27.061639705363998,49.827054195416444,23.10531944346533,7.638360294636001,1.4620400327373335,12.808865739108885,8.176263611182204,69.25491281793765,219.30600491060002,2,2,92.09366784210432,2,1,1,29.988139107529424,2.3709532951397776,45.21556895593014,13.529551266938043,3.6996188705619932,16.989094228153782,51.214553533620155,0.0,1.6484480392848002,0,1,2,1,56,1,2,160.75696921934176,100,5.5,3,3,3,339.4683940357535,1,0.0,1478.5631821137952,0.0,1424.1477418848751,0.0,1233.9081514610602,287.59164436011713,3,54,1,1,2,1,405,2,31,0,93,234.813924595813,2,727.3399814416819,1486.6347337103434,100.81198992295305,310.89930257617385,370.8664683082331,1.0,271.2564941684895,0,2,48.69734027826733,0.0,0,0
25.486831918377657,91.01316808162234,29.413090661292546,39.710534465297876,30.879008489734048,4.918435314271278,1.1707900848973405,20.778931069404255,50.22571680060633,278.4717283285105,175.61851273460107,2,1,63.98062736969363,2,2,1,20.881967403954796,0.7642989484819234,30.82984502682927,108.65012374001653,19.290333039929262,12.179008489734048,87.7212161617335,0.0,1.38,1,1,0,3,0,3,2,231.1518207028616,100,5.7,3,4,3,186.858055689633,3,0.0,765.7174439365165,0.0,464.6144850222957,0.0,502.6311693120022,416.6249264506867,1,44,2,1,3,2,4013,0,82,0,73,138.56455390552566,1,228.6080713062101,247.4217966816958,301.58210755561527,268.9206120181388,300.6696593505489,1.0,672.1627266532314,0,1,49.48415959188829,0.0,0,0
25.574118537893803,84.53765953051322,28.833413368208845,44.64297570042598,26.452003028838924,5.866586631791157,1.2651762924212397,18.38667171473154,26.55021270735096,192.62285674935646,189.77644386318596,2,2,77.00734320921434,2,2,1,27.33704073793936,2.600627658841887,39.4671477387002,58.02731870305245,10.49141791146723,11.608151992847219,74.06387165964145,0.0,1.4122115509054876,0,1,0,2,17,2,2,185.49617925239752,100,5.5,3,3,3,247.04743008202468,2,0.0,992.7953407591564,0.0,771.380389620094,0.0,707.966982832584,389.65893158933454,1,47,2,1,2,1,122,0,9,0,28,126.99821614936562,1,397.9541332694709,570.3258922844077,289.6961866315679,255.31810656026335,344.95920008263516,1.0,562.8970011974282,0,1,47.023998485580535,0.0,0,0
24.736590349139018,91.0,30.38555519499874,38.234253470346914,31.38019133465435,5.113754702241075,1.2035900246378832,20.464099753621166,46.755442341212934,328.0260344930366,180.5385036956825,2,1,59.12296744186879,2,2,1,22.64684595877312,1.715719872601933,32.61073868156623,105.4322616429349,19.609187572861487,13.639033856135743,87.54768977825904,0.0,1.4838237125170937,2,1,0,3,3,3,2,218.91667207501888,93,5.7,3,4,3,255.58894511135026,3,0.0,706.9331657954287,0.0,408.42325672745966,0.0,494.4590527973208,371.9780871823395,1,44,2,1,3,2,4392,0,78,0,76,168.03231293786934,1,235.7891733669727,314.16832875416236,311.4973414818676,329.8288526890344,281.39570917616595,1.0,615.3380308876673,0,1,49.641609158103314,0.0,0,0
25.257193123206886,91.24280687679311,27.897474613165453,39.89424550143449,32.25684126075868,5.239929627510358,1.1845684126075868,20.41150899713102,36.72295564456494,234.38107965572226,177.68526189113803,2,1,66.25864421778769,2,2,1,23.706524584555293,2.7575636905642233,33.268609031542866,117.37180518060245,20.865655174800757,13.556841260758679,85.47534874496334,0.0,1.38,1,1,0,3,4,3,2,212.87257260726818,100,5.7,3,4,3,190.4863486533312,3,0.0,761.4874973294709,0.0,458.9378140056742,0.0,517.1259700631813,414.96693434955375,1,44,1,1,3,2,7151,0,82,0,44,170.03425439572823,1,226.65614154725853,264.194614280969,271.97248130629595,264.92030420626395,292.9905380400383,1.0,668.3736865329137,0,1,48.33596561603443,0.0,0,0
24.654727571041256,90.72421207149313,30.855587600361492,39.03681892760314,30.05243588633399,5.324212071493124,1.2248424142986247,20.306733442715128,35.665902771764245,330.7521630244007,183.7263621447937,2,1,60.56534219857407,2,2,1,26.56667628010845,3.3457307659001962,36.98,87.13187842140786,16.618295656632217,12.804613763871904,85.25491425608998,0.0,1.4938538986243615,2,1,0,3,4,3,2,192.83681892760313,90,5.58968482859725,3,4,3,299.1438977622259,3,0.0,688.4688669386076,0.0,395.1889959430056,0.0,479.22167602108647,360.4488417245902,1,44,1,1,3,2,2538,0,30,0,35,151.5687223890758,1,253.8391258095391,305.85019376371235,352.931472584677,337.3626679891163,290.1631733017368,1.0,597.8256869022987,0,1,47.891905707601175,0.0,0,0
21.447345894802794,82.55819664258638,42.81409067046772,19.924707091256536,37.26120223827574,6.194457462610821,1.379168619391623,37.91519917794555,28.095331643093886,196.15839031433848,206.87529290874346,2,1,0.5033304458105761,2,2,2,28.10241528375176,2.464508822460445,45.854182154040295,47.01502070525108,11.793024962864571,15.160562813713856,66.3533128969343,0.0,1.701829037338429,4,1,2,1,59,3,2,185.31464492420665,2,4.806096791128097,2,2,3,158.63292483527698,1,0.005542537389179314,445.9222262090437,0.0,460.01940938028247,0.0,105.92988992306482,412.3406453269381,1,44,0,0,3,2,25288,0,66,3,55,220.60677496859353,2,285.7842249724681,212.76796319199752,358.1522544810799,214.06691340160526,239.42309527951613,1.0166276121675377,351.5705467568034,0,1,46.33281813409354,0.0,0,0
25.060186868306637,91.0,30.0101832327643,38.855558787148745,31.134257980086957,5.023147676874142,1.189351777794508,20.60648222205492,48.5546389877849,308.0924889123112,178.4027666691762,2,1,61.12667708855469,2,2,1,21.83008834439405,1.2639791318439353,31.796569839340503,106.58426525117163,19.435739838587644,12.986663273493821,87.67583399984942,0.0,1.4398145859102973,1,1,0,3,1,3,2,224.54725150853545,96,5.7,3,4,3,226.3668850444375,3,0.0,731.9536486574691,0.0,432.37975423447693,0.0,497.5707569256366,390.94343197771536,1,44,2,1,3,2,4155,0,80,0,75,154.77650512668694,1,232.79266959948055,285.4679062761478,308.0141485495473,304.1081069595153,289.7522656871506,1.0,639.5171627998719,0,1,49.6027775758032,0.0,0,0
21.52711304542328,82.65364059073192,42.71020868203703,20.072937990594365,37.216853327368604,6.189154781830688,1.3781924636384477,37.669220845835966,28.16448580890124,199.338087267725,206.7288695457672,2,1,0.9724978017211922,2,2,2,28.07084011456755,2.3823549008717824,45.886056452007224,47.689137343451,11.938340185271962,15.176150727231043,66.62253324411589,0.0,1.7003615072723104,5,1,1,2,59,3,2,185.45964869993122,3,4.816267827253968,2,2,3,156.82483639548394,1,0.0,450.3514672919493,0.0,453.0322288727668,0.0,105.84622472301469,405.0477103146805,1,44,0,0,3,2,24340,0,66,3,56,215.6921819440471,2,280.1788872669645,211.63273100546328,353.1081210132137,219.82583684928056,234.30139258267954,1.0,355.9168517654295,0,2,46.413263772654325,0.0,0,0
17.31411599057394,81.61260859162728,24.363362291100607,46.29823965005087,29.338398058848526,6.161601941151474,1.4020761368376322,23.661601941151474,26.069182433933832,246.60094542204817,210.31142052564485,1,2,86.50956437580643,2,1,1,29.646756515497636,14.077224072987622,25.913310670193294,60.370782086694035,10.825125960147828,17.76693255049255,72.52076239908314,0.0,1.8680459888586989,2,2,3,1,20,1,2,173.54274399371596,100,5.697557486073374,3,3,3,763.0382632521264,1,0.4938937151834346,685.9503848925818,0.0,1204.3708969974427,0.0,1195.63082661545,649.193716790893,3,52,0,1,2,1,121132,2,77,1,40,582.7649502935419,2,975.8900737197058,1318.3529521889848,666.2055877017858,80.32918952608526,643.513497257849,4.0,0.0,0,1,46.311943023140216,0.0,0,0
23.536468127663987,90.91058864538934,31.899296414180277,36.24117031915996,31.841650995737623,5.510588645389335,1.2621177290778671,19.89670498014346,36.635060956024546,401.20250795716885,189.31765936168006,2,1,52.32377010088358,2,2,1,26.879788924254086,3.8824952987212864,36.98,95.32126507840741,19.26857053743635,15.734453505520356,86.33962591616593,0.0,1.6466826892192552,4,1,0,3,8,3,2,190.04117031915996,82,5.664235458155734,3,4,3,375.68875666140013,3,0.0,610.2056160281102,0.0,317.25004027108764,0.0,478.23388017943654,299.4589716827938,1,44,0,1,3,2,4649,0,55,0,65,210.76937732146854,1,252.50839707192014,415.5589002219785,337.56286030119537,425.5523352253258,253.93156733631318,1.0,521.9704213265404,0,1,49.21517938226428,0.0,0,0
23.09940635374858,89.59940635374858,32.34525278954626,18.369879311192097,49.25816165617822,6.233531215417139,1.104970317687429,20.0,28.378784004963396,307.271524575508,105.87684779619461,2,1,25.28007018868831,2,1,1,27.858308696050738,6.637181160084564,35.41081596966206,87.69001121597469,16.53542970768711,16.968917085480562,81.83864974871166,0.0,1.4813649944667424,3,2,0,3,16,3,2,186.82492530432916,41,5.129821906124574,2,3,3,215.0383995065903,1,0.0,470.0644543994358,2.5341248616685603,165.85644252651073,0.0,353.2153988961362,194.1616119518364,1,44,0,1,3,2,47396,1,54,3,6,108.64748371242362,1,101.85636856816672,325.38857956002335,353.2637493772605,461.8142321324921,145.893740997659,1.0,377.8119025043777,0,1,45.497848522228004,0.0,0,0
21.674216799735312,91.88374421541516,26.506995372332124,40.662824849275566,32.90459683069797,5.497668209222625,1.2076748843083032,20.69073958774728,27.63757565586513,241.02665545061285,181.15123264624546,2,2,69.84866767639036,2,2,1,27.755169990224296,9.600047174520746,29.532630822869898,119.26556869968098,20.45544944598078,16.05936053853789,83.45375089050083,0.0,1.5462891600132345,1,1,0,2,7,2,2,186.669419716467,100,5.751165895388688,3,5,3,484.3152570599847,2,0.2558294769434377,577.2677138607924,0.0,628.8823257408006,0.0,742.104061711998,633.7296660317124,1,46,0,1,3,2,42156,1,83,1,16,454.626757997691,1,473.53022898351435,533.9077841652014,481.5103081867004,193.81177102485108,509.88065927271543,1.767488430830313,494.2259694775547,0,1,46.07784798761494,0.0,0,0
22.755770340865418,80.82563954551277,38.10016669713662,27.362528052767296,34.537305250096075,6.451154068173084,1.407906007574787,32.1676444168695,24.31640700012811,196.6743604544872,211.18590113621806,2,1,24.185675137798718,1,1,2,28.165346220451926,1.7695550424444288,46.62486375604061,40.34673366461628,10.501904853074752,14.579089247746781,61.33017086456504,0.0,1.6748845931826917,3,1,2,1,60,3,12,179.7908924774678,3,4.716281977275639,2,2,3,173.286706745476,1,0.0,663.7911137470443,0.0,607.6882279144293,0.0,254.4643681991388,351.0063816572688,1,44,0,0,2,2,89838,1,61,14,55,155.18952809451335,2,212.77956816372574,414.310238896575,301.30948802530094,311.0306273959118,297.3610643281085,0.7209399242521293,533.6549070929781,0,1,46.81044912498399,0.0,0,0
22.154030395926195,77.4193920814761,34.96200847969317,30.06456904290453,34.9734224774023,6.4772547126671505,1.4662091187778583,33.387627943474655,29.888024264797348,249.37826104136002,219.93136781667874,2,1,33.20701243162951,2,1,2,27.71375124908987,3.42257021718669,42.919608505664975,40.32043595345496,10.62377433960506,13.942243167409558,60.88592170113299,0.0,1.6823224316740955,4,1,3,1,40,3,2,183.7810042398466,32,4.9464486334819115,2,2,3,309.5759902951913,1,0.0,858.5135995518181,0.0,853.5293954689125,0.0,422.02903048072136,394.11959408108635,1,45,0,0,2,1,592679,4,73,18,56,24.15559775643309,2,286.2795033281672,710.94796041315,436.33074270724273,73.0510066392443,79.69959574661242,1.9241823755571676,387.8111679904914,0,2,49.71516352488857,0.0,0,0
23.1276206916647,75.44697700278631,34.21935631112161,36.34747703192443,29.433166656953958,7.068064368887839,1.4342540230554899,24.056716074739086,16.335385043069664,120.6719884139788,215.13810345832349,2,1,50.75698132691095,2,1,1,29.251036093387484,2.35,45.88181252852798,26.519525607218903,7.059899994172376,16.409544139498465,56.96171125290012,0.0,1.683723793083353,2,1,2,1,60,2,2,170.80566779807322,55,5.1797781613884295,2,2,3,258.33852633803815,1,0.0,1031.2113889957948,0.0,1013.669236090548,0.0,740.7654133210849,337.4066752007792,2,49,0,0,2,1,11525,1,48,1,79,231.2052573760085,2,539.323502503215,946.5659471201053,207.07126476170492,269.89922661918393,309.65681584021434,1.0,294.4582196971826,0,2,47.70635057638725,0.0,0,0
23.97355776948372,93.03525630735504,32.705528684084186,38.17355776948372,29.070032138748214,5.714102522942016,0.5746875300986507,20.087660292425735,43.67307729352186,213.32772778044492,86.20312951479762,2,0,56.18726000280827,2,1,1,26.118517355259243,4.9800077938978475,33.29512807341445,57.42123653917563,10.026082194597155,13.22447910981366,69.23249292846977,0.0,1.5733493491987287,3,1,1,1,10,1,2,193.93718142172526,100,5.95440703841938,3,4,3,352.00948683182867,3,0.0,846.1287459467151,0.0,569.8879914887626,0.0,699.7897335794983,549.5662673218319,1,44,2,1,3,2,1883,0,40,0,36,313.3133965222813,1,360.9607785703937,376.26864728310443,278.1191439003233,358.5130163151914,382.48463530882293,1.0,763.1778720118767,0,1,49.70264422305163,0.0,0,0
18.36332618185895,90.13650321816347,32.80882725458011,19.073859436214818,48.05368004738648,6.090865665460253,1.1154601287265389,20.981901930898083,36.99130922540195,387.4553519271667,107.18558689041372,2,1,26.564075374612393,2,1,1,29.1209680254468,13.197751027573494,26.214699252826556,76.32188585332617,13.417307467631797,18.340933905451283,82.53556931271218,0.0,1.7181970170889111,4,2,1,2,12,2,2,178.6541236073282,41,5.200034119995515,2,3,3,627.0368568838776,1,0.36366738181410463,213.65863855919724,2.5453304727435815,415.2063231647995,0.0,649.1532202100593,506.80928720998395,2,48,0,1,3,2,92323,2,56,2,11,462.6722361070406,2,455.35892796760527,682.2756202399103,698.7738225808687,367.99115309690325,465.8213933431514,2.0910021454423138,135.02341825286513,0,1,44.10904903455096,0.0,0,0
24.87292181627487,78.0027709116335,30.007943280016047,40.11248471578867,29.879572004195282,6.874584363254974,1.4549538181394415,22.334652008856708,18.106096005593713,199.49722908836648,218.24307272091625,2,1,64.79264043615203,1,1,1,28.292375308976492,0.790960582699615,47.594048653672495,29.568080264253933,8.347115129213575,13.633428255397225,53.03564186201645,0.0,1.6325415636745026,2,1,2,1,60,1,30,170.33428255397226,6,4.575138545581675,2,2,3,208.97247105876644,1,0.0,1027.4330511633718,0.0,863.0543340972611,0.0,516.5677208548291,255.71104135856106,1,44,0,1,2,2,199684,3,54,30,54,53.91441107303804,2,98.26990203041312,763.9742717941438,213.26892011566295,472.4940084727496,403.7455735769053,0.25046181860558414,837.3344099446535,0,1,47.58673799930079,0.0,0,0
23.615193728659186,82.1822232225517,30.144289661582988,41.215988947567624,28.639721390849388,6.5022841353668035,1.3620258304878912,16.665044271948023,24.550047935352644,280.38130953032504,204.3038745731837,2,1,66.86682477501947,2,1,1,28.34241328780626,3.4058688171333733,40.572731375369635,62.428604693985626,13.379144998407096,17.279443911829414,71.38582707845933,0.0,1.699493542378027,2,2,1,2,30,2,2,176.31409959632842,87,5.617974169512109,3,3,3,385.95256837613067,2,0.0,962.3729232310201,0.0,773.5898788727148,0.0,807.55715535114,273.5138435517108,2,48,0,1,2,1,3516,1,53,0,87,241.4175077553682,2,459.1984891411939,920.1687311543783,229.04804971690572,405.56548303597106,292.6064525554249,1.0,386.76758330276186,0,2,49.43987084756054,0.0,0,0
25.415571433100038,90.82058929533758,29.782835699114877,39.27996787967268,30.93719642121244,4.927439284242489,1.174432499762248,21.163042837669845,50.51453574032521,279.1847858116508,176.16487496433723,2,1,62.50441971503183,2,2,1,20.87555963451318,0.6858821409324845,31.014205696895864,106.8538104266683,19.043385008400566,12.164165710843973,87.39408573874019,0.0,1.386754285351997,1,1,0,2,1,3,2,231.2121857672704,97,5.6810035724475085,2,3,3,185.92117039623608,2,0.0,759.2508839312944,0.0,464.7559457241581,0.0,493.29804331317365,416.52602536754733,1,44,2,0,3,2,4274,0,82,0,74,138.4169106254118,1,229.817149226865,245.62521254477662,304.3406338716808,268.01253613244023,299.6989875756844,1.0,665.6499878609866,0,1,49.48245714648002,0.0,0,0
25.24337107647973,91.25662892352027,27.806249104766202,39.90530313881622,32.33977354112163,5.259280492928381,1.1853977354112162,20.389393722367565,35.910219297007984,231.72724668410768,177.80966031168245,2,1,66.3957589213211,2,2,1,23.87653575929935,2.8775390561559653,33.415399167785296,117.89676651529994,20.96047441534907,13.639773541121635,85.34016912797173,0.0,1.38,1,1,0,3,5,3,2,211.77233768778632,100,5.7,3,4,3,190.7047369916203,3,0.0,761.2328952287565,0.0,458.59613301057885,0.0,517.9984176525996,414.86713917218367,1,44,1,1,3,2,7340,0,82,1,43,171.92842767921815,1,226.5386541500777,265.20417657392073,270.19026660129606,264.6795241522768,292.5283287974821,1.0,668.1456227619155,0,1,48.26685538239863,0.0,0,0
24.765246969296385,91.82865424298507,27.10145163790188,39.780735878243085,33.19903224139874,5.684511091053301,1.0873185452622647,19.943659272631134,23.008518184221693,181.52565514558648,163.09778178933973,2,1,66.93009773012545,2,1,1,27.28879940677525,5.38156805521363,35.982158769666526,115.99486511431517,20.614879984440172,15.025818042297658,79.98333157067816,0.0,1.4156824606669494,1,1,0,2,10,2,2,189.07589708523682,100,5.746950606140723,3,4,3,224.32513540232372,3,0.0,772.4099051721768,0.0,473.1086830289697,0.0,566.9353174633538,437.96565089089876,1,44,0,1,3,2,9664,0,74,1,11,231.42867058401424,1,249.274005224144,303.50680500472413,240.22039620846732,277.74974947196176,300.97764914951745,1.0,681.661356332946,0,1,47.312923394388044,0.0,0,0
24.08598591377607,91.0,31.140256340019757,36.98509295445006,31.874650705530186,5.2959239441427,1.2322166197938529,20.17783380206147,43.13808168059496,368.103267711394,184.83249296907792,2,1,55.094424778101434,2,2,1,24.288971553629196,2.6239636643686035,34.2476594409394,103.11610985304281,19.957911550216025,14.95065239782744,87.29005042185533,0.0,1.5723059157264543,3,1,0,3,5,3,2,207.59615489970363,88,5.7,3,4,3,314.34112804236565,3,0.0,656.6284308531658,0.0,360.25770916867015,0.0,488.20284054687073,333.847462434588,1,44,1,1,3,2,4867,0,73,0,77,194.68367302807698,1,241.81377043843358,371.87173733537264,318.5004476241144,381.54149562942274,264.59450023735326,1.0,566.7248674773481,0,1,49.719681690346874,0.0,0,0
24.12480398076331,92.72527442693136,29.560752713868887,38.909733413838104,31.559498190754073,5.915070566925208,0.7799059107663892,19.789952955383193,26.851176115420138,172.047098915297,116.98588661495837,2,1,61.80143027795259,2,1,1,28.431349698318254,6.4498269600867975,35.933485102538015,85.58919379071895,15.117317370872257,14.823438057921207,71.86251447607877,0.0,1.5130297949239766,2,1,1,2,13,2,2,180.00722436760847,100,5.875039203847338,3,4,3,305.5563622959047,3,0.0,815.132576051241,0.0,529.11414149021,0.0,658.5340354553082,505.77575451678064,1,44,0,1,3,2,6932,0,53,1,8,302.76633419073636,1,316.94321139254856,359.5071399220561,244.06817768357405,324.9734536744365,346.23135071926447,1.0,729.489638716596,0,1,48.030219541545094,0.0,0,0
20.38634370639734,92.03234495695415,26.62587596556332,40.880772603532755,32.55786176710698,5.458041344812226,1.210646899139083,20.958220922517476,29.97556065607867,262.7223637153063,181.59703487086244,2,2,70.25088035015591,2,2,1,28.097942367374245,11.385237416209222,27.02821299213268,116.21628148330079,19.6133785772598,16.430862392385382,83.64495051128101,0.0,1.6106828146801326,2,1,1,2,6,2,2,184.45031530948467,100,5.770979327593888,3,5,3,596.5236769960807,2,0.35489663796943516,507.76516569978344,0.0,697.1534690902565,0.0,822.9379117511606,719.1622136857018,2,47,0,1,3,2,54350,2,83,1,17,551.1835571632897,1,569.9760729287639,631.0768183859408,575.4933425088437,168.0107196072403,597.1994456726399,2.0646899139083055,428.432495825359,0,1,45.701392775716144,0.0,0,0
18.689240596630995,89.98984173151605,33.08585450713635,17.88427182229686,48.96298126460049,6.1364936835283395,1.109593669260642,20.89390503890963,36.57087963034601,386.6079744487594,103.22572675093339,2,1,24.192396178316237,2,1,1,29.05904428664011,12.695190999995004,27.00830085279648,75.295581361209,13.380805053177328,18.31486075226952,82.41498097924654,0.0,1.702227210765081,4,2,0,2,13,3,2,179.09736721141815,38,5.16418353437059,2,2,3,591.1761679120949,1,0.33107594033690035,221.77553705909497,2.6756962386523986,377.99602260144593,0.0,613.2928571526915,467.4398036487655,1,47,0,1,3,2,90201,1,54,3,10,425.93548918835074,2,417.3221084483897,652.4903018738933,673.7429436975463,386.8387837031705,429.9701558893971,1.9932278210107013,141.93899621991312,0,1,44.15304748054518,0.0,0,0
24.52458647775166,90.27750808564713,28.46840166329922,37.34260157095963,34.275413522248336,5.681499460956858,1.2244498382870574,22.444983828705745,22.469327583539823,186.35832434928096,183.66747574305862,2,1,59.476953396090465,2,2,1,27.03571557061228,4.631402371789824,37.36511597102737,116.21907223178101,21.156218081030147,15.105433297397123,80.6902400123515,0.0,1.423466379176991,1,1,0,2,16,3,2,191.44917295550331,86,5.577750808564713,2,4,3,188.78662978600084,2,0.0,714.8253189594429,0.0,453.07443006313827,0.0,474.3598235646318,412.3520550131012,1,44,0,0,3,2,12570,0,79,2,18,206.6356077005824,1,232.10785781600688,272.6472266750197,254.3926969349513,254.30309058994857,277.5807200370545,1.0,621.940445711333,0,1,46.95491729555033,0.0,0,0
25.269814731758444,86.05101673280656,28.901518302571954,42.13996384336049,28.95851785406756,5.56753727790051,1.241357433154882,18.84342521994678,40.75675556325079,229.66868518213317,186.20361497323233,2,1,70.66808764531487,2,2,1,22.90906190097719,1.041314956010644,34.154288287035406,85.43531772992333,15.48941347594613,13.338396743139567,78.93722641368697,0.0,1.4467537277900508,0,1,0,2,13,2,2,215.23534573059737,100,5.653962946351689,3,3,3,223.7673745039508,2,0.0,940.1918332373981,0.0,699.4435438737669,0.0,681.3652259025549,384.8531514646391,1,46,2,1,2,1,3050,0,71,0,80,161.5946885905814,1,350.412045761263,551.1723525401236,252.70829656733028,279.92727425906963,317.710961545581,1.0,573.9228552150396,0,1,49.38887031223091,0.0,0,0
18.48951393850178,92.25120993017288,26.800967944138296,41.20177456425355,32.04717682959663,5.399677351953901,1.2150241986034573,21.352177874311167,33.41903623471985,294.6766498052392,182.2536297905186,2,2,70.84327487766791,2,2,1,28.602790905598756,14.014535294476763,23.339608643486542,111.72517223285267,18.373143729020395,16.97802482543218,83.92655677682242,0.0,1.7055243030749108,2,1,1,1,4,1,2,181.18193170941845,100,5.800161324023049,3,5,3,761.7886182735352,1,0.5008066201152477,405.3990995257457,0.0,797.7058741862218,0.0,941.9931616830363,844.9906049887861,2,49,0,1,3,2,72310,2,84,1,20,693.3961803615273,1,712.0252769469982,774.1911652738395,713.9152243709332,130.0099238571849,725.8059630357805,2.502419860345743,331.52929938286053,0,1,45.14693484356206,0.0,0,0
24.927995800790818,78.70190971700256,28.012789082056123,45.763244511617344,26.223966406326536,6.558812177706631,1.3473213017548467,15.937964306721945,25.545813135191352,153.4430635763522,202.098195263227,2,1,80.792764380576,2,1,1,26.159759934479332,1.6224071386556114,39.29866319809821,51.70462562203781,9.979292308747969,15.177382591745406,65.70199740662042,0.0,1.545881217770663,0,1,1,1,34,1,2,190.0432905182832,100,5.585599160158163,3,3,3,278.8856771224808,1,0.0,1198.921418465415,0.0,1047.6749979863473,0.0,948.0147557610917,337.5317386614807,2,50,1,1,2,1,1887,1,54,0,88,198.47353305267876,2,531.1214599959188,1003.6619987871403,177.61067743374247,295.931236606974,342.3629428469663,1.0,427.7166438722561,0,2,49.149597060553575,0.0,0,0
25.615722992846845,90.88427700715316,29.52314459856937,40.32490416137297,30.128806641488296,4.946289197138738,1.1723144598569368,20.8,47.1811412360541,272.8993905007208,175.84716897854054,2,1,65.38448688514917,2,3,1,21.98600954174449,1.1244642706720664,32.145795250013315,101.00526242163576,17.8645566625474,11.44732232034379,86.9473606557946,0.0,1.3637987810014416,1,1,0,3,0,3,2,223.86794451502712,100,5.653710802861262,3,4,3,191.37381256800825,3,0.0,769.8158901216569,0.0,470.4970181165055,0.0,496.84937036601195,420.67772635536215,1,44,3,1,3,2,2946,0,63,0,57,123.70413194701888,1,234.90423673773543,229.659335898495,319.0507294651681,260.38282606192297,308.6643969730421,1.0,676.2451479610846,0,1,48.7978005464955,0.0,0,0
22.1308113152633,88.6308113152633,35.47704341398199,7.295609371177077,57.13606796919182,6.556396228245566,1.056540565763165,20.0,31.833439642227557,369.5844720513943,68.10164129526875,2,1,3.0960151572471433,2,1,1,28.36197811606308,7.4766301934384725,35.11055150773162,67.5852068671486,13.429468284277652,17.921368873324422,81.26717867600534,0.0,1.5330233965192905,4,2,0,3,19,3,2,183.98371319143902,12,4.8392433945789906,2,2,3,225.4798540214616,1,0.0,323.9615787943164,3.825584912982265,19.734195020621627,0.0,261.40873249837324,82.57946351833232,1,44,0,1,3,2,66115,1,40,3,3,59.40088330570378,1,39.36907398535311,347.00116351875823,411.592542594844,564.4401051101356,75.31222054323676,1.0,231.8962886066988,0,1,44.70682924079836,0.0,0,0
23.008174233803988,90.88283598214284,32.37002780938538,34.983922133720945,32.64605005689368,5.611988876245849,1.2810898978405318,19.659673779900324,36.93324563039864,432.9455425705976,192.16348467607978,2,1,48.61577196303992,2,1,1,27.04743836544851,4.13024541432724,37.02773752541529,98.76074485938528,20.44485191852158,17.141852826328904,86.65439077238368,0.0,1.719727525539867,4,2,0,2,10,2,2,188.53542542607968,79,5.698910102159468,3,3,3,412.0584534515365,2,0.0,577.8382136301506,0.0,286.42031308172886,0.0,482.14209775253414,270.2440318727575,1,44,0,1,2,1,5633,0,66,0,80,239.19986320083055,2,254.6248257817282,474.19555508089843,328.8461014677323,467.0322770850081,237.29483618421943,1.0,484.2670545664033,0,2,49.84455051079734,0.0,0,0
22.734972256995473,93.12022194403623,34.20218865243079,35.854099874816306,29.890705924151998,6.077049937408151,0.601528977908407,19.54098335419728,36.83497225699547,282.8740755154006,90.22934668626104,2,0,48.592623304123805,2,1,1,29.309238589838944,6.800878539765467,36.359835081369404,51.12096187037761,10.272825236004564,15.63994297459437,67.99002469807758,0.0,1.7412022194403622,5,1,1,1,15,1,2,171.8972410935129,90,5.965027743004529,3,4,3,465.0074058766787,3,0.0,758.6352678211377,0.0,487.29191389478444,0.0,696.757724599502,486.2559166521517,1,44,1,1,3,2,2660,0,31,0,37,368.81097076809516,1,377.36063631264426,485.8885526778424,289.71496308834844,455.62631938291094,355.54215605417323,1.0,679.1827662648082,0,2,49.85,0.0,0,0
25.580659487304864,84.62923282226807,28.84518707714875,44.60852670019439,26.47424225683653,5.854812922851248,1.2638681025390275,18.423737094727553,26.67231042969076,193.44265574220938,189.58021538085413,2,2,76.90709225790748,2,2,1,27.319423780858905,2.6021538803711346,39.428948594139605,58.3230132227618,10.536550462403548,11.57239480273342,74.21570889863688,0.0,1.410641723046833,0,1,0,2,16,2,2,185.6605751142622,100,5.5,3,3,3,246.4332785386555,2,0.0,989.5673386184685,0.0,767.0426500023257,0.0,704.472022743266,390.33718443693215,1,47,2,1,2,1,120,0,9,0,27,126.28176415720743,1,395.76531356488294,564.2368788713219,290.95135121722103,254.94876095018546,344.78704229413603,1.0,564.8349972952666,0,1,47.012878871581734,0.0,0,0
22.44174701113313,71.6650597773374,23.683517163581325,46.80967604794814,29.506806788470538,6.995144620039633,1.5525241033399388,26.079625917218515,11.186444276346581,119.33035096782547,232.87861550099083,1,1,88.60396952357274,2,1,1,28.766794060747255,5.033783262345525,41.10699382986129,27.78750019504088,8.109131122696448,16.243976089065036,60.52339876597226,0.0,1.7053397608906504,2,2,3,1,40,1,2,178.14175858179067,88,5.406795217813007,2,2,3,228.83695373582123,1,0.0,1226.9117079950815,0.0,1196.1423408573305,0.0,940.6554923881339,97.97863638089245,2,49,0,0,2,1,190283,1,69,3,53,4.067223682684901,2,679.5133099960934,1260.3370828184882,204.44841384736566,144.29539489678552,124.71573736188947,3.650482066798777,65.29810534042986,0,2,49.36990358664024,0.0,0,0
24.626140613051295,75.05018697425689,26.723403141728188,47.72673149375362,25.57509348712845,7.244981302574311,1.4093612566912759,14.242565440989914,10.30944651414905,90.03971571502844,211.4041885036914,2,2,87.24874496431022,2,1,1,29.382335080295313,3.016022436910827,43.28278085776081,39.155931875491305,8.01209797030556,16.879570681875844,57.66467387905048,0.0,1.59683844443025,0,1,2,1,47,1,2,167.05233356487767,100,5.550456245220517,3,3,3,309.2126739771684,1,0.0,1329.5997842460258,0.0,1223.5677821411016,0.0,1093.0499338254313,312.29507771541165,3,52,0,1,2,1,3013,2,45,0,77,234.7176881283412,2,622.9442889854098,1245.4809916994461,122.74161472790442,301.96082351452344,350.81733587304626,1.0,350.4769287255128,0,2,48.39589379301535,0.0,0,0
22.0,88.12457477619162,36.13933358017783,6.518000740533516,57.24735849458625,6.581228738809581,1.0673634166011374,20.81185704648561,32.65665396261795,375.23123897441326,70.03922294640702,2,1,0.26190212776736166,2,1,2,28.36993196419066,7.353951390530485,35.48390630924873,64.03280175090732,12.961194720904912,17.79940366310791,80.24627484365169,0.0,1.546100659886886,5,2,0,2,20,4,2,183.75017008952335,7,4.795307184702395,2,2,3,232.79872374121402,1,0.0,320.9861663016273,3.812287388095813,31.44702459077871,0.0,244.09990735411623,90.27719341632911,1,44,0,0,3,2,103345,1,40,5,5,51.91280175090732,2,33.03378909791618,353.0599627156273,426.08686956962265,552.7997109543459,65.30227140270384,1.0,228.5341371184976,0,2,44.84871921077305,0.0,0,0
25.50387454299423,83.55424360191921,28.706974177389615,45.012927406897056,26.21317344618038,5.993025822610386,1.279225091401154,17.988622410300636,25.238991469225617,183.81894272194342,191.88376371017313,2,2,78.08394950437511,2,2,1,27.526231230868877,2.58423739336532,39.8773726689137,54.851821840292466,10.006734346660183,11.992152498298212,72.43327439137272,0.0,1.429070109681385,0,1,0,2,19,2,2,183.73071351392161,100,5.5,3,3,3,253.64287290979513,2,0.0,1027.4612205353944,0.0,817.9638655709934,0.0,745.4997541873233,382.3750976115483,1,47,2,1,2,1,142,0,10,0,32,134.6922750573654,1,421.46011542936435,635.7164954297186,276.21683230363936,259.2845508055925,346.80802202839186,1.0,542.0846420952836,0,1,47.14341327690981,0.0,0,0
22.723617516582255,93.21105986734196,34.27940088724066,35.894976940303884,29.770345675771903,6.097488470151941,0.5724608424505729,19.53417050994935,36.82361751658225,276.3564545182144,85.86912636758593,2,0,48.6021612860709,2,1,1,29.406889357392608,6.91488013351416,36.333264988802476,49.05894101133752,9.832942592396561,15.575675143855564,67.18156718065656,0.0,1.7421105986734196,5,1,1,1,15,1,2,171.17735055131496,90,5.976382483417745,3,4,3,467.26086765908565,3,0.0,766.6031162639,0.0,496.1790421214007,0.0,706.140373697751,495.512528131814,1,44,1,1,3,2,2532,0,29,0,35,374.3652555886241,1,382.7371058983023,486.646822242637,287.980867132442,455.10218456543686,360.6402074048991,1.0,687.4774041366627,0,2,49.85,0.0,0,0
23.783122592487484,93.28916987668336,33.10544255577628,37.98312259248749,28.85420560481915,5.815667950673341,0.5004178110701192,19.998790543160826,42.75898844393993,204.88510160027852,75.06267166051788,2,0,55.231275414287175,2,1,1,26.792023097902593,5.5202089126438345,33.62013744215469,51.092440823667424,8.881566780849784,13.364766356867552,66.90981855303903,0.0,1.5974711382849185,3,1,1,1,11,1,2,189.16360631835295,100,5.986146234585419,3,4,3,372.6393295558307,3,0.0,856.1304014425573,0.0,582.9810446911771,0.0,724.4904456037566,566.1398407758142,1,44,2,1,3,2,1639,0,35,0,32,335.3397638775892,1,377.45881273750086,392.4632547348643,274.98013739950204,369.6617263604743,392.63673459449217,1.0,774.5055911235361,0,1,49.72168774075125,0.0,0,0
24.950828959290114,91.08696325803696,26.10559160183702,40.29865100446794,33.693790552066645,5.629502624425931,1.207277314025063,20.09047471490619,21.32070848876785,183.1905057018762,181.09159710375945,1,2,69.41991758896543,2,1,1,26.911500358359145,4.997277314025063,36.093228293185945,125.13598506482789,22.334383703252165,15.131666150217166,82.51726394944818,0.0,1.3864905773737048,1,1,0,2,10,2,2,192.09710638922712,100,5.6960663167432095,3,4,3,194.90285138813414,2,0.0,767.4643697706841,0.0,468.5690456497149,0.0,543.4361296622699,405.73257373605156,1,44,0,1,2,1,12596,1,81,1,13,201.24246750522985,1,234.98591545037903,304.3908412825499,237.21076107195168,258.43932869559615,281.4287232442878,1.059005248851863,651.0676146933374,0,1,47.09425393663889,0.0,0,0
22.763711896021448,80.19861497597549,44.84033250067314,17.218614817796716,37.94105268153014,7.377396123198162,1.6002049867192034,38.36703611185905,15.539722995195097,191.75346256006128,240.0307480078805,2,1,6.603135355888925,1,1,2,26.806581710090295,1.4350637174322785,45.0771357197001,45.60559567105568,11.67532412093034,14.100886431193565,59.71584492792646,0.0,1.6654792246396322,4,1,3,1,41,3,4,187.029362983856,4,4.962326871996936,2,3,3,370.2094854385773,1,0.0,721.7069782433092,0.0,710.3415941999931,0.0,219.38603671169437,557.143624937506,1,44,0,0,2,2,394436,2,63,15,10,22.654016727849857,2,50.31063164055384,466.5075988163252,555.4942954726213,64.73113339447215,34.68790934010131,0.9246537439938718,618.2275882233237,0,1,46.47432132241011,0.0,0,0
24.624363413207682,78.3341821157231,30.957988731739526,38.61561077731737,30.4264004909431,6.824872682641536,1.4494302980712819,23.4890677031021,18.8352006545908,199.16581788427692,217.41454471069227,2,1,60.025290265323335,1,1,1,28.27746180479246,0.9058498001173383,47.4802641402684,30.833518711869335,8.600092348335293,13.744451008767236,54.00943845003302,0.0,1.6375127317358464,2,1,2,1,60,1,28,171.44451008767237,6,4.591709105786155,2,2,3,204.78288108706727,1,0.0,984.7406598525514,0.0,833.0737718713035,0.0,485.796190555111,266.89893125661865,1,44,0,1,2,2,186788,3,55,28,54,65.80434037175876,2,111.71359752430719,722.9229182955736,223.60508321921034,453.5378399508321,391.25578999878246,0.30569701928718185,801.6817449607028,0,1,47.49559991817615,0.0,0,0
24.118177937699308,74.36823129433382,28.59910817723808,47.703609976355295,23.67819074329159,7.55181565950455,1.1974516738974879,13.655468321167458,12.246422037625415,75.18199280353114,179.6177510846232,2,1,84.94009512820254,2,1,1,30.44000213426538,3.6501041221338566,43.844253460677066,9.275270748226648,2.715359930502839,16.874812031253402,49.53664049635024,0.0,1.687181992803531,0,1,3,1,52,1,2,158.21363345327447,100,5.6336377218052425,3,3,3,379.15977224055763,1,0.0,1408.4555643697288,0.0,1328.5847871903438,0.0,1207.2495141511492,354.5546842754977,3,52,1,1,2,1,348,2,26,0,80,290.29682754804776,2,706.0788421577215,1366.2129265611827,116.08260305334642,340.56124992247607,389.9938976453119,1.0,360.37644886271676,0,2,49.040911031150344,0.0,0,0
22.36576257155492,82.64779885512125,43.581014002653355,12.383726287988589,44.00841222366904,7.1852201144878745,1.4596540801415123,34.70365537650785,20.083530110065617,241.20479823845932,193.577238045107,2,1,0.1,2,1,2,27.149830999557775,3.1569576327543505,42.20968539675207,52.075625247008844,12.300420611183451,15.218997696164907,66.14252780623052,0.0,1.6350982686042796,5,1,2,1,34,4,2,187.4039307441712,5,4.9463050286219685,2,2,3,340.2105599191458,1,0.0,579.8613586723578,1.0738994275606273,502.42609879070255,0.0,201.30724541780714,446.68142742812506,1,44,0,0,3,2,315092,1,57,10,5,32.084414707146934,2,45.88237392516519,406.3791105452177,542.1687122538141,173.18137574576883,17.660276086234514,1.0,486.5192439176223,0,2,45.88016900044223,0.0,0,0
22.0,84.38223899421052,38.52507264119079,13.67521792357237,47.75118144780921,6.394111949710526,1.2404464465177631,28.904658175019737,36.2118729555,347.6315125823026,140.20801885855263,2,1,1.8757844337467109,2,1,2,27.77115823907368,5.000957767609868,39.6098315088829,55.68739295708947,12.474691069247369,15.301394528635527,70.8389782716967,0.0,1.606913616344079,5,1,1,1,30,4,2,185.24710440231578,5,4.748527987427631,2,2,3,291.6984110298691,1,0.0,488.0159680908987,1.9411194971052628,344.9191034486981,0.0,195.1548332455309,317.2264689948454,1,44,0,0,3,2,449258,3,57,15,31,43.56739295708947,2,54.004903236192774,384.3599236121717,492.0455377270395,298.60623088300713,60.540149120132895,1.0,391.4567253870448,0,2,47.32801666633553,0.0,0,0
24.686343433547023,77.69911107606909,26.639119193034166,46.49859395564069,26.89955553803454,6.980088892393091,1.375647677213666,15.16968887662418,12.127571693120146,105.33123212094426,206.34715158204992,2,2,84.27954185746074,2,1,1,28.977772126563995,3.33389332912829,42.11002991450396,53.32406365095678,10.366028251688663,16.59300525631616,61.73799671379169,0.0,1.5619208085427256,0,1,1,1,41,1,2,171.13408479448827,100,5.57453737341881,3,3,3,290.74846893112755,1,0.0,1237.3534105132362,0.0,1099.4151176019839,0.0,1002.9226993740913,328.5293702902907,2,50,0,1,2,1,4245,2,51,0,66,229.97731804250728,2,558.7777147882392,1090.488830333185,141.43218237900928,295.27469827026744,340.1204987273647,1.0,400.9846870086118,0,2,48.17916363923071,0.0,0,0
25.605308533190527,90.89469146680948,28.258049012847795,41.492209626338216,30.228679654175885,5.297345733404736,1.1878938293361894,20.484246826552422,29.408480078157808,221.9238205246222,178.18407440042841,2,2,69.82086525042818,2,2,1,26.458390197430443,3.6038434589936914,36.59320236252672,96.95931653512028,17.061161494647145,11.577104336831127,83.55925544785862,0.0,1.337628402676663,1,1,0,3,3,3,2,194.700172426124,100,5.578938293361895,3,4,3,202.1224097502135,3,0.0,772.409331753639,0.0,474.5950713521395,0.0,501.30891316756157,425.64593972237583,1,44,1,1,3,2,4209,0,32,0,5,129.65880494850737,1,243.21640527291063,216.93478594358152,319.07996458639593,242.7831500868323,314.26802919828447,1.0,679.2324479031037,0,1,46.5960186001071,0.0,0,0
24.032639422178935,71.52522917055795,29.392589748379017,45.548500792152495,25.058909459468484,7.5507410251620986,1.4644213140726312,16.303722283333798,9.849417474384307,79.34279972049534,219.66319711089466,2,1,78.92418094961569,2,1,1,29.896616121154306,2.35,45.78829392637484,15.276176245130376,4.435345675681091,17.11545874929957,51.79707103076555,0.0,1.6746736057782106,0,1,2,1,60,1,2,162.69066651446224,84,5.390949198508418,2,2,3,317.4000486913972,1,0.0,1355.4433993898251,0.0,1323.6321178334706,0.0,1097.6112820337466,298.4154515611242,3,53,0,0,2,1,4209,2,38,0,92,240.0714242059463,2,683.1279620528253,1357.8426590149948,125.63466266093224,300.28070540254686,351.5803001667355,1.0,261.6120732377192,0,2,48.46053285181578,0.0,0,0
21.765176765513736,72.07462121675628,21.819898991135005,49.64713299500558,28.532968013859417,6.96703198614058,1.546205723835683,24.467031986140583,10.045363644150555,114.76476437383127,231.93085857535243,1,2,97.93395369815191,2,1,1,29.074477273005378,6.595202865588817,38.639105381021174,30.226502876601742,8.056990068685268,16.85976397350482,62.16038855722327,0.0,1.7323946128605336,2,2,3,1,37,1,2,176.51011784367583,100,5.527993266075668,3,3,3,290.5009340680176,1,0.06998316518916814,1214.2785815614359,0.0,1256.8467839812329,0.0,1066.910388109691,124.62136759498799,3,50,0,1,2,1,110557,1,70,1,51,82.57593593330716,2,789.8442115382221,1364.0293139508672,229.5819603131913,147.61227202117524,206.05052698026577,4.0,0.0,0,1,48.87660185060553,0.0,0,0
21.781664523398177,83.09853711222112,41.95642384661611,21.201281003905926,36.84229514947796,6.108459029895593,1.3652126125215958,36.788842549387844,29.61957100953951,201.05578725306077,204.78189187823938,2,1,4.589028341658423,2,2,2,27.571033115638862,2.2302925775557756,44.968408230151006,51.064254595470494,12.302487690903614,14.925934962217386,67.77098842635014,0.0,1.677466838128146,4,1,1,2,55,3,2,188.69547492375867,8,4.86337451776459,2,2,3,154.55146899823475,1,0.0,470.48247135183607,0.0,456.83402866100806,0.0,127.36361750619628,408.17712424250726,1,44,0,0,3,2,23215,0,67,3,57,209.7323337283108,1,277.0397695184407,209.69495797509947,349.9915894248104,219.0547252914819,238.967318347292,1.0,375.982183321377,0,1,46.57533161871854,0.0,0,0
25.89554064119232,90.60445935880767,29.579108128238467,41.835919462438525,28.505864281084545,5.0582162564769275,1.1779108128238462,20.8,37.947158840653444,253.3121551165376,176.68662192357695,2,1,69.09486890221017,2,3,1,25.04721461464398,2.2717166288885116,35.665901266199384,83.72932081278617,14.635461000640628,9.869150783675316,84.7647829986999,0.0,1.3246243102330753,1,1,0,3,0,3,2,203.72107383415295,100,5.541783743523072,3,4,3,202.7959689734705,3,0.0,779.1394141645281,0.0,483.9338615900552,0.0,484.87877136979256,430.2474899287773,1,44,3,1,3,2,800,0,17,0,15,92.13510486068246,1,249.85769186531758,189.035409711699,357.18427858168934,239.18384102326985,326.93089305703467,1.0,685.5910574158236,0,1,46.97898583224992,0.0,0,0
22.335571758412026,80.5,44.62417499084987,16.87179584400848,38.504029165141645,7.005372220188861,1.5475172681965697,39.17920184710734,23.591212541175572,233.09362984652154,232.12759022948543,3,1,1.2345548669570254,2,1,3,26.834562547092695,1.868722177671228,44.52087490581461,47.26490023088842,12.016980046177682,13.696580969731354,60.77127398226094,0.0,1.67,5,1,3,1,40,4,2,188.1422870336481,3,4.9013430550472155,2,2,3,372.2631619878975,1,0.0,674.5316615869385,0.0,681.32480816613,0.0,170.8364774332041,574.928541888222,1,44,0,0,3,2,537926,3,67,17,23,27.923395989861632,2,59.3908096246614,423.722643917783,578.4096662047069,27.923395989861632,18.284420464582787,1.0,578.4096662047069,0,2,47.51744051527462,0.0,0,0
22.934587125184656,85.54849764101739,38.094133130631405,26.937070947793664,34.96879592157493,5.733759184314987,1.3046841759278054,31.83127536170598,36.24887596981177,225.8436231914701,195.70262638917083,2,1,22.96373230763045,2,2,2,25.446773221847273,1.7403004717965214,40.54118543929092,68.76449883939743,14.441159117217536,14.049713784859662,73.99677047599714,0.0,1.5852330299852275,3,1,1,2,38,3,2,202.18466936466046,37,5.122782103166547,2,2,3,164.50407335815655,1,0.0,562.0994659027987,0.0,459.3473999329026,0.0,243.46292350609482,410.82596392011175,1,44,1,0,3,2,17206,0,72,2,62,187.10622766825114,1,262.0575403082254,221.0944802002633,335.50799923986773,234.58747504405025,258.23553732964854,1.0,467.88452621628187,0,1,47.497669700147725,0.0,0,0
23.135409122674346,94.11042722825592,33.36002896893051,37.564156406837114,29.026647354046325,6.271252715837235,0.3049963788836865,19.55249818944184,32.787545263953916,157.40405501558033,45.74945683255298,2,0,53.87835625437617,2,1,1,30.196430125148964,8.10013758337919,35.85829109332325,38.61668350808729,6.624351909036594,14.510789282765094,59.31698767551072,0.0,1.6634178133534991,3,1,2,1,17,1,2,165.99739317706874,100,6.072918175465131,3,4,3,431.04724851647654,3,0.0,881.1331282446397,0.0,615.6347430403738,0.0,800.0412456386242,610.5328820912401,1,44,1,1,3,2,2710,0,20,0,3,412.9730486435499,1,421.48267209822853,446.0198263133551,250.01246199097253,397.9274729304843,416.14199139183063,1.0,803.3776467186798,0,1,49.13834178260473,0.0,0,0
23.238226471047348,93.96648294053371,32.965210351178186,37.70398800062439,29.289859765881207,6.234238470422955,0.35434870610272645,19.577174353051362,32.17064117371592,158.92575177150073,53.152305915408974,2,0,54.701717580147154,2,1,1,30.013003975651532,7.928638246293025,35.8661052117996,43.49803993944384,7.5069360274704255,14.543279564850963,60.62071165288035,0.0,1.6477895764008033,3,1,2,1,17,1,2,167.45328683003044,100,6.052354705790531,3,4,3,418.0063073182387,3,0.0,874.2743885693735,0.0,606.6435715598516,0.0,785.3358972049242,599.6465812455069,1,44,1,1,3,2,3149,0,24,0,3,401.5204298429781,1,410.61899106913734,437.02947737162,249.39473536194754,390.34613293085283,408.8769175557945,1.0,795.6992471421842,0,1,49.02318635242697,0.0,0,0
23.4676522927158,93.7097969430456,33.76793018529681,37.66765229271581,28.49667259841124,5.983918777218239,0.3773843941591626,19.85157106993404,41.244731005035845,190.89925164373386,56.60765912387439,2,0,53.647614509433325,2,1,1,27.907736391428447,6.41509299632951,34.158540087098366,40.60831119458847,6.9855902792219675,13.597162811032693,63.062132463490386,0.0,1.6374307095893317,3,1,2,1,13,1,2,181.25581747074276,100,6.0387246178807,3,4,3,406.8142271300972,3,0.0,872.6989015865661,0.0,604.6706793681462,0.0,765.4090466194757,593.5952209649438,1,44,2,1,3,2,1236,0,26,0,24,371.828110316848,1,404.78905637438777,419.29084902744825,269.7801352915988,388.13040927677457,409.45445627532064,1.0,793.2708161216218,0,1,49.75323477072842,0.0,0,0
23.88137712894544,78.99694838374288,25.95726134862805,46.2038810566535,27.838857594718444,6.812472610356881,1.4421674487311686,17.947449148421825,19.400438234289897,231.7200316302911,216.3251173096753,2,2,84.36098902328008,1,1,1,28.65812050399839,3.711248863412905,42.45176363223358,34.80597977411336,8.248718321172007,13.995608773030863,54.10874653808206,0.0,1.6735586861316367,1,1,3,1,50,1,34,166.01125196385405,21,4.711862287105456,2,3,3,394.31670132495015,1,0.15133020507532557,1044.5931937149824,0.0,1020.5978468683504,0.0,761.0036114602665,366.9789845331361,1,45,0,1,2,2,239335,4,56,34,49,178.56056217657965,2,212.95896903093035,997.5922853321297,320.92175910036417,473.93964697568447,567.1313532642362,0.6053208203013023,847.8211251297497,0,1,47.2811815258922,0.0,0,0
24.22675733711594,72.98384395177173,28.115929849834053,48.44194989238841,23.428458124633334,7.6223922691253625,1.2778004294657974,13.270011453238405,10.612302076405069,70.29591982978259,191.67006441986962,2,1,87.36575891117015,2,1,1,30.38028346458623,3.2803912671202164,44.38335017878065,9.33064624192913,2.819053256945725,17.046910379328768,49.42100343597152,0.0,1.6822959198297824,0,1,3,1,54,1,2,158.29506800283696,100,5.59563493200942,3,3,3,370.27037681031777,1,0.0,1440.9946387869056,0.0,1372.6951682033516,0.0,1228.47515804611,332.86432055103376,3,53,1,1,2,1,372,2,28,0,85,277.3161603477891,2,720.6702847483259,1424.229614154476,106.83978167800541,333.56819370304777,385.22671911392456,1.0,327.4671186935291,0,2,48.98662133144203,0.0,0,0
22.5,73.41089003089881,28.677225077247034,39.8954492906182,31.427325632134764,7.187326700926964,1.5816435601235954,29.111879547893164,9.786929825337028,121.52672230280838,237.24653401853928,1,1,70.79260461187702,2,1,1,28.310495292893272,4.245129118165754,41.930554022637615,31.691799638379074,8.892435173719072,15.9735448221826,60.49948513052528,0.0,1.6983564398764046,2,2,3,1,40,1,2,180.4348502364606,72,5.354455498455059,2,3,3,261.7742791131478,1,0.0,1120.8850953627903,0.0,1097.0597048019165,0.0,794.7820317969549,197.48437767269883,2,48,0,0,2,1,195186,1,67,4,39,7.131680575702095,2,553.1088471731055,1096.6451692516998,282.58094462772203,119.65003400527611,94.87355871648118,3.126732990730356,170.92746261437838,0,2,48.44128744088485,0.0,0,0
22.32922996536186,87.19896980371722,37.09539024246697,28.14758165130941,34.75702810622362,5.8683080138552555,1.324718002309209,27.88339442258529,33.03066178986196,327.67679445789787,198.7077003463814,2,1,26.784620285344705,2,2,1,27.504010824477618,3.3395477586651547,41.035922809445275,75.76857698743424,16.622702997713272,16.245639953815814,77.64361972407198,0.0,1.711056399538158,5,1,0,2,32,3,2,187.2243059237961,44,5.297537979217117,2,3,3,296.0135117893593,2,0.0,516.959256323649,0.0,358.7246688725214,0.0,308.3860944536391,331.611232571237,1,44,0,0,3,2,14168,0,66,1,69,228.47792564786806,2,264.762200065745,351.35080356649814,340.6271817389694,354.9023261669375,235.52595774711912,1.0,426.5298779506892,0,2,48.28486991917768,0.0,0,0
23.186040574591193,79.31395942540881,36.46339480218868,28.7499617061132,34.786643491698115,6.466859129283018,1.4377906086188679,31.31049509831447,32.457595394440254,284.0118030495598,215.6685912928302,2,1,28.118830502656582,1,1,2,27.508777273813834,1.8809917710465416,45.14127280619371,40.15096466737108,10.555646614800002,12.834534260332076,57.38548361014843,0.0,1.652209391381132,3,1,3,1,45,3,13,180.42503191157235,4,4.64069797127044,2,2,3,315.7866387684453,1,0.0,827.2556227039822,0.0,767.6292211443244,0.0,296.1101707074514,449.5693532565334,1,44,0,0,2,2,645040,5,67,30,56,24.558830885255354,2,64.35918497674216,574.9558945059345,443.62424769271206,190.14492060536844,175.62137594575586,0.7034898563522015,690.4985932938691,0,1,49.336630727069185,0.0,0,0
22.709890428223137,93.32087657421489,34.37274508808266,35.9443944583967,29.624838539165268,6.122197229198351,0.5373194962512339,19.525934256933883,36.80989042822314,268.47710580008135,80.5979244376851,2,0,48.61369204029256,2,1,1,29.52494231728101,7.052700100639692,36.301143602042146,46.5661017653219,9.301155189364374,15.497979823742963,66.20419848948744,0.0,1.743208765742149,5,1,1,1,15,1,2,170.30705314934696,91,5.990109571776862,3,4,3,469.985145614836,3,0.0,776.2356887072594,0.0,506.9229596383142,0.0,717.4833413506564,506.7031251039332,1,44,1,1,3,2,2376,0,28,0,33,381.0799981303697,1,389.23688223634406,487.5635172032588,285.8844661982377,454.46854216678,366.80339553637543,1.0,697.5050421829975,0,2,49.85,0.0,0,0
23.268620830783373,93.97517222562217,34.18589625535491,37.46862083078338,28.271103608221157,6.090068890248867,0.2997621240055159,19.75868972103224,40.2893799877602,182.07552349806292,44.96431860082739,2,0,52.64847657053254,2,1,1,28.6116443284628,6.979678910011162,34.498220448796374,33.99383227636747,5.789411193008079,13.743782654656249,60.63461206612122,0.0,1.662641361434106,3,1,2,1,14,1,2,176.26676215830324,100,6.071896528202771,3,4,3,428.37530540123703,3,0.0,883.1520339672572,0.0,618.3547558142071,0.0,791.2247541085244,610.9169290969229,1,44,2,1,3,2,982,0,21,0,19,394.848752642159,1,422.03181535980036,436.21648455018186,266.49943336074597,399.7823744965053,420.06482351093837,1.0,805.109870915569,0,1,49.77313791692166,0.0,0,0
24.69424314456716,78.04669836095503,26.628059597605976,46.33743985082994,27.073349180477514,6.945330163904497,1.3712238390423905,15.29134442633426,12.366142965928224,107.33775872005857,205.68357585635857,2,2,83.88992810994768,2,1,1,28.924686068508688,3.3756038033146036,41.95614354383173,55.18318164243537,10.674906952575947,16.55540263186032,62.272491161414024,0.0,1.5573389761510472,0,1,1,1,40,1,2,171.66968520165344,100,5.5776972578268635,3,3,3,288.3256275612521,1,0.0,1225.2489993055237,0.0,1083.1240175478206,0.0,991.0963579942879,330.6596063639803,2,50,0,1,2,1,4407,2,52,0,65,229.35529479678183,2,550.3578867945384,1070.1510243118473,143.88472666232042,294.39735636437126,338.71687807330704,1.0,407.61222856606435,0,2,48.15072467955822,0.0,0,0
22.41840581959976,71.47913016480288,23.154274878605165,47.7195369158327,29.126188205562137,7.026565237639783,1.5544971057239543,25.69336201736322,9.080840116244952,101.32260640082451,233.17456585859316,1,1,91.68342833048803,2,1,1,28.907381179443785,5.114401516995277,41.17326509792528,27.003458936801167,7.941063674073004,16.581897136771623,60.9232462463214,0.0,1.7091840581959976,2,2,2,1,41,1,2,177.68539111536202,92,5.442884073719831,2,2,3,207.5641593292375,1,0.0,1231.8675264464348,0.0,1199.4766457438895,0.0,968.4180531823085,68.16986559969281,2,49,0,0,2,1,101947,0,68,1,53,17.56396327295574,2,720.092896271113,1276.540521855056,173.4949071838591,163.33333495982959,142.02450353759616,3.755217458799279,28.84599059689697,0,2,49.05929716781929,0.0,0,0
25.99222270583902,90.39111788174628,29.586000870510237,42.440960415914496,27.873557199852666,5.1139991294897635,1.181555458832196,20.755928666421113,34.35482384232837,245.0252457984905,177.2333188248294,2,2,70.59919999517396,2,2,1,26.21094684560691,2.698185298029105,37.02541939790012,76.92841445529596,13.376336670289236,9.32251587474669,83.76946307820978,0.0,1.3118665505986353,0,1,0,2,0,2,2,196.00453067342067,100,5.5,3,3,3,207.7902360730883,2,0.0,786.4581465170714,0.0,494.10764224442335,0.0,484.56556381609494,433.0135464441341,1,44,2,1,2,1,2,0,0,0,0,81.20187295376603,1,258.04254186940267,181.10993498308417,369.9275890991357,231.70915787695668,333.954698382317,1.0,686.7756914373571,0,1,46.313221400073665,0.0,0,0
24.255788829897273,91.31394720747431,28.507054627318457,38.16505095773291,33.3906838564435,5.6,1.229768446804109,19.888368324484592,27.36763656829614,278.026396262841,184.46526702061638,2,1,61.20416184155012,2,2,1,26.92953689360822,4.673710252706341,36.36466347335033,116.76197523291746,21.852299327242648,15.859095393504782,84.41121178170032,0.0,1.5065158989174636,2,1,0,3,10,3,2,191.02320933530996,92,5.7,3,4,3,275.61692275929016,3,0.0,688.2490828478944,0.0,388.3099233499284,0.0,512.6709294711442,359.9323908403096,1,44,0,1,3,2,8803,0,76,1,37,217.8906582773907,1,234.66569303040737,351.8976754073631,272.81300836199364,337.6221404513539,266.5884688111428,1.0,597.690547789079,0,1,48.09189563814382,0.0,0,0
24.208589069731936,73.6768900005089,27.96850674431623,47.30818111591455,24.72331213976922,7.3725973022735065,1.4411452092975916,13.737627255989112,12.444782977468492,131.2412804740399,216.17178139463874,2,1,84.7082446966069,2,1,1,29.608323348761466,2.697750376786556,44.03816016723451,26.911915546311157,6.472023228320258,17.413946855805907,56.45995626600936,0.0,1.679713697675602,0,2,2,1,50,1,2,164.3670733960637,95,5.538854790702408,3,3,3,360.4326127410618,1,0.0,1338.2770038937874,0.0,1249.8252438040631,0.0,1125.6684857623616,276.7102664556227,3,52,0,1,2,1,1447,2,39,0,95,243.58537873475402,2,659.1806310205924,1356.132332271589,131.48989967560473,345.4782707989441,346.6766360339741,1.0,291.45642361965633,0,2,49.04427395351205,0.0,0,0
22.67735229249982,94.75170679050025,35.11896719680069,36.941199117799755,27.854021868799535,6.436153174700065,0.08512910039991319,19.442564550199954,35.53588624500109,150.62481392899733,12.76936505998698,2,0,50.21023715833855,2,1,1,31.01360351018032,8.864176376110303,35.82347877422999,16.869977438721413,2.6923920788184477,14.366043324429944,53.5088270688977,0.0,1.7330424515400276,4,1,2,1,19,1,2,159.51130846179743,100,6.164529541500037,3,4,3,489.1453446284929,3,0.0,911.689183271922,0.0,655.6908967254759,0.0,865.5543657175058,659.0319392701191,1,44,1,1,3,2,756,0,5,0,0,463.99508284303016,1,469.8809567744691,486.0723155438158,252.7644674266611,431.7027513602333,448.5082870119628,1.0,837.5853307961136,0,1,49.651365432400205,0.0,0,0
25.603216172786112,90.8967838272139,28.25093498747278,41.48739719740806,30.24102458056194,5.2983919136069435,1.1879356765442777,20.48257293822889,29.38148862894084,221.7961865399528,178.19035148164167,2,2,69.81737100855281,2,2,1,26.459813002505445,3.608634964319805,36.59115184933039,97.06364162488447,17.08041121036777,11.589281874384831,83.55718401105825,0.0,1.3377748679049721,1,1,0,3,3,3,2,194.69222145658722,100,5.579356765442777,3,4,3,202.09623432155425,3,0.0,772.3552023899767,0.0,474.51897220423086,0.0,501.4197036509754,425.60260693840036,1,44,1,1,3,2,4232,0,32,0,5,129.92020353383106,1,243.15160487118587,217.16308338730738,318.8024966731663,242.84418423982913,314.1647502887225,1.0,679.1802435110135,0,1,46.597587870410415,0.0,0,0
25.025384265519698,91.4746157344803,26.36753615243001,40.07969258758424,33.647694406881804,5.5644620282724215,1.198476944068818,20.04061482483152,23.09259481255827,189.87377897978212,179.7715416103227,2,1,68.5581880860446,2,2,1,26.55777353410771,4.769664575289018,35.730419100180804,126.17590559556186,22.45586393853487,14.947694406881809,83.20825811678264,0.0,1.38,1,1,0,3,9,3,2,194.420587535368,100,5.7,3,4,3,194.14892860478878,3,0.0,757.2175781708728,0.0,453.2074990436469,0.0,531.7577451603967,413.29327439705224,1,44,0,1,3,2,10319,0,82,1,16,201.8013402531805,1,224.68576625691745,281.12593324644126,242.08304719610993,260.8821939053531,285.2388498389787,1.0,664.548840381075,0,1,47.17692132759849,0.0,0,0
20.422862915031267,83.69051993601806,41.14256580873523,22.35111414861015,36.506320042654615,6.08661714895066,1.3629925723425989,36.265242378945096,29.95018503804865,218.69701586931208,204.44888585138983,2,1,8.35087007086048,2,2,2,28.343977586350523,4.692489702679367,42.044183872426814,52.366057069068255,12.04644969996595,15.560650377393053,68.3634563435597,0.0,1.7374163408462822,4,1,2,1,53,3,2,183.65390409384017,13,4.9247211361542735,2,2,3,285.3539206110586,1,0.1133828510493401,403.5496101656933,0.0,533.9439443943227,0.0,240.76371249550039,505.9406455682747,1,45,0,0,3,2,37051,0,68,3,52,324.6381687502774,2,384.70722309607015,326.7454691025581,448.0867624611077,190.85320748311904,339.8806610665023,1.3401485531480204,313.44576066852676,0,1,45.99851316174705,0.0,0,0
12.2899761046739,92.37862263284164,27.23429936875777,42.51817249780226,30.24752813343996,5.252471866560039,1.2393897024370595,22.75247186656004,44.15608602317396,395.41118394727783,185.90845536555895,1,2,73.61427200199634,2,2,1,30.292717357970496,22.52256397642911,11.549055491648616,94.39617135206086,13.94966247966471,18.79090010819027,84.21504609540666,0.0,2.021162633000414,3,1,3,1,1,1,2,170.19331740311594,100,5.888953291250519,3,4,3,1296.4153082246626,1,0.9723832281262953,89.59933512163565,0.0,1145.1386801902459,0.0,1340.9241672205494,1241.3053494771655,3,54,0,1,2,1,133068,3,85,1,27,1147.353866195341,2,1185.8895511600685,1266.7957071693916,1159.045001137803,4.38333403179441,1137.3003199294928,4.0,0.0,0,1,43.417081469835914,0.0,0,0
20.104108537105823,83.44872922412529,26.41592967763715,44.96277851933477,28.62129180302808,6.299843301464361,1.3747162238768897,19.458356585157674,27.602507176570217,286.4904262119656,206.20743358153345,2,2,80.70783068517234,1,1,1,29.18963615585011,9.846612276158115,32.36375844302762,54.37492912883677,10.118466274132619,15.538892797696764,63.89457023994085,0.0,1.7868767438868254,2,1,3,1,34,1,23,167.27933499111447,46,5.089589146289418,2,3,3,690.8943409112263,1,0.4211351044924413,730.0438497785321,0.0,1059.1044021131613,0.0,948.0350657852052,655.8051293591584,2,48,0,1,2,2,205770,4,65,23,42,496.9141551948112,2,526.1215157843766,1082.2300822792788,596.4168438461869,323.2671008961962,757.4571254110579,1.6845404179697652,578.2860306120511,0,1,45.9996082536609,0.0,0,0
22.219237061509045,76.11525876981914,32.4059071888455,33.859596979826335,33.734495831328175,6.594626710716279,1.4857711184527131,31.731378637670296,25.64959100191217,219.90484819791234,222.86566776790696,2,1,45.761903822951226,2,1,2,27.9524076451231,3.787727544450644,42.508806512493024,37.48003360066607,10.05386808241096,14.46389649207235,60.80376130249861,0.0,1.6875389649207235,3,1,3,1,40,2,2,182.50295359442276,45,5.0507792984144695,2,2,3,291.2776957993322,1,0.0,942.0055182974095,0.0,931.177492844969,0.0,539.5679575937415,327.0036773299717,1,46,0,0,2,1,501482,3,72,15,55,19.60286836543858,2,375.4000614468701,835.4587842102883,383.7780826474015,89.19748117086934,89.90183064370495,2.315422369054261,314.7184082720528,0,2,49.63691552618915,0.0,0,0
15.443725579400407,88.90032669118999,33.63150342939121,33.28071872061798,33.08777784999081,5.921542502350562,1.3546300685878243,28.406745245863533,35.4919736047379,334.14156681787745,203.19451028817363,2,1,49.003341865431665,2,2,1,29.132895393827475,15.965121386140883,21.90718852508075,80.29584010675887,13.444534622766966,17.318362051828583,76.93007430361449,0.0,1.9119294087062717,4,1,3,1,13,1,2,176.16590865645026,68,5.604823521765679,2,4,3,1017.1335083080817,1,0.6720261352951994,260.43916348685235,0.0,992.5246889457862,0.0,967.0531809479078,1049.2961039449813,3,51,0,0,3,2,222895,3,78,4,20,800.9858777654853,2,821.9420477748876,989.3977079241992,990.6105687563552,8.035359685267615,783.4480685271434,3.0160784058855983,192.58625335465894,0,1,44.26671898058488,0.0,0,0
22.484458002424194,78.23401532282848,37.649557320404284,29.808656357979324,32.541786321616385,6.725044267959571,1.4128152667474732,29.56647644589939,20.944717649293263,150.04308455596174,211.92229001212098,2,1,30.739614562115722,2,1,2,28.792246708395925,2.35,45.94827267308283,34.509750083216744,8.925071792969831,15.907877241890873,60.63202633283259,0.0,1.690155419975758,3,1,2,1,60,3,2,176.57269324492972,34,5.029706867232313,2,2,3,216.36572923820302,1,0.0,800.7919239484925,0.0,793.3903027769376,0.0,487.16850882918567,365.1162677288909,1,47,0,0,2,1,16725,0,55,2,70,224.90440689708237,2,437.12709505852996,654.2870946216515,264.9451874151961,248.30825514138024,279.86337619896346,1.0,317.80073756535114,0,2,47.17038166868683,0.0,0,0
22.0,81.74033293382195,40.2092877546885,18.727863264065515,41.047344819573205,6.262016646691098,1.3626346018107347,34.61778003061002,38.721683712869144,328.1474553869369,189.74375749083836,2,1,3.0151064222892825,2,1,2,27.34845326941151,3.339859332140553,42.522532940461296,49.795942442422955,12.131243281396854,13.537922233326155,64.19788691239494,0.0,1.6498445898253933,5,1,2,1,36,4,2,186.30386682647122,3,4.715504161672775,2,2,3,333.27871003780973,1,0.0,605.9308403311916,0.6201664669109768,566.2150622145714,0.0,160.60200435822387,477.4415596445349,1,44,0,0,3,2,693456,5,69,22,49,37.67594244242295,2,68.80948432209523,406.45616542474664,538.6091320413881,119.15806411368891,57.178323658288434,1.0,506.4721057260613,0,2,49.078279431342956,0.0,0,0
25.972761332465797,90.11865865452116,29.550970398438434,42.543456982346804,27.807388530383708,5.1490296015615655,1.1854477335068405,20.645647550639517,33.991544872694874,242.58608700237983,177.8171600260261,2,2,70.89747797774089,2,2,1,26.263362811225456,2.6936443109086863,37.139073818399744,76.04863063633711,13.242053194013996,9.428904715853644,83.31769973097269,0.0,1.316537280208209,0,1,0,2,1,2,2,195.515401489307,100,5.5,3,3,3,209.6175292903448,2,0.0,796.0624640192462,0.0,507.0137763530993,0.0,494.9641648368756,430.99553176782,1,44,2,1,2,1,7,0,0,0,1,83.33354205057975,1,264.5549661125289,199.2266571987068,366.19308129130326,232.80807676009803,334.46692172950026,1.0,681.0095459918493,0,1,46.34630573480814,0.0,0,0
23.40266624482659,91.0,31.932907156001153,35.673119190067055,32.393973653931795,5.487253451448554,1.26228268522763,19.8771731477237,39.33882432123585,410.19575931868195,189.3424027841445,2,1,50.863309387966254,2,2,1,26.013670398057684,3.577877922222078,35.96689172801629,100.68349183158267,20.324170892772948,16.328224850429592,87.01945583295132,0.0,1.6652373907035836,4,1,0,3,8,3,2,195.70639265998267,82,5.7,3,4,3,376.04762742717946,3,0.0,603.794154049992,0.0,309.67018743700226,0.0,481.6320386102525,293.79946327679687,1,44,0,1,3,2,5367,0,69,0,79,222.6751799469235,1,248.14131057290575,432.47672541384,325.85570054068654,435.8544761962032,246.94845310640193,1.0,515.6672218134429,0,1,49.80168005062081,0.0,0,0
25.56979769084416,90.93020230915583,29.513959538168834,40.07690753055848,30.39517339310386,4.927919076337665,1.1713959538168832,20.8,48.69667620214264,276.1141616409086,175.7093930725325,2,1,64.7755173805936,2,3,1,21.483586737835136,0.9361705324610656,31.568054950819565,103.84069056728143,18.394534647658364,11.706341023638924,87.30557801141553,0.0,1.370228323281817,1,1,0,3,0,3,2,227.17456625922028,100,5.672080923662335,3,4,3,189.49914174025872,3,0.0,768.2856590589275,0.0,468.2916851143367,0.0,498.8140547856867,419.1070810268704,1,44,3,1,3,2,3298,0,71,0,64,128.8854245189616,1,232.44998859871203,236.3267712432445,312.79202930824243,263.86212694164624,305.6663932583069,1.0,674.711242874195,0,1,49.09631500951294,0.0,0,0
25.62512568025793,90.87487431974206,29.525025136051585,40.375678673392834,30.074271054503996,4.950050272103173,1.1725025136051586,20.8,46.87085255148824,272.24120238194473,175.8753770407738,2,1,65.50916652022018,2,3,1,22.088874942021775,1.1630152890575214,32.26408105764479,100.42474050087529,17.756049649823463,11.394291163345263,86.87401969398813,0.0,1.3624824047638895,1,1,0,3,0,3,2,223.19095102142887,100,5.649949727896828,3,4,3,191.7576302681288,3,0.0,770.1291876661943,0.0,470.9485351659859,0.0,496.4471233985657,420.9992982648213,1,44,3,1,3,2,2874,0,62,0,56,122.6433207533001,1,235.4067163529839,228.29425374015344,320.332127705551,259.67047846365904,309.2782044072378,1.0,676.559197720615,0,1,48.73668307832344,0.0,0,0
12.504851547582502,92.94174789835587,27.35339831868469,42.21456358425527,30.43592157050298,5.215533893771769,1.2288349579671174,22.595146217040558,44.28350026746561,395.49519315995633,184.3252436950676,2,2,72.71233097821654,2,2,1,30.195631818874194,22.310198085581796,11.70174208637582,97.55533312573765,14.460095242650098,18.704369745889665,84.81504896255122,0.0,2.004757422620875,3,1,2,1,0,1,2,170.86989805121908,100,5.892233053114116,3,5,3,1283.213838048514,1,0.9611652655705768,82.42528463365043,0.0,1114.9574311153074,0.0,1317.6227984423122,1241.9900900700984,3,54,0,1,3,2,128976,3,85,1,26,1142.0893377410184,1,1160.2028326435793,1225.7293390822445,1150.6482641414948,10.114118234798978,1131.570676726562,3.8834957967117303,25.79131217661283,0,1,43.39757199083181,0.0,0,0
22.19673448532678,74.13918617607868,27.92020856547429,40.980728353934026,31.09906308059168,6.827061036794099,1.5123795522120878,28.663757896621185,13.647269602268391,123.93308249666873,226.85693283181314,1,1,69.57836287678622,2,1,1,28.71009369194083,4.447170800833599,42.35033988291482,31.76717591032756,8.867649851334072,16.23387314196304,62.20893998510469,0.0,1.7069673448532678,2,2,2,1,46,1,2,179.54743032325507,70,5.287714139728744,2,2,3,194.18186087917755,1,0.0,1042.6932097778717,0.0,1020.0802516301076,0.0,758.570667879447,150.07964032690256,2,48,0,0,2,1,83298,0,68,1,53,65.28093468855795,2,614.03867981489,1018.3687856806844,216.94913884139186,175.866632199624,164.28695563863178,3.0902034559803315,107.21345740242445,0,2,48.40536673171399,0.0,0,0
22.0,84.79665941757324,38.26087962129706,12.882638863891172,48.80277327209211,6.414832970878662,1.2212795019372376,28.00847400949786,35.818173553305414,350.68786320460265,132.4376359205017,2,1,1.6970656261715387,2,1,2,27.837465506811718,5.261524608799176,39.1529329921255,56.61155050118833,12.528565724284523,15.57802016123014,71.88072761092474,0.0,1.6001792844644347,5,2,1,2,29,4,2,185.0813362329707,5,4.753708242719665,2,2,3,285.1759515916691,1,0.0,469.5193485451622,2.1483297087866218,310.20569471124924,0.0,200.57493435758605,292.0944604455426,1,44,0,0,3,2,410953,3,55,14,28,44.49155050118833,2,51.68259478877394,380.8938147962718,484.74137776527164,326.75522011439057,61.06749910886195,1.0,373.4149322559489,0,2,47.053463135857726,0.0,0,0
24.82665124179604,76.52300169861488,27.749293228669707,46.83749683696197,25.41320993436833,6.852711398791481,1.3787381150432272,15.076535555266348,21.035980259923818,130.8432269205171,206.8107172564841,2,1,83.79459021800128,2,1,1,27.12354669051965,1.7946928889467304,40.82389881096959,41.70394454043331,8.345618017752178,15.7226163191373,61.777936082342706,0.0,1.5752711398791481,0,1,2,1,40,1,2,182.57419652036822,100,5.565330248359208,3,3,3,295.2274872603884,1,0.0,1275.6311420597408,0.0,1150.9207809078655,0.0,1027.0726327873265,323.5015979142439,3,51,1,1,2,1,1542,2,49,0,91,209.40759752262517,2,584.699287999687,1137.818885647655,155.34527782259016,300.6761888591094,349.6719124416695,1.0,384.36853565342057,0,2,49.078655869257226,0.0,0,0
22.086065498106205,87.12295203030071,37.70737546023032,7.349178965911703,54.86065867347922,6.737704796969929,1.1463933578789505,23.459833023869468,29.425412363252725,345.8115037082791,93.72538282391542,2,1,0.1,2,1,2,28.12877075662828,6.546886162952787,36.749998523033135,61.859428876244934,12.84303293367396,17.383853044657968,77.64926540791069,0.0,1.5623770295076136,5,2,0,2,23,4,2,184.49508118030454,7,4.834426199242482,2,2,3,253.55481262326464,1,0.0,369.08723806287446,3.3114760151503546,118.22301081860837,0.0,237.78533773698865,156.73065926677918,1,44,0,0,3,2,126634,1,43,5,3,47.88729935699938,2,34.44835756258169,363.20507028767395,448.3415319947078,482.97385429756656,54.45722306914758,1.0,276.74084488961637,0,2,44.90122924337172,0.0,0,0
23.678857289549356,91.0,31.612525544122747,36.20340599593476,32.184068459942495,5.409919958926181,1.2501302792598283,19.998697207401715,40.87444652989441,393.18239096375976,187.51954188897426,2,1,52.57348433688961,2,2,1,25.316564201177428,3.192315223789101,35.27199505949382,101.66673195079571,20.176132492801546,15.771423704268502,87.12882748666155,0.0,1.6276754086212877,3,1,0,3,7,3,2,200.51211683815876,84,5.7,3,4,3,351.1064713245351,3,0.0,625.1492456279561,0.0,330.1171628599178,0.0,484.2878916963066,309.9864680259086,1,44,0,1,3,2,5165,0,71,0,78,211.36128999090022,1,245.58378149877296,407.98078927528866,322.8827801352907,413.9017071974591,254.08081064532254,1.0,536.3042166751278,0,1,49.76853712525408,0.0,0,0
12.347481696092302,92.56564787988462,27.87257510668553,41.563338804284314,30.56408608903015,5.23474816960923,1.2366021522257538,23.20732327629476,45.015834701071086,401.04640558321546,185.49032283386305,2,1,70.46125688268816,2,2,1,30.219500820642647,22.299399931491244,11.872596785938164,94.64587279317666,14.054943953644063,18.636646238599326,84.06264608160423,0.0,2.0174906589406767,4,1,3,1,1,1,2,170.58376924943508,96,5.858302196468924,2,4,3,1293.3413835327663,1,0.9652518303907698,76.24121308185045,0.0,1125.332415730591,0.0,1307.44088799275,1250.3633280430563,3,54,0,0,3,2,157189,4,85,1,28,1140.152303352343,2,1159.0138666560413,1234.3886478226782,1165.7022026916206,1.2130586010582292,1127.2225820998326,3.8957554911723093,19.47530662088525,0,1,43.48107532790138,0.0,0,0
23.414530323227456,83.33973837884992,31.730340061637815,42.91880619794671,25.29658025657685,7.094444710097847,0.6767524391883183,16.153417352542526,22.83631863542677,106.84613545476444,101.51286587824774,2,0,69.22060742090139,2,1,1,30.8270083222249,6.046024249410509,40.350643054824324,8.916410464846003,2.0433764586822214,15.75953056231552,50.286025205762755,0.0,1.7188461354547644,2,1,3,1,38,1,2,157.6858977424206,100,5.87991438687039,3,3,3,436.7674024373681,2,0.0,1197.5864472648045,0.0,1042.7279438111545,0.0,1069.6969602361196,495.11884998046696,2,49,1,1,2,1,197,1,15,0,45,374.4178998581575,1,611.5191574869218,990.236414958511,175.9806062352627,385.8796745325356,420.8875461586985,1.0,573.6450043329901,0,2,49.392734838386275,0.0,0,0
22.631907699952073,86.60427690014377,34.28863536512221,12.292851617007564,53.334310710369024,6.678988462494009,1.117930077744848,19.541866917534747,29.535403812709674,350.0380842771207,88.11833107309496,2,1,13.734988395715888,1,1,1,28.418941615250837,6.433608909087704,37.130019101843764,58.38662699849172,12.092154065819612,17.27275352905895,76.04469155314024,0.0,1.5510583847491612,4,2,0,2,26,3,8,180.70902227271927,8,4.7526069225035945,2,2,3,227.06061507898704,1,0.0,449.0616650597656,3.3680923000479255,157.81894806303058,0.0,313.3208263933725,89.22708787810294,1,44,0,1,2,2,98583,1,40,9,11,44.41671720688202,2,31.93789278142356,444.73775037780877,379.4907795932821,575.1641580389878,128.1176946002721,0.8420230750119814,336.487824349823,0,1,45.137121544959264,0.0,0,0
22.5,78.55619966005126,41.54049915012817,21.681053203418507,36.778447646453316,7.3416859898015385,1.6022247986402052,37.08710947307947,14.00608372124204,171.95075666850244,240.33371979603075,2,1,19.48357698996874,2,1,2,27.12707407818821,2.274475530200364,44.03498566096097,43.078369847693466,11.176952649062763,14.67178148600703,60.58695539422087,0.0,1.6777752013597949,4,1,3,1,40,3,2,186.5063155988605,22,5.097190016997437,2,3,3,348.8895164443281,1,0.0,801.6289234931388,0.0,799.3057818724931,0.0,351.3283760988213,479.3547297769287,1,45,0,0,2,1,347862,1,64,10,15,19.73768916712561,2,188.94441286021134,610.6861107071377,503.67489939240306,50.58968816279186,26.01387994953386,1.5831401019846192,473.0600440382106,0,2,46.92342110028488,0.0,0,0
25.117030857585018,78.13843200619024,28.01065554365303,47.050304150052234,24.89790491578906,6.6893444563469675,1.3565938284829964,15.796508192981769,18.017909341587,135.33453415065557,203.48907427244947,2,2,84.01297372274696,2,1,1,28.568130223571018,2.4939738667698377,42.1365397917035,37.363908301893375,7.337512917336623,14.106897978535235,63.45334297407355,0.0,1.5219125941795957,0,1,1,1,35,1,2,174.00804222063678,100,5.5,3,3,3,289.96491601181737,1,0.0,1218.3711582427431,0.0,1074.505702944869,0.0,952.1980721751734,342.2619863925158,2,50,1,1,2,1,253,1,19,0,58,177.06455339918773,2,550.9109073568002,995.8318611350563,201.98410803151438,281.1283242416994,356.98974782836234,1.0,427.4680160243397,0,2,47.80104754210547,0.0,0,0
24.849756105383598,84.88926863687826,26.410341452462962,43.16497545017462,30.494634318439132,6.261073136312174,1.2841365809851857,17.686244022907392,17.062634382584626,146.83805076743363,192.62048714777785,2,2,76.220028882481,2,1,1,27.87963897182223,4.196712236425392,38.92675106712753,91.7816018409757,16.75546372049864,15.815160938374078,72.79449809025417,0.0,1.4671414588775136,0,1,0,2,25,2,2,182.21346394500787,100,5.6399024421534385,3,4,3,240.62980247885082,2,0.0,986.9627099649298,0.0,762.4189692337311,0.0,758.2841248744325,372.59523137774073,1,47,0,1,2,1,7590,1,67,1,38,217.11020426209558,1,384.6059526379471,669.7829066899297,192.1652804773915,277.12608693609775,311.0853351954425,1.0,538.0813821726225,0,1,47.59087802061905,0.0,0,0
25.792470361373297,87.59458505922618,29.22644665047194,43.49298943010063,27.194399228669212,5.473553349528063,1.2215059277253404,19.62399871444869,30.626113412301564,219.98961862545335,183.22588915880107,2,2,73.66073759468526,2,2,1,26.748946493367917,2.6515764176537697,38.19197308957994,67.89827680314889,11.998045493475756,10.41449535782597,79.13254532201216,0.0,1.3598071132704086,0,1,0,2,8,2,2,190.98408841584887,100,5.5,3,3,3,226.54564953612314,2,0.0,885.0372601932016,0.0,626.5767386826079,0.0,591.2972365110195,412.30056000533517,1,45,2,1,2,1,59,0,4,0,13,103.08141308424476,1,324.8863347391154,367.0607241285211,331.5964458784601,242.9885069277878,339.2121800886548,1.0,627.5917351367566,0,1,46.652800385665394,0.0,0,0
25.535391022149607,77.03098168897188,28.447830240429475,42.63887194600067,28.913297813569855,7.13982362667289,1.497256904891586,20.153144711588308,14.906196337794377,199.6725457775703,224.5885357337379,2,1,74.95274260620927,1,1,1,28.13698769063181,0.437259232026142,47.67459501504306,26.956154693821937,7.842487843655974,13.26938269335512,50.21294506691564,0.0,1.6179647253345784,1,1,3,1,57,1,34,168.41951742270982,7,4.566372711121485,2,3,3,248.39022830363604,1,0.0,1149.3374719887963,0.0,957.5595340841896,0.0,593.4043370746454,255.53742151545748,1,44,0,1,2,2,277725,4,52,36,47,3.25226284495276,2,39.176400636736155,880.691489258482,222.25927367984173,487.5705817933663,399.2666625077816,0.1327454222429698,944.335435120345,0,1,47.7809700532991,0.0,0,0
24.893379034899557,91.22583180402744,26.708734319193542,39.48159840241743,33.906620965100444,5.6182778797315045,1.2054833639194513,20.54833639194514,21.794964050469382,185.30463132885842,180.8225045879177,2,1,66.71687813941386,2,2,1,26.907165022120726,4.90957732918138,36.3061544855027,124.6907641159784,22.299475008188622,15.101218525315433,82.4509610494776,0.0,1.389748202523469,1,1,0,2,11,3,2,192.1867580697991,97,5.672583180402743,2,4,3,193.25744927165377,2,0.0,747.3475540347852,0.0,452.6908858037044,0.0,520.1280335997061,412.940015718497,1,44,0,0,3,2,11093,0,81,2,14,205.5840220662007,1,226.18294196217084,280.6626694813741,242.3047306046637,259.0636756562177,282.8628831484328,1.0,654.6681509256578,0,1,47.02867580697991,0.0,0,0
22.5,73.35404895820048,28.535122395501197,40.09666668797031,31.368210916528497,7.185621468746014,1.581416195832802,29.023775885210746,9.740320145724393,120.9696797903647,237.21242937492028,1,1,71.35942378882481,2,1,1,28.32356873961389,4.266899249009216,41.907306023904,31.566010344497663,8.867197737441012,15.98792561357528,60.498518832289406,0.0,1.6985838041671981,2,2,3,1,40,1,2,180.36777777067658,72,5.357297552089976,2,3,3,260.81190291129235,1,0.0,1124.4119702415767,0.0,1100.3490408378966,0.0,799.6809364885337,194.37051002813865,2,48,0,0,2,1,193499,1,67,4,39,6.9924199475911735,2,557.1318309344028,1102.0136380448394,280.1384837338746,120.41295488303317,95.63426279240299,3.1437853125398565,167.58975482553217,0,2,48.45805555733086,0.0,0,0
22.5,80.08932483232124,45.3733120808031,16.253790093582804,38.37289782561409,7.387679744969637,1.6083572993292852,39.463453490097926,15.263246362503418,186.97538335674818,241.25359489939274,2,1,4.195252772092573,2,1,2,26.774455288566113,1.6872885892209644,44.662033856419384,46.47117585392691,11.85766022555063,14.283900817422726,60.61301852214946,0.0,1.6716427006707149,4,1,3,1,40,3,2,188.3154033021391,7,5.020533758383938,2,3,3,374.846858736031,1,0.0,706.5015728041316,0.0,710.585361278402,0.0,219.19445000156145,563.3423929642223,1,44,0,0,2,1,393355,1,64,12,8,23.493845839187042,2,80.43594566763177,465.8870375617557,569.5532880448438,30.012082100584287,5.496065769044818,1.1232025503036274,563.0851541539034,0,2,46.47114917446523,0.0,0,0
23.901768647832807,78.07464938106308,29.09351495794637,44.15815811775016,26.748326924303466,6.922594016821452,1.4002358197110412,15.25127467069148,18.703919584210713,208.35547984468755,210.03537295665618,2,1,75.48317734483976,2,1,1,28.95377311537666,3.0638894135861823,42.2463289033436,45.27614053171365,10.043412939226112,17.34440089350877,64.1775126115121,0.0,1.6899410450722396,1,2,1,1,40,1,2,170.5443912236328,91,5.579764180288959,3,3,3,373.6279363522037,1,0.0,1143.9124030291273,0.0,1003.5834460046985,0.0,961.1861485211974,275.057527116326,2,50,0,1,2,1,2517,1,46,0,91,242.46446146008253,2,555.7780579016274,1130.7134137717787,181.9332225053008,376.54690672044984,318.7191591905255,1.0,340.73791978509433,0,2,49.248820901444795,0.0,0,0
22.066479262419257,81.36704147516149,44.8826774184674,16.96760368790371,38.14971889362889,6.87977511490311,1.5102902303564294,39.189606451080444,20.9756571460012,192.73408295032297,226.5435345534644,3,1,0.1,2,1,3,27.291264239988845,1.8854870048162085,45.358895299848506,47.10254672794833,11.927284608229007,14.596179908077513,63.060721752579575,0.0,1.683005622127422,5,1,2,1,48,4,2,187.32602949222547,3,4.913295852483851,2,2,3,282.22895699245515,1,0.0,580.0443498026935,0.0,586.8501179138809,0.0,147.03744145315306,508.5389172819779,1,44,0,0,3,2,240431,1,64,9,28,107.19841590090235,2,150.78931074939157,331.6430687920964,485.89920924950803,107.19841590090235,101.55656798566463,1.0,485.89920924950803,0,2,46.35,0.0,0,0
24.88393603550133,74.87510449701858,27.59108486390239,48.27793687969301,24.105382520704513,7.108915136097611,1.4032127928997347,14.47563753450752,13.66680599602477,106.11998311616631,210.4819189349602,2,2,87.58554036254966,2,1,1,29.195932277716427,2.4395850749503096,43.497813552672255,26.826468378229983,5.729158644959155,15.381149672592747,58.0424351707708,0.0,1.5778553514796814,0,1,2,1,44,1,2,168.14959235893335,100,5.5,3,3,3,311.8509658399954,1,0.0,1333.4050069065252,0.0,1229.08641912337,0.0,1076.745297510931,318.09160730791757,3,52,1,1,2,1,320,2,24,0,73,202.59620624475465,2,628.912204653406,1212.8213849782446,157.25476563913463,294.2904118620251,363.1248035456051,1.0,358.40512817190313,0,2,48.197308739647745,0.0,0,0
25.623709208980006,85.23192892572011,28.922676576164015,44.38179816603862,26.620611310532027,5.777323423835985,1.2552581582039983,18.66768551755338,27.475905234293485,198.8382208588277,188.28872373059974,2,2,76.24728352369975,2,2,1,27.20347653048051,2.612198815428669,39.17753821955675,60.269147640622904,10.833593541962056,11.33705632424262,75.21503643778927,0.0,1.400309789844798,0,1,0,2,15,2,2,186.74255811903086,100,5.5,3,3,3,242.39119667150376,2,0.0,968.3220139736395,0.0,738.4935095780912,0.0,681.4696954578021,394.8011535765003,1,46,2,1,2,1,108,0,8,0,24,121.56638464305644,1,381.3594417016566,524.1616059657838,299.21230580853705,252.51788666626223,343.6539736196462,1.0,577.5900558313234,0,1,46.93969434473399,0.0,0,0
13.935503580479386,88.85249232754417,26.29399795401178,43.756236027217824,29.949766018770397,5.550233981229603,1.292673449272666,23.050233981229603,38.23218711027421,346.67222728294394,193.90101739089988,1,2,77.83779252323042,2,2,1,30.08114953965265,19.756510648051318,16.25369690342773,83.25203241829628,12.926301106616155,18.45552593693087,80.38488499934132,0.0,1.9710132242139615,3,1,3,1,7,1,2,171.2903357203196,100,5.826266530267453,3,4,3,1121.7214098860786,1,0.81566632566863,284.9187449926731,0.0,1164.5386655454804,0.0,1293.3370797892794,1047.3744513619029,3,54,0,1,2,1,129158,3,82,1,31,962.4373243094433,2,1117.1096370094483,1283.681953409205,997.6281587754322,29.257440789875055,975.573178100256,4.0,0.0,0,1,44.365218729704786,0.0,0,0
21.650833850519426,81.51091208271497,44.86341363427324,17.024006581972937,38.112579783753816,7.222079473442165,1.579268272685465,38.69281038086076,17.99383981186905,208.22594188946312,236.89024090281973,2,1,5.985125780733475,2,1,2,26.97518632815277,3.267151322937406,42.071423108687384,51.34115790491035,12.209024500229942,14.557676754102314,62.58278689979939,0.0,1.6991142679821911,4,1,3,1,36,3,2,187.2795882275967,11,5.072785669955478,2,3,3,458.2573026398987,1,0.08087296661719767,630.406462572293,0.0,723.6091125141633,0.0,278.05825132201005,641.6132326978842,1,44,0,0,3,2,383561,2,65,12,8,117.94386054817488,2,144.10217844194355,494.76802862794165,635.7472331306376,22.518612317878656,94.28170448232905,1.242618899851593,539.7113940023816,0,1,46.09929380348669,0.0,0,0
25.357528287589837,81.50539602625774,28.44355091766171,45.78368435202685,25.715596177805452,6.256449082338291,1.3084943424820323,17.159326963009086,22.507194701676983,165.47687871125976,196.27415137230486,2,2,80.32694977887309,2,2,1,27.920390478758037,2.5500899337709626,40.73203480047534,48.23599545431129,8.996945184369885,12.792178694508884,69.03608998258545,0.0,1.4641932109784388,0,1,1,2,25,2,2,180.05254429475792,100,5.5,3,3,3,267.3838106505648,2,0.0,1099.6840732191642,0.0,915.0158239466722,0.0,823.6954853749976,367.19996656781564,2,48,2,1,2,1,184,1,14,0,42,150.7220682326597,1,470.43245069618706,771.951200227369,248.1339615332394,267.54823602742715,350.6598554706355,1.0,498.7241979023679,0,1,47.392201911097274,0.0,0,0
18.54074905727098,85.77075104196365,38.07174846186318,26.808752232779256,35.119499305357564,5.888499900765367,1.333274985114805,33.234048481710104,33.3578017068357,260.10352074003845,199.99124776722076,2,1,22.767862221304284,2,2,2,28.787760222285577,8.785592050187532,35.044701494040396,62.19663492402252,12.512025233201388,16.295665368160492,72.05636184973358,0.0,1.802795032747429,4,1,2,1,41,3,2,180.60289847178666,32,5.142650109158097,2,2,3,518.1575366086333,1,0.3115000992346336,325.7053810087278,0.0,669.7533180253414,0.0,488.4716890740548,677.8965111307002,1,47,0,0,3,2,58660,1,72,3,46,515.7579157296664,2,566.4421560289218,536.1375698820766,613.308622757715,148.20648863875277,524.4348024410306,1.934500297703901,243.40536991757995,0,1,45.38434969237264,0.0,0,0
21.888967247161343,81.22741994385555,45.29432168533957,16.4003238764822,38.30535443817823,7.271974089881424,1.5878864337067915,39.08743143815308,17.32253042704993,203.39523584329848,238.1829650560187,2,1,4.3347479451494415,2,1,2,26.89240662360582,2.779998431521369,42.84501645720699,50.23032230800357,12.161624614612647,14.451764091024431,62.03235856298993,0.0,1.6909496943830395,4,1,3,1,37,3,2,187.70596040444127,9,5.0523742359576,2,3,3,436.8162251936826,1,0.05819359550844361,644.6001201869956,0.0,713.292266596791,0.0,251.6252175010461,625.9726312064431,1,44,0,0,3,2,389724,2,65,12,8,91.73920799427609,2,118.09710435380177,475.79174523382494,622.1330334477636,23.074256910043133,67.84209364374355,1.1745807865253308,553.028720717442,0,1,46.16959985392383,0.0,0,0
24.245641182879442,70.60222154085575,28.25658035797631,47.71401869260765,24.029400949416036,7.664341964202369,1.471521372762648,14.479007199999455,8.322904856030672,69.61571931517217,220.72820591439722,2,1,85.55350574848448,2,1,1,30.04855737712067,2.35,45.766283744435796,12.629984371361076,3.81764056964962,17.281600122645965,50.58154098303466,0.0,1.6725435881712054,0,1,2,1,60,1,2,160.78075072684769,91,5.440649609338537,2,2,3,331.3005435947123,1,0.0,1431.753410178389,0.0,1396.583800861656,0.0,1181.5971662720876,289.23862570427735,3,54,0,0,2,1,2487,2,35,0,95,242.15813145494226,2,716.9732318222669,1454.6391791477333,106.46805422723159,307.43117450926286,361.447251728252,1.0,253.8815293360288,0,2,48.6380343190662,0.0,0,0
25.336471655403344,81.21060317564681,28.405648979726017,45.89458261487572,25.644003628371365,6.294351020273981,1.3127056689193313,17.040006047285612,22.114137567529077,162.83778081055237,196.9058503378997,2,2,80.64967776151809,2,2,1,27.977103008113662,2.5451767195941137,40.85500553244447,47.2840953019338,8.851654422283069,12.907288283795056,68.54729536076294,0.0,1.4692468027031975,0,1,1,2,26,2,2,179.52332093913736,100,5.5,3,3,3,269.36088803532874,2,0.0,1110.0756615807475,0.0,928.9798805250161,0.0,834.9464650848856,365.016534187624,2,48,2,1,2,1,190,1,14,0,43,153.02847134482045,1,477.47870171352787,791.5529595073251,244.09333419419892,268.73723385822456,351.214066029784,1.0,492.4853985406053,0,1,47.42799818581432,0.0,0,0
23.479574718314808,91.1198936795787,30.913318373224097,36.1468942676185,32.96376609507315,5.6,1.2608170112674078,19.77193620774722,33.38329593306025,375.0531602106492,189.12255169011115,2,1,53.27125362117732,2,2,1,26.991634022534818,4.343819255283792,36.745008388025745,105.93766944689997,21.04115558063897,16.6508337873189,85.92482929928613,0.0,1.6384722978864827,4,1,0,3,10,3,2,189.58721322888238,84,5.7,3,4,3,360.16992593396816,3,0.0,616.8024549472864,0.0,321.2760726736667,0.0,491.0921771691516,304.4680114971845,1,44,0,1,3,2,6861,0,70,0,63,231.0436063981556,1,245.29982635908715,423.77898321045734,308.2782311201965,418.12330596357145,248.02142726209019,1.0,528.3940329775544,0,1,49.17859539435927,0.0,0,0
25.26531677479677,91.0,29.772232541235745,39.249408207609804,30.978359251154455,4.965711303056905,1.180326061908942,20.69673938091058,49.69516126787004,295.4564866725189,177.0489092863413,2,1,62.396841469541606,2,2,1,21.31234046041295,0.9776177823837082,31.280462994611327,107.31452771827651,19.32579020870893,12.57312138200971,87.75706544281951,0.0,1.411916918627639,1,1,0,3,0,3,2,228.1165118814638,98,5.7,3,4,3,207.84283396875244,3,0.0,747.8142930272863,0.0,447.56593147175454,0.0,499.54328610644575,402.9656855372892,1,44,2,1,3,2,4005,0,81,0,75,146.3735636372251,1,230.8931666653819,267.27452460972484,305.80613023608754,287.80356147205345,295.04954039235184,1.0,654.8444694128146,0,1,49.57816198702439,0.0,0,0
24.22570100433904,73.4316189378071,27.905762984090188,47.48386364454746,24.610373371362343,7.397694806363924,1.4434268005785384,13.653208378594075,12.095699511483605,126.94048090945486,216.5140200867808,2,1,85.22274353046043,2,1,1,29.644828809256616,2.67733013482208,44.13809386533999,25.887709220294056,6.272840309493587,17.417825560983516,56.02953407085871,0.0,1.6791432998553653,0,2,2,1,50,1,2,164.02255311264068,96,5.536573199421461,3,3,3,359.6966854733924,1,0.0,1349.1170722286945,0.0,1263.558598042339,0.0,1134.841965746101,276.8024427433729,3,52,0,1,2,1,1387,2,39,0,95,243.64789433585196,2,664.947581142314,1368.704356547863,128.67658354663305,343.74551630062894,348.23587551537327,1.0,288.7079046830636,0,2,49.03286599710731,0.0,0,0
24.836534993349275,90.12689394413391,25.886147187230605,40.760398626868934,33.44691558563443,5.6980790039904345,1.2241928209843074,20.300775612237334,20.67151876222388,178.9844877552533,183.6289231476461,1,2,70.8376199424956,2,1,1,27.007964465613213,5.014192820984308,36.309929652609775,120.47782018894303,21.64724838001584,15.205271464283067,81.48816108011687,0.0,1.4015773808778957,1,1,0,2,11,2,2,191.39305555903152,100,5.686922799467942,3,4,3,195.72302488772561,2,0.0,792.3690249491931,0.0,505.7342431426297,0.0,566.8572491628668,388.5843642621517,1,44,0,1,2,1,17083,1,81,1,15,191.8575613738956,1,259.4292801823508,354.1585486359654,233.4934641236918,253.78893580939527,274.5454834394667,1.1961580079808707,620.7051940532215,0,1,47.19711850598565,0.0,0,0
23.4469176246266,84.1592471261202,32.21036005720217,20.667078593038298,47.05873429037519,6.780864703078325,1.2055436446473593,18.950984722145716,25.96973539225863,313.973895110273,120.51497557890728,2,1,31.320865045380422,1,1,1,28.404678941569035,4.942140746933324,39.78695145628271,50.0246251713311,10.908352150229867,16.270291321709283,69.40847324147792,0.0,1.5653210584309656,3,2,1,2,34,2,15,176.98035186733333,8,4.691481178153005,2,2,3,227.28066775864917,1,0.0,635.8599022703548,2.5530823753734015,361.36767675049293,0.0,396.2664239523105,117.23694146435463,1,44,0,1,2,2,137198,2,43,17,21,33.668773825236734,2,33.23783361127943,567.0299895752211,327.9271391839367,571.1196712877905,208.51842366941392,0.6382705938433504,496.8023140581135,0,1,45.82987998093261,0.0,0,0
23.533392514853134,81.82424543562254,31.201403308903554,43.727069101001305,25.023197215837794,7.171705134654537,0.7647104609913187,15.731456572271377,21.047442651460344,101.497336831609,114.7065691486978,2,1,71.87598878181899,2,1,1,30.761634116830777,5.641298486925081,40.94079383624581,8.977030182575097,2.1568898516847423,15.947927136042217,50.159436971681416,0.0,1.7134973368316089,2,1,3,1,40,1,2,157.77504438613985,100,5.838312619801403,3,3,3,427.03615480897395,1,0.0,1233.2070688511872,0.0,1091.0157091590854,0.0,1092.9327357660648,471.3743442703638,2,49,1,1,2,1,222,1,17,0,51,360.2079248493079,2,627.4924531085383,1053.7474554989005,165.86246217312703,378.2243550808839,415.66890163537323,1.0,537.6190626731639,0,2,49.333303742573435,0.0,0,0
25.828555664250082,90.67144433574991,29.56571113285002,41.47420058695045,28.894377147349516,5.031422265700034,1.1765711132850016,20.8,40.157663079747245,258.0011035024942,176.48566699275025,2,1,68.20664810795611,2,3,1,24.314398966895915,1.9970782234253424,34.82323025626605,87.86497328919985,15.408467634554036,10.246946053629529,85.28726581884935,0.0,1.3340022070049884,1,1,0,3,0,3,2,208.54399217399398,100,5.568577734299967,3,4,3,200.06164221468842,3,0.0,776.9074747328128,0.0,480.717242997289,0.0,487.74438868338143,427.95660371735283,1,44,3,1,3,2,1314,0,28,0,25,99.69234995930557,1,246.27801469752444,198.7602886641729,348.05556592400137,244.25862287641368,322.55811376224545,1.0,683.3537591859529,0,1,47.41438818237445,0.0,0,0
25.346490651983164,81.35086912776428,28.423683173569696,45.841815899555336,25.678068216742755,6.276316826430305,1.3107018696033672,17.096780361237926,22.301158837019052,164.09349504855646,196.6052804405051,2,2,80.49611994060471,2,2,1,27.95011851065868,2.547514485462738,40.79649459241833,47.73702074065221,8.920785498683827,12.852517769158705,68.77986966803584,0.0,1.4668422435240407,0,1,1,2,26,2,2,179.7751317198435,100,5.5,3,3,3,268.4201710497942,2,0.0,1105.1312199752956,0.0,922.3356159598321,0.0,829.5931148323562,366.0554373396408,2,48,2,1,2,1,187,1,14,0,43,151.9310572527775,1,474.1260114913674,782.22620879786,246.01591284455583,268.17149451801737,350.95036603980316,1.0,495.45389364058485,0,1,47.41096589162862,0.0,0,0
23.444862392033635,72.11976410062908,22.56083093878418,49.309129744654,28.130039316561817,7.1,1.5457035384905637,22.57529487421364,9.397709057442544,122.15575381132359,231.85553077358455,1,2,96.19982723509398,1,1,1,28.812624376268328,3.985900121299656,42.7296102369394,24.866655829517782,7.492015726624727,15.743540753291311,57.25636511492631,0.0,1.6830039316561818,1,2,3,1,45,1,12,173.84146000377328,75,5.230039316561818,2,3,3,216.66899137962307,1,0.0,1279.7735641968952,0.0,1193.5627782568902,0.0,940.4941161598222,83.09263570683878,2,48,1,1,2,1,149130,2,64,11,53,0.0,2,564.2669794806518,1257.7950699649784,159.90265008259982,266.6313839907443,221.98566117673818,2.920157266247274,269.6907227547433,0,1,48.94905111153036,0.0,0,0
25.523858063845825,90.97614193615418,29.504771612769165,39.828833544767456,30.661623229694218,4.9095432255383304,1.1704771612769165,20.8,50.21268389308779,279.3299355307923,175.57157419153748,2,1,64.16635792659564,2,3,1,20.98100721847332,0.74781806176788,30.990134443180473,106.67700313815881,18.924677943219187,11.96544051990955,87.66390710200257,0.0,1.3766598710615845,1,1,0,3,0,3,2,230.48221940310063,100,5.69045677446167,3,4,3,187.62388616618657,3,0.0,766.7549506873429,0.0,466.0856642258765,0.0,500.77935202867565,417.5359457835272,1,44,3,1,3,2,3651,0,79,0,71,134.06833323691407,1,229.99497493192086,242.99628629086322,306.5313769409089,267.34251308304033,302.6674544078554,1.0,673.1768593324505,0,1,49.39492258500214,0.0,0,0
24.264148841976304,78.23585115802369,32.33963067944063,35.70376003074717,31.9566092898122,6.7094334894446686,1.4539622326296446,25.86604834801966,25.692466016598686,252.207609161699,218.0943348944467,2,1,50.45184326153916,1,1,1,27.834905024697832,1.2637747879685652,46.278677028285,33.89793671653743,9.270002505943257,12.947735628407512,54.0271763572438,0.0,1.6360377673703554,2,1,3,1,51,2,23,174.63019997437738,5,4.586792557901185,2,2,3,282.14157501402445,1,0.0,978.1180078298494,0.0,856.2739781593967,0.0,434.03256135402876,355.8601826554195,1,44,0,1,2,2,496816,5,61,33,55,15.149640981651796,2,53.99586925650277,718.6919839843858,337.41171646059934,331.25312118206875,284.7205420637922,0.4339627895059237,808.6942979179673,0,1,48.82452930006126,0.0,0,0
23.47593934292747,90.92067677617875,31.955789946601023,36.08984835731868,31.938497051316045,5.520676776178754,1.2641353552357508,19.87451109240674,36.687519236129525,405.0158213955692,189.62030328536264,2,1,51.877672957375474,2,2,1,26.896736983980308,3.9115491153948128,36.98,95.76453754529447,19.41202375726189,15.893038921530021,86.39833883736036,0.0,1.6549549564665786,4,1,0,3,8,3,2,189.88984835731867,82,5.668270710471502,3,4,3,379.8319519766145,3,0.0,605.9694081470174,0.0,313.0313857375685,0.0,478.1804130862526,296.1577317632644,1,44,0,1,3,2,4763,0,56,0,67,213.97377118541957,1,252.4363678180837,421.49717752986203,336.7309930362999,430.32583695226305,251.97043471085013,1.0,517.864552095247,0,1,49.28680511086916,0.0,0,0
13.201646478056421,92.45925908487462,28.421399506347957,37.91399035509406,33.65259367377742,5.368230506927899,1.2083703633949845,22.375555450924765,43.649876043307216,400.8757191570533,169.8999952916145,2,1,64.12561857918342,2,2,1,30.101687169169278,21.157061130837,13.646009174067387,92.57601524060033,13.99541559445768,18.753868281755487,84.44539080311912,0.0,1.9711193225752353,4,1,2,1,2,1,2,171.63423921015672,88,5.767818887413794,2,4,3,1194.981636372974,1,0.8798353521943578,85.10700553599519,0.4806585912225687,1004.5256183073423,0.0,1217.0928380194518,1130.3247103902183,3,53,0,1,3,2,125932,3,80,1,24,1044.4916106399583,2,1057.7682428389912,1154.0015283704236,1095.2011471923106,69.49121582600287,1033.6164841208374,3.6395060565830732,25.497736617879212,0,1,43.41222227453762,0.0,0,0
15.247856833805816,89.41026349947778,32.69913483410422,34.60770749888096,32.69315766701481,5.541879666716402,1.2812819500074601,27.930758900760942,39.31966973247789,332.54714965627204,192.19229250111903,2,1,47.99141665304746,2,2,1,29.56418954655526,15.946766085639144,22.798608625090466,79.39593093753216,13.326582783216457,17.58162643648215,78.51736301240628,0.0,1.9171797099835874,4,1,2,1,20,2,2,175.2649468674326,66,5.523932366611959,2,3,3,925.4640412348908,1,0.6581203332835984,189.51135864620852,0.0,907.3614884659067,0.0,921.854433907816,978.7455432734993,2,51,0,0,3,2,96467,2,79,2,36,850.1355231120217,2,884.4003629243778,902.483961450768,902.3760331451897,73.5930170573726,847.3254152670032,2.9743609998507954,120.86471857424944,0,1,44.30982696682084,0.0,0,0
24.714813078611815,78.01468458592178,25.85605841188285,46.47772429725816,27.66621729085898,6.92558177495446,1.4570502335466395,17.614074768555277,17.590691600728633,219.6352103601287,218.55753503199594,2,2,85.167040648886,1,1,1,28.54084415965248,2.3575107565976685,44.67763292923541,30.488186243448936,7.836167526087152,13.655090656452888,51.949552117053535,0.0,1.6485556076416457,1,1,3,1,54,1,36,165.73145560932318,16,4.628518692138819,2,3,3,328.87828711410975,1,0.09179906581344188,1113.9969771120568,0.0,1012.1015626728944,0.0,719.736030412536,303.2508999532895,1,45,0,1,2,2,246741,4,54,36,51,108.31738971591263,2,143.861175689662,978.9173669456767,260.1351081114474,507.1848116964834,525.1368970061181,0.36719626325376753,907.2927332523716,0,1,47.56395443738615,0.0,0,0
25.62337204692576,77.62988385922272,26.66040128033931,43.030147782162175,30.30003523867165,7.0529215058657195,1.439512495044519,17.373055265978827,16.447747294699802,217.66578692353514,207.02903886529893,2,1,78.28331034254057,1,1,1,28.3665909891788,0.9592291541258601,46.882192872977974,27.694202798541706,7.747052101840334,13.593252382281317,51.686693107907,0.0,1.603409010821201,1,1,2,1,56,1,36,167.02307288531466,8,4.528247096480568,2,2,3,227.86831045266996,1,0.0,1134.6978147252667,0.37662795307424046,904.9371687197084,0.0,617.7696316457519,192.03623882272103,1,44,0,1,2,2,240317,4,49,36,49,4.966781131166546,2,36.70927841484659,893.6069756412102,190.22830902112452,560.319016217131,423.22565242922616,0.09415698826856012,924.9163400604142,0,1,47.6798662398869,0.0,0,0
15.114133093912942,91.59864010773917,30.047013129826,30.93341420721776,38.98843133201711,5.635978633147812,1.173945604309567,21.859184064643504,41.1827683088523,395.90325395582636,146.66328290895774,2,1,50.20845347559552,2,2,1,29.73831471215654,18.208006769186245,18.302914083678015,86.55359488726815,13.78121709348175,18.600869352486967,83.73777075525221,0.0,1.8774074783982657,4,1,2,1,6,1,2,174.2352210077216,71,5.557445359669576,2,4,3,984.5488215436651,1,0.6885866906087058,132.73748470390183,1.2456532375651768,786.1731964017716,0.0,1006.661935676759,899.3020646545983,3,51,0,1,3,2,113479,3,71,1,19,828.9180317872272,2,834.5657548756084,979.2193765472962,948.3183501212982,180.0903168209854,823.2391314033885,3.0657600718261175,66.07879011973871,0,1,43.670407967678244,0.0,0,0
21.795105286215083,88.59220262120321,35.72583949328282,6.547865705314933,57.62834374854009,6.571314740070112,1.0536881048481286,20.055321572721926,32.56431418078254,378.53272625584077,65.48947077248671,2,1,1.5910188322128107,2,1,1,28.468929995619135,7.905947648656339,34.57108137193374,65.5152134537087,13.03294820794391,18.066391577102795,81.26581104410042,0.0,1.5500398409754608,4,2,0,2,19,3,2,183.3213431892525,9,4.8225384185163405,2,2,3,249.43477025246807,1,0.02048947137849144,299.1270971531867,3.9180421144860342,23.3932392622512,0.0,271.5545653577542,92.2606667410762,1,44,0,1,3,2,69978,1,39,3,3,75.84552724312175,2,54.84285225640974,368.6453278928034,435.206323808109,566.4509387018184,88.31882830576819,1.0614684141354744,207.8423390681979,0,1,44.57233921363904,0.0,0,0
25.32466973011066,87.23039919737923,29.04414129828772,41.55850086082699,29.39735784088529,5.408457782679082,1.2243523836656949,19.309692705940623,43.19780298992443,241.9013498146775,183.65285754985425,2,1,69.0432825941222,2,2,1,22.387390866647607,0.9480614588118755,33.328720561834544,90.84840896732008,16.373676049383864,13.043276852004642,81.06121194988481,0.0,1.430845778267908,0,1,0,2,10,2,2,219.27815910915575,100,5.664933946022132,3,3,3,214.92200601965584,2,0.0,898.6709878846382,0.0,643.5594657524625,0.0,638.5733902379741,392.44727743652,1,45,2,1,2,1,3237,0,74,0,79,155.67638281836074,1,321.4118537823966,478.5569513714097,264.7599397053123,277.3589632362188,313.7548190644191,1.0,597.3859836602333,0,1,49.42726881107746,0.0,0,0
12.180191569233378,92.61387520878561,27.297033389009496,42.43557270447082,30.267393906519676,5.232606093480325,1.2358347746227951,22.732606093480324,44.55131035075984,398.6628973303257,185.37521619341925,1,2,73.33249169436567,2,2,1,30.306832512527137,22.70710655266961,11.235176276989144,95.13967404874424,14.017938005038673,18.813275242080056,84.47058267123202,0.0,2.0245084474138397,3,1,3,1,0,1,2,170.12012771282224,100,5.8931355592673,3,4,3,1308.0703481771297,1,0.9828388981682498,76.56822443494696,0.0,1143.8443727957524,0.0,1344.099031428789,1254.2438229272823,3,54,0,1,2,1,133328,3,85,1,27,1159.6909295046446,2,1190.4783356280814,1265.669108722371,1169.8142367243156,2.7238100827353975,1148.0902577426887,4.0,0.0,0,1,43.35382466608209,0.0,0,0
22.76336442300391,90.40841105750978,33.22822451948631,28.013904709413808,38.734207213400275,5.8366355769960885,1.2255738172908996,19.770990673098826,35.96414923041877,421.5117721112229,161.4740105675045,2,1,36.94760069839878,2,1,1,27.361289807794524,4.956392740636507,36.528026047937466,91.11446886287446,18.758134105219447,17.35533837506644,85.51827627843217,0.0,1.677405596140704,5,2,0,3,12,3,2,187.49315855731993,62,5.48702798070352,2,3,3,368.50936775568556,2,0.0,509.1399120669398,0.9465423079843562,213.6351674218745,0.0,423.6296117621446,222.23633489866273,1,44,0,1,3,2,20565,0,60,0,61,195.05639573638908,2,199.5877356184841,440.20311030867254,351.31682431421086,493.99403312344805,196.13974251637788,1.0,420.8861996050392,0,2,48.60766322077053,0.0,0,0
20.069129770507793,89.36889160327149,34.25876030493163,12.847676337646547,52.81287205971675,6.329678167871091,1.0847556641308598,20.521334961962896,34.79082259604495,383.02026259667974,86.46007328833029,2,1,14.150942660014778,2,1,1,28.796865343603518,10.567401893876982,30.368330991186482,70.95031035267095,13.226257465703126,18.204469618359376,81.90442198491212,0.0,1.634612641245118,4,2,0,2,16,3,2,180.9740164878906,25,5.012395725244143,2,2,3,439.3455822212569,1,0.19308702294922053,256.1416769344966,3.227651908203118,220.45131584158412,0.0,461.46365135102735,300.75333111196994,1,46,0,1,3,2,81216,1,48,3,7,270.39576139813187,2,256.2780027435764,526.3822302732926,567.7646953654604,466.6377746284657,278.17958698460154,1.5792610688476616,171.21886460040488,0,1,44.339332519018555,0.0,0,0
24.461087036731797,92.38521728435761,31.681717222863224,38.6610870367318,29.622565308296036,5.454086913743041,0.764823944325401,20.31517395047484,46.01321777631263,234.9415252951097,114.72359164881016,2,0,58.634656924393624,2,2,1,24.394288846758542,3.5970497724708004,32.46307812397773,73.62345918738674,12.956133090758103,12.865332549607576,75.17872489133882,0.0,1.5115956420139722,2,1,1,2,6,2,2,206.15791505407705,100,5.8731521605447,3,4,3,299.1954413108444,3,0.0,820.523708830846,0.0,536.3687292678999,0.0,636.5539374223076,507.13659519323164,1,44,2,1,3,2,2506,0,54,0,49,256.92413637481116,1,318.72449305113525,334.8091583963279,286.1552513221291,329.97142791293146,356.4944500718279,1.0,734.1780060984036,0,1,49.65389129632682,0.0,0,0
23.802989280590584,79.49048697820164,29.455705971167863,43.14402328072998,27.400270748102155,6.777717611532855,1.3870652374120778,15.738586215753124,20.71901867595211,233.1820274782335,208.05978561181166,2,1,72.51321103642353,2,1,1,28.743043798593245,3.1817661251619045,41.669457398649,51.18841492571831,11.193204773925615,17.322010903600532,66.66214296221153,0.0,1.6932336906469805,2,2,1,1,36,1,2,172.53314915077627,90,5.592934762587922,3,3,3,377.87610767273435,1,0.0,1081.3376494685226,0.0,924.3070770307781,0.0,908.2318468008702,274.52543559144794,2,49,0,1,2,1,2861,1,48,0,90,242.10358750509093,2,522.4880940827677,1058.1408711880308,198.17320900903758,386.5493054473976,309.71838324741395,1.0,356.6038617515406,0,2,49.31467381293961,0.0,0,0
23.799547365285527,78.43077109260953,30.017014224479404,45.53692208394158,24.41104105984329,7.3447057874355925,0.9616650503112898,14.78660685323638,17.041812152452824,89.5203685621513,144.24975754669347,2,1,77.82188814047866,2,1,1,30.61524894909296,4.735041221202781,42.262252668642645,9.112769156295618,2.411067733847678,16.36978257397756,49.875982055970915,0.0,1.7015203685621512,1,1,3,1,45,1,2,157.97466052396413,100,5.745158422150066,3,3,3,405.2460572040739,1,0.0,1312.9683544287668,0.0,1199.1411171472453,0.0,1144.9620167028413,418.2059205737367,2,51,1,1,2,1,280,1,21,0,64,328.3891124801153,2,663.2596726838955,1195.9606459561892,143.20603053006954,361.08265193878566,403.983372927139,1.0,456.9501890556097,0,2,49.200226317357235,0.0,0,0
22.596117848394066,93.77449743297564,35.372275574646395,37.35360136907966,27.178928948693642,6.562476601456144,0.07112720781160992,19.058781638201058,35.153426381669284,143.67469682226695,10.669081171741487,2,0,50.937272733123464,2,1,1,31.277135183383262,8.8327187262182,36.28722511727655,8.499020102680975,1.2617925452163343,14.462346789704597,51.157634491460314,0.0,1.755674696822267,4,1,3,1,21,1,2,157.07208838629555,100,6.1663587530620765,3,3,3,503.7708317519777,2,0.0,952.3245968067341,0.0,710.24787591009,0.0,909.7095975933142,658.6090180155591,1,44,1,1,2,1,20,0,1,0,4,472.25911122448923,1,501.53679705643674,552.9381693431601,245.64796815545503,438.58952997418004,456.8199458662585,1.0,821.6976413302422,0,2,49.801941075802965,0.0,0,0
25.025427134204307,91.4745728657957,26.367819085748426,40.07965829263656,33.647437194774156,5.56440201211397,1.1984743719477415,20.040683414726892,23.095115491213257,189.88200976722695,179.77115579216124,2,1,68.55776282869327,2,2,1,26.557246249287026,4.7692924751066155,35.72996383475026,126.17427744292041,22.45556985935845,14.947437194774157,83.20867737251811,0.0,1.38,1,1,0,3,9,3,2,194.42399988266286,100,5.7,3,4,3,194.14825127957195,3,0.0,757.2183678120433,0.0,453.20855875753045,0.0,531.7550392890241,413.2935839089551,1,44,0,1,3,2,10318,0,82,1,16,201.79546552864178,1,224.68613064073662,281.1228021177174,242.08857468430335,260.88294067783903,285.240283367792,1.0,664.5495477143711,0,1,47.17713567102153,0.0,0,0
13.586474577827335,91.13022639041779,27.20735665840668,42.82127021842898,29.971373123164337,5.41530726413371,1.258329903175488,22.065410168869064,41.75508377386065,380.9961186215037,188.74948547632323,2,2,74.40434755598444,1,2,1,30.106760362977152,20.433112007157604,14.957020318925998,88.14092849072739,13.34469508397547,18.201811815344833,80.77989764730017,0.0,1.9824057626651799,3,1,3,1,6,1,6,169.46739782030082,89,5.741352542217267,2,4,3,1202.6356821296329,1,0.8866803872980475,187.2925372724444,0.0,1125.5470248751774,0.0,1270.7557112788795,1154.1713546025599,3,53,0,1,2,2,147854,4,82,5,30,1046.2296561884582,2,1066.4799255368437,1228.2716374953975,1071.7804766661634,63.28333771340533,1085.8620788077887,3.54672154919219,113.2062930892505,0,1,43.788268160334276,0.0,0,0
21.869553188329142,86.93463825994972,37.726255363392,9.452510726783995,52.74732327215818,6.495642550663314,1.1360948957027657,24.696085220150852,31.17815741963063,330.25646692846635,100.56868176120682,2,1,0.1,2,1,2,28.341296168063817,6.2229174136894185,37.93461198429202,60.13999860881473,12.689100843289692,17.290799556075612,77.2922492672748,0.0,1.5817429797346743,5,2,0,2,30,4,2,184.06960852201507,6,4.8,2,2,3,207.38298378274004,1,0.0,341.76476559017243,2.956425506633144,119.02488884095675,0.0,209.87334756250948,156.21904980864957,1,44,0,0,3,2,57175,0,46,4,16,95.14782272926193,2,96.09340030205988,312.6096029259015,402.2666744768474,483.5851789820241,109.73535766061197,1.0,249.06470472311784,0,2,45.056563840848,0.0,0,0
23.022956810435577,90.67095238375673,32.315825028402884,35.135689920471926,32.54848505112519,5.633669988638846,1.283060908058077,19.58674640185115,36.63168106711423,429.23018831052497,192.45913620871156,2,1,49.06023476709635,2,1,1,27.078974528929233,4.112604872880211,37.11406777294377,97.87595837272926,20.272782726529883,17.14520354369873,86.28255969484378,0.0,1.7192347729854807,4,2,0,2,10,2,2,188.23780288323036,79,5.696939091941923,3,3,3,411.4227041058673,2,0.0,587.2026802747293,0.0,298.2842177831768,0.0,490.0668399837071,270.3236606855463,1,44,0,1,2,1,5581,0,66,0,80,239.2538688807913,2,259.6067512075953,485.0562155816156,326.4157473189882,465.5353933752935,238.6418245668898,1.0,481.8926771078376,0,2,49.834695459709614,0.0,0,0
24.833590770198708,90.10216246966914,25.88049427878152,40.77229328839722,33.4405560636292,5.699845537880775,1.2246285660105913,20.30619298283438,20.65479557472866,178.87614034331244,183.6942849015887,1,2,70.87414008645524,2,1,1,27.010449389952292,5.014628566010591,36.31551189970325,120.35782543021853,21.62954771043463,15.207167543992032,81.46165129486916,0.0,1.4019660183337705,1,1,0,2,11,2,2,191.37491914442404,100,5.686687261615897,3,4,3,195.74415263305409,2,0.0,793.0105711737017,0.0,506.69162207294585,0.0,567.4605793708809,388.1426247975333,1,44,0,1,2,1,17198,1,81,1,15,191.61580532255627,1,260.0589435222237,355.44056938775566,233.39770620994278,253.669141257845,274.3681705444469,1.1996910757615513,619.923055284827,0,1,47.19976830682116,0.0,0,0
22.25051994195763,80.5,43.7056153731424,17.943448731333866,38.35093589552373,6.801247860698311,1.5151975779438993,38.70291167496273,27.7247308208592,254.86689485884682,227.2796366915849,3,1,1.8214124004923558,2,1,3,26.914511254559827,2.043928919567283,44.360977490880344,47.205363959370345,12.005072791874069,13.44652862935543,60.84952165339898,0.0,1.67,5,1,3,1,40,4,2,187.80207976783052,3,4.850311965174578,2,2,3,367.3301566335425,1,0.0,671.1755169096481,0.0,678.482376460224,0.0,164.13099222393953,569.2845033483082,1,44,0,0,3,2,606403,3,69,19,32,29.69417480844215,2,63.53963723130683,421.9756796078097,573.8627960970549,29.69417480844215,27.74218245431159,1.0,573.8627960970549,0,2,48.12130841210083,0.0,0,0
22.26968872420003,78.79120592879887,28.07902699819909,29.74835870896278,42.12655203767814,6.869688724200031,1.3304762731680326,22.481136262640288,18.86950153483844,224.27742720598218,156.04260984901077,1,1,53.886719154454234,2,1,1,28.726657596620033,6.3871882900678605,38.128270132428355,43.499865494389525,10.091968004155662,17.327234219143918,70.00331172018271,0.0,1.6316941662280107,3,3,1,1,30,2,2,180.04010884055958,57,5.177564213880044,2,2,3,219.1229647430391,1,0.0,842.1349479659303,1.84249020639975,682.5875547247631,0.0,678.7050442679099,51.60375904668216,2,47,0,1,2,1,90309,1,55,2,29,24.2978395968967,2,423.7046579249256,900.9749701579237,278.16928984263564,351.9880102003018,102.48463536362426,2.6181323452001877,97.73949922399073,0,2,47.13507400748029,0.0,0,0
23.264144922407436,84.7075652327777,32.67643044786104,18.7890890777364,48.46608409746275,6.7580181153009296,1.1858955791587993,19.08349493125461,26.769365964467468,322.061587183471,113.24976066569558,2,1,27.377087063246442,1,1,1,28.40787746385787,5.276614791994392,39.19111244704824,51.89987309609971,11.1738295002032,16.495101745438856,70.89669996929746,0.0,1.5621225361421303,3,2,0,2,32,3,14,177.81653697998598,8,4.705189130819442,2,2,3,227.23131912905,1,0.0,593.9688558534782,2.7358550775925643,315.7201943712571,0.0,377.66518911571075,110.95550062083755,1,44,0,1,2,2,128538,2,42,15,19,36.07908883575194,2,32.94631115123986,539.6049456072358,339.4907111215876,572.0266808225531,190.4878965954935,0.6839637693981411,460.8504665998487,0,1,45.67452318404632,0.0,0,0
17.85058606170418,86.5335627739059,36.945693048043665,28.44334880122694,34.610958150729395,5.815851164389914,1.322377674658487,32.12252281516568,34.607359972493484,275.287106642508,198.35665119877305,2,1,28.054510767345967,2,2,2,28.950493391766592,10.286514943704383,32.47802163789566,65.80146522297248,12.682749763683702,16.56519218011342,73.41053429577201,0.0,1.8267691157513284,4,1,2,1,36,2,2,179.48410793160468,39,5.222563719171095,2,3,3,603.5256137487002,1,0.38414883561008617,297.16023951208496,0.0,719.554026810714,0.0,579.3051306516468,740.9519818677743,2,48,0,0,3,2,66584,1,73,2,44,585.8406987363379,2,633.0835683934881,612.9207458446562,673.8947629453875,132.56812164657285,592.1100063242196,2.1524465068302585,217.72186214676623,0,1,45.15913860960873,0.0,0,0
25.30362061596265,90.8597290114019,29.859093730811153,37.79792539460967,32.337370035035256,4.995384272246714,1.1632669925472907,20.755113283648605,49.95077300528616,286.44251435760657,169.18780551308518,2,1,60.27308979074827,2,2,1,21.152595728836562,1.0393922643483453,30.935754772023884,105.72162864538957,18.852689032231087,12.433844952863495,87.47631808637463,0.0,1.3889773432702788,1,1,0,3,1,3,2,229.47313198165278,94,5.649502444104682,2,3,3,188.90780183247514,2,0.0,740.0530705738385,0.22443358175697137,438.85296262447844,0.0,487.61635871691385,397.12638722866205,1,44,2,1,3,2,7470,0,80,0,70,132.04633369914922,1,217.62232046607215,252.26497459214409,309.79923446608564,286.4959104500419,287.906011301283,1.0,646.5594775028148,0,1,49.27226344257575,0.0,0,0
22.22299361149933,87.83101916550201,35.331366290676705,8.091259358155618,56.48294919145516,6.627874201437416,1.0739718132361782,19.838329631662987,31.324402949690427,368.13253269115467,71.86399605709838,2,1,4.911644652126796,1,1,1,28.426097611798763,7.181921690956225,35.79695917348782,62.58208554601687,12.686101779297221,17.775717857855824,79.3742745183667,0.0,1.5439023882012384,4,2,0,2,22,3,4,182.57980422739055,8,4.78327547913755,2,2,3,226.9502082751048,1,0.0,355.3395782716178,3.7770063885006695,55.69265447195778,0.0,271.7046173263156,75.17373294320325,1,44,0,1,2,2,79209,1,39,6,5,49.80927174835258,2,31.285674810341433,383.38019140547453,405.3617516844661,577.1933942029345,87.77831977440894,0.9442515971251674,256.0534008659471,0,1,44.789544569774435,0.0,0,0
25.16799733388751,91.0,29.88512309269049,39.06255488106402,31.052322026245495,4.992960746511498,1.1846081173089495,20.653918826910505,49.154065176414555,301.4513642325294,177.69121759634243,2,1,61.79423949143146,2,2,1,21.557974729267926,1.1134757218930367,31.52531870793903,106.96807050863954,19.377953429036296,12.769317374882782,87.71852694421945,0.0,1.4251523625912985,1,1,0,3,1,3,2,226.42315360964267,97,5.7,3,4,3,216.63116876062236,3,0.0,740.2895538561822,0.0,440.36117862236006,0.0,498.6074623626623,397.26198774447914,1,44,2,1,3,2,4076,0,80,0,75,150.36015721463207,1,231.79434468820165,275.905980462849,306.8536766980348,295.53889991328515,292.53636315031105,1.0,647.5727607880747,0,1,49.589840319933494,0.0,0,0
22.636403597446012,90.09100899361503,33.67258740893896,24.319344685678928,41.971708265126715,5.963596402553988,1.1963728274125827,19.809078920766197,35.35473726774085,414.27500505442265,145.09606407053545,2,1,30.819201648718963,2,1,1,27.539034963575585,5.39440758881126,36.28553087112188,86.74955568019386,17.802119088768464,17.47087272632413,84.79840839751888,0.0,1.654552647540282,5,2,0,3,13,3,2,186.84565834697466,53,5.3727632377014105,2,3,3,344.955595398184,2,0.0,475.0598176624328,1.454385610215955,178.10391078124073,0.0,394.5873229157751,196.502645166332,1,44,0,1,3,2,28562,0,56,1,52,171.38835863588542,2,171.53701081972173,425.1874534699398,362.65188682002014,508.0155866980625,174.45864233585536,1.0,386.176379505765,0,2,47.94111888659156,0.0,0,0
22.8009492946824,90.502373236706,33.0966774686116,29.107624475257833,37.77579298559881,5.7990507053176,1.234218337776952,19.759715211595278,36.14455661447552,423.65410979689676,166.32245901402956,2,1,38.761822454319436,2,1,1,27.308670987444643,4.826724933345721,36.59981315284338,92.40663675118091,19.04114818895847,17.321136141839016,85.73138250084921,0.0,1.684170873042832,5,2,0,3,11,3,2,187.68484140288024,64,5.52085436521416,2,3,3,375.4821131494788,2,0.0,519.2288191715966,0.7962028212704011,224.1536696098164,0.0,432.22715115859893,229.8544125391756,1,44,0,1,3,2,18198,0,61,0,64,202.06296751469296,2,207.8917371671294,444.6482730820874,347.9612469707554,489.8431598952758,202.5581110529134,1.0,431.16152767322126,0,2,48.8049837970826,0.0,0,0
24.370089198340438,90.19292085595745,31.566122608748916,28.756006806783084,39.6455874187063,5.448813817948931,1.1312602010859578,20.541734673906387,44.963048002561756,312.3146707888508,139.18143851808543,2,1,43.26948182691509,2,2,1,23.20903208022721,2.890451703862107,32.10400266036254,94.17784585833546,17.201672039350655,14.020848362821258,85.69994116027065,0.0,1.431653065218723,2,1,0,3,6,3,2,216.5103814398129,70,5.4094515081446835,2,3,3,199.64074590250883,2,0.0,616.8989387284942,1.291326630468073,314.84264910754354,0.0,420.1913852709939,303.9839568435611,1,44,2,1,3,2,24756,0,68,1,51,109.63891244359428,1,164.86712643992996,279.8601632970567,340.78981029852133,368.9534069523012,225.1380260129871,1.0,523.8160994812243,0,1,47.95198329479576,0.0,0,0
25.786683520835968,90.71331647916404,29.557336704167195,41.24809101251422,29.137235579151394,5.014673408334387,1.1757336704167192,20.8,41.5394438124131,260.9321535414823,176.3600505625079,2,1,67.65142348628493,2,3,1,23.856317717945476,1.8254024354274634,34.29647869211646,90.45015942358742,15.891672169552944,10.483104942485147,85.61386853747946,0.0,1.3398643070829646,1,1,0,3,0,3,2,211.5587864998104,100,5.585326591665614,3,4,3,198.35242132052417,3,0.0,775.5122949142544,0.0,478.7065426705431,0.0,489.53567897863735,426.5245764125901,1,44,3,1,3,2,1635,0,35,0,31,104.41636517928623,1,244.04036735347407,204.83928644503436,342.3492302195255,247.43085646146716,319.8247002401719,1.0,681.9552295959213,0,1,47.68655711456621,0.0,0,0
22.88550105970173,94.48599858706436,34.99044777462636,37.085501059701734,27.836901200995293,6.294399434825744,0.1503454132836749,19.57990049452747,38.45040508656831,165.09054698011005,22.551811992551237,2,0,50.725215319702684,2,1,1,29.966611252188212,8.066461993979424,35.152078191442385,21.261485217420844,3.486861368807401,14.026014219353058,55.96182792482877,0.0,1.711169865771114,4,1,2,1,17,1,2,166.66322656319005,100,6.135749823383045,3,4,3,469.8786702025115,3,0.0,903.2734843444651,0.0,644.6955171419737,0.0,840.9179425496209,644.2598427741583,1,44,2,1,3,2,492,0,10,0,9,439.1616624313655,1,455.22275819450675,468.7969898829648,260.18434246741685,422.2114829615283,440.48893850730076,1.0,827.8991119654088,0,1,49.81144989402983,0.0,0,0
22.594397911631997,94.24481670694401,35.15809420090241,36.360167518124804,28.400617863299182,6.330083759062402,0.24165865377791618,19.4566387469792,36.694397911632,202.18440127676715,36.248798066687414,2,0,48.71070575422912,2,1,1,30.518177959964813,8.212244967214735,36.03089111321888,25.592660752370932,4.826975096623624,14.844292179837112,57.98113130819829,0.0,1.75244816706944,5,1,2,1,18,1,2,162.9848275974687,96,6.105602088368002,3,4,3,492.9057904575136,3,0.0,857.279097449594,0.0,597.3166425238675,0.0,812.917117660247,600.8549344793621,1,44,1,1,3,2,1068,0,12,0,15,437.5743175460916,1,443.92258884224873,495.27610746121513,268.2464490644388,449.13740760093305,418.65722563546535,1.0,781.8723255528251,0,2,49.85,0.0,0,0
25.461918427231865,90.58968026212803,30.102209467916925,41.05479606807966,28.760930516429013,5.189680262128022,1.1979360524256044,20.602703423318353,34.96633736306572,279.89913908439246,179.69040786384068,2,1,66.51433880869885,2,2,1,26.340662840375078,2.9582791549287046,36.98,81.2205507179053,14.705253327460477,10.68977372065251,84.4719391255851,0.0,1.3835378149449784,1,1,0,3,1,3,2,194.85479606807965,96,5.535872104851209,3,4,3,243.89168365597877,3,0.0,744.9614643272009,0.0,451.4475079833036,0.0,479.9346946107215,404.473031021226,1,44,2,1,3,2,1015,0,12,0,14,108.83603846234502,1,254.79968292840593,226.65938949903907,364.0249655849233,273.7049064337376,316.31615704231245,1.0,652.580133313895,0,1,46.93672986110896,0.0,0,0
18.572366536066514,78.91635742271461,23.64436197939056,47.244923393802424,29.11071462680701,6.389285373192989,1.4428194878345348,23.88928537319299,21.539480470160548,209.33276259841085,216.42292317518022,1,2,89.73907410923738,2,1,1,29.484981445362877,11.96216482270724,29.510708896449216,51.84943005907716,10.04261395423673,17.510489105982636,69.59203446271756,0.0,1.8296993055674966,2,2,3,1,25,1,2,174.381577690711,100,5.649624131959371,3,3,3,629.4587903410758,1,0.3740603298984272,835.3011296409921,0.0,1219.2050717618738,0.0,1159.2434191736575,500.90469583610775,3,51,0,1,2,1,118142,2,75,1,43,441.3687456603502,2,923.2975975858217,1331.2649994534445,542.778399192081,99.34914443852163,519.8490386452798,4.0,0.0,0,1,47.03693500411451,0.0,0,0
22.410213421885633,80.5,45.43030495636485,15.931310884241011,38.638384159394136,7.184512212525522,1.575881100316541,39.59719516255955,19.963627696358188,213.9853639972777,236.38216504748115,3,1,0.7195273889891252,2,1,3,26.764399383427502,1.714960350915594,44.66120123314499,47.317149395319944,12.027429879063988,13.916027460343765,60.70260365186522,0.0,1.67,5,1,3,1,40,4,2,188.44085368754256,3,4.94612805313138,2,2,3,376.5923784693668,1,0.0,677.4770216276071,0.0,683.819332559418,0.0,176.7212261814634,579.8817626763307,1,44,0,0,3,2,477830,2,65,15,16,26.3693565563411,2,55.74978928041877,425.25578368553096,582.400009534006,26.3693565563411,9.9842674863175,1.0,582.400009534006,0,2,46.987484704612,0.0,0,0
23.71980329849774,79.10593908743115,39.18573477745621,25.987338823365008,34.82692639917878,7.2954454315573365,1.5646930203415126,32.084149752729125,15.32118781748623,194.48515228142213,234.70395305122688,2,1,30.180349340954315,1,1,2,27.265505583278916,1.0908708125408129,45.97312994830645,39.172466377250906,10.353186295791694,13.814059010450677,56.43781726229345,0.0,1.6490890863114673,3,1,3,1,46,2,15,180.60989213865804,5,4.825742385928894,2,3,3,328.18790245488356,1,0.0,869.2182231967945,0.0,795.6194839214357,0.0,348.40374225156677,453.10449020975716,1,44,0,0,2,2,354177,3,59,22,23,15.961376910515805,2,46.4698758923205,609.3804346229397,440.5447919977572,210.58970606653412,160.44944073211155,0.651484771857788,730.7185709489629,0,1,46.92505012643465,0.0,0,0
24.483289100308138,92.2233952595686,28.184169854816755,39.39727317641907,32.47722009678883,5.786015923889071,0.9519787681479055,19.875989384073954,24.70026539815118,177.35267868456043,142.79681522218584,2,1,64.67217911526755,2,1,1,27.791812245050284,5.851873780686028,35.96072997162342,102.6086333262291,18.194553637045043,14.93671935569737,76.40810579190716,0.0,1.4585400567531632,1,1,0,2,12,2,2,185.0833736603632,100,5.803342179938372,3,4,3,260.0875436733172,3,0.0,791.2187506966449,0.0,497.76533475625405,0.0,607.262059717529,467.81935005937453,1,44,0,1,3,2,8461,0,65,1,10,262.8353936948773,1,279.0656736614423,328.1612010690566,241.91439908534872,298.54019489967925,320.90079217222706,1.0,702.7179699889883,0,1,47.62871620765488,0.0,0,0
22.226038872678867,73.78753352785361,27.290164237404376,41.87158172943754,30.838254033158087,6.8534349854109795,1.5179473858089847,28.271079106103194,13.043599222815356,120.94403498675564,227.6921078713477,1,1,72.50059638353653,2,1,1,28.73617459668419,4.535377006763388,42.19473358607522,31.137424626131164,8.745157512202338,16.27988103010582,62.038974538462575,0.0,1.7072603887267885,2,2,2,1,45,1,2,179.30127346949752,73,5.308227210875207,2,2,3,195.95096674362316,1,0.0,1067.7015739441445,0.0,1043.7959992702797,0.0,786.3119592101756,139.25137615643214,2,48,0,0,2,1,85764,0,68,1,53,58.97287226714725,2,628.05877785575,1052.4984334541682,211.20459978876184,174.2097621387369,161.34391601686147,3.178116618036599,96.8534773418404,0,2,48.491814674402654,0.0,0,0
