flood_risk,max_earthquake_magnitude,monsoon_zone,recommended_foundation,earthquake_count,landslide_risk,latitude,total_animal_records,sand_percent,forest_fire_risk,silt_percent,nearest_marine_area_km,clay_percent,nearest_endangered_habitat_km,max_monthly_rain_mm,marine_protected_area_risk,nitrogen_mgkg,organic_carbon_percent,bird_count,liquefaction_risk,nearest_bird_zone_km,temp_range_C,extreme_heat_days_per_year,longitude,avg_temp_C,bearing_capacity_kNm2,monsoon_intensity,nearest_river_dist_km,seismic_zone_number,tsunami_zone_dist_km,wind_zone,mammal_count,max_wind_speed_ms,unique_species_count,nearest_tiger_corridor_km,ph_value,nearest_conflict_zone_km,cyclone_risk,terrain_slope,nearest_protected_area_km,nearest_mining_km,avg_uv_index,nearest_elephant_corridor_km,climate_zone,cec_cmolkg,avg_humidity_percent,min_temp_C,shrink_swell_risk,lightning_risk,coastal_erosion_risk,erosion_zone_dist_km,threatened_species_count,groundwater_depth,nearest_industrial_km,estimated_fog_days,corrosion_risk,burrowing_animal_risk,tsunami_risk,drainage_quality,mining_subsidence_risk,protected_area_type,biodiversity_hotspot,final_feasibility_score
3,0.0,3,1,0,1,8.0,55107,41.7,1,27.6,157.33,30.7,159.81,8.23,1.0,533.0,42.9,62,2,256.69,20.59,0,80.0,29.38,193.5,1,296.96,2,280.67,4,6,15.62,63,415.36,5.7,484.09,1,0,157.33,723.57,2.08,299.52,4,18.3,86.51,17.39,2,1,0.0,323.21,4,3,412.73,2,2,2,0.0,2,0.0,3,0,63.35
3,0.0,3,1,0,1,8.0,102121,44.6,1,20.7,196.62,34.7,195.53,9.1,1.0,338.0,48.9,34,2,267.04,25.83,10,80.5,28.62,201.0,1,337.82,2,320.67,4,18,13.69,66,458.77,5.9,524.03,1,0,196.62,735.38,2.08,352.41,4,20.8,87.23,14.44,2,1,0.0,331.48,10,3,420.65,2,2,2,0.0,2,0.0,3,0,63.35
3,0.0,3,1,0,1,8.0,102412,32.3,1,33.9,242.09,33.7,238.68,11.04,1.0,611.0,60.8,33,1,287.68,19.72,0,81.0,29.61,201.0,1,382.22,2,338.03,4,11,16.1,71,504.42,6.2,566.47,1,0,242.09,750.97,2.13,405.87,4,25.9,84.68,19.04,2,1,0.0,348.29,3,3,435.37,2,2,2,0.0,2,0.0,3,0,70.6
3,4.5,3,1,1,1,8.0,6472,29.7,1,39.1,290.87,31.1,285.91,11.04,1.0,576.0,65.7,32,1,316.59,19.72,0,81.5,29.61,180.0,1,429.06,2,362.92,4,3,16.1,83,551.75,6.2,610.88,1,0,290.87,770.11,2.13,459.69,4,24.8,84.68,19.04,2,1,0.0,372.49,3,3,456.22,2,2,2,0.0,2,0.0,3,0,68.1
3,0.0,3,1,0,1,8.5,114871,41.3,1,31.9,138.06,26.8,124.01,7.85,1.0,189.0,75.9,36,2,46.91,15.63,0,78.0,30.26,205.5,1,156.06,2,54.99,4,4,16.88,77,233.19,7.1,313.22,1,1,80.11,661.81,2.19,73.91,4,23.4,82.95,21.02,2,1,0.0,331.87,2,3,298.81,2,1,2,1.0,2,0.0,2,0,66.6
3,0.0,3,1,0,1,8.5,72973,44.2,1,27.6,119.3,28.3,117.41,8.26,1.0,439.0,49.1,61,2,201.35,19.02,0,80.0,29.64,189.0,1,260.24,2,256.69,4,19,14.44,62,381.84,5.9,446.03,2,0,119.3,668.95,2.08,287.76,4,20.4,85.57,18.3,2,1,0.0,267.77,6,3,357.34,2,2,1,0.0,2,0.0,3,0,62.55
3,0.0,2,1,0,1,8.5,21293,29.9,1,38.2,219.18,31.8,212.53,10.91,1.0,596.0,69.4,55,1,239.56,15.04,0,81.0,30.12,172.5,2,354.34,2,287.59,4,8,19.5,76,477.08,5.9,534.2,2,0,219.18,698.45,2.13,397.15,4,25.5,84.06,21.39,2,1,0.0,297.51,4,3,383.22,2,2,2,0.0,2,0.0,3,0,66.85
1,0.0,3,1,0,1,9.0,43375,46.0,1,21.8,999.0,32.1,78.12,7.47,0.0,189.0,47.1,60,1,39.76,23.28,10,78.0,30.22,241.5,1,100.67,2,78.17,4,2,12.78,75,184.29,8.0,262.74,2,1,83.83,606.73,2.12,69.56,4,22.9,79.88,17.67,2,1,0.0,999.0,1,2,247.89,2,1,3,1.0,1,0.0,2,0,76.05
1,0.0,4,1,0,3,9.5,1097275,31.6,2,37.5,999.0,30.9,101.66,15.84,0.0,426.0,49.7,68,1,153.01,12.6,0,76.5,30.16,172.5,3,80.86,2,156.29,4,4,17.96,53,119.72,5.3,183.21,1,3,76.77,599.52,2.04,119.72,4,17.8,83.95,22.21,2,1,0.0,999.0,0,1,175.54,2,3,3,0.0,0,0.0,2,1,62.3
1,0.0,3,1,0,1,9.5,13741,37.2,1,26.1,999.0,36.7,83.73,7.45,0.0,233.0,32.4,99,1,117.35,20.89,0,78.5,30.58,216.0,1,62.45,2,156.29,4,0,13.52,57,183.1,7.2,249.58,2,1,79.46,545.83,2.12,143.67,4,27.1,78.72,18.66,2,1,0.0,999.0,0,2,234.0,2,1,2,0.0,2,0.0,3,0,78.05
1,0.0,4,1,0,3,10.0,1793058,39.9,2,28.8,999.0,31.2,64.09,16.47,0.0,339.0,37.6,28,1,187.44,17.85,0,76.5,29.6,177.0,3,31.21,2,199.66,3,1,14.36,72,79.31,5.4,129.9,1,3,64.09,549.39,1.95,79.31,4,19.6,85.32,19.73,2,1,0.0,999.0,0,1,123.91,2,3,3,0.0,0,0.0,2,1,63.55
1,0.0,3,1,0,3,10.0,634442,41.2,2,26.4,999.0,32.5,24.56,10.99,0.0,440.0,45.6,52,2,153.95,26.39,0,77.0,24.83,168.0,1,79.79,2,175.59,0,12,6.21,73,45.8,5.3,122.8,1,3,15.61,526.9,2.06,45.8,4,15.1,89.11,11.45,2,1,0.0,999.0,1,2,111.19,2,3,3,0.0,0,0.0,1,1,57.3
2,0.0,3,1,0,1,10.0,186860,42.0,1,31.0,999.0,27.0,78.06,6.34,0.0,271.0,32.0,21,2,137.43,29.7,20,78.0,29.59,217.5,1,15.61,2,175.59,0,4,11.01,76,108.07,6.8,171.52,2,1,99.17,496.92,2.08,108.07,4,24.0,74.65,13.64,2,1,0.0,999.0,2,2,155.94,2,1,2,0.0,1,0.0,1,0,72.8
2,5.2,3,1,1,1,11.0,185733,35.7,1,29.0,999.0,35.3,201.34,5.67,0.0,209.0,29.9,31,1,97.94,30.38,20,79.0,29.94,220.5,1,24.5,2,90.14,0,5,12.72,73,218.05,7.5,229.45,3,1,204.03,378.68,2.02,197.01,4,28.5,74.32,13.61,2,1,0.0,999.0,1,2,109.01,2,1,2,1.0,2,0.0,2,0,70.55
1,0.0,4,1,0,3,11.5,553349,41.9,2,31.9,999.0,26.3,144.17,12.41,0.0,349.0,35.9,82,2,327.69,26.69,0,76.5,25.53,165.0,3,146.19,2,351.09,3,11,7.49,75,34.53,5.5,24.47,1,3,15.57,407.54,2.01,23.35,4,18.2,84.97,12.09,2,1,0.0,999.0,13,1,77.87,2,2,2,0.0,0,0.0,1,1,55.55
1,0.0,3,1,0,3,11.5,365808,44.1,2,30.5,999.0,25.4,133.43,5.17,0.0,246.0,32.1,74,2,305.35,29.3,10,77.0,25.46,192.0,1,163.52,2,308.1,0,14,11.37,68,24.47,6.5,34.53,1,3,21.79,376.86,2.09,24.47,4,27.0,78.69,10.97,2,1,0.0,999.0,8,2,55.6,2,1,2,0.0,0,0.0,2,1,61.8
1,0.0,3,1,0,1,11.5,136979,36.4,1,30.9,999.0,32.6,144.17,4.85,0.0,191.0,30.7,37,1,250.9,31.15,20,77.5,28.69,207.0,1,148.57,2,254.35,0,4,10.31,63,77.09,7.0,79.11,2,1,32.69,351.89,2.09,24.46,4,32.6,70.77,12.21,2,1,0.0,999.0,1,2,77.87,2,1,3,0.0,1,0.0,2,1,75.3
1,5.2,3,1,1,1,11.5,262641,38.3,1,32.4,999.0,29.3,210.7,5.5,0.0,213.0,33.5,53,1,142.11,31.11,20,78.5,29.07,210.0,1,55.21,2,148.37,0,1,13.25,71,185.6,7.1,180.04,2,2,141.65,324.1,2.04,131.2,4,33.0,75.07,12.76,2,1,0.0,999.0,1,2,132.59,2,1,1,0.0,1,0.0,2,0,77.25
1,0.0,4,1,0,3,12.0,848426,42.1,2,25.9,999.0,32.0,250.02,22.58,0.0,339.0,38.2,35,2,429.52,23.1,0,75.5,27.07,175.5,3,218.36,2,446.47,3,5,6.31,86,155.68,5.6,103.36,1,3,66.19,396.89,1.94,131.07,4,21.0,86.01,14.71,2,1,0.0,999.0,1,1,197.68,2,2,3,0.0,0,0.0,1,1,61.8
1,5.2,3,1,1,1,12.0,75032,35.3,1,34.5,999.0,30.3,194.18,5.6,0.0,181.0,30.6,26,1,109.72,32.22,20,79.0,28.48,208.5,1,102.42,2,87.74,0,2,12.31,76,248.66,7.1,249.71,2,1,171.27,267.74,2.01,190.31,4,26.6,75.37,11.52,2,1,0.0,999.0,2,2,83.16,2,1,2,1.0,1,0.0,1,0,76.8
1,5.2,3,1,1,1,12.0,92930,41.4,1,33.2,999.0,25.4,236.55,5.6,0.0,207.0,25.0,43,2,156.48,32.22,20,78.5,28.48,210.0,1,105.28,2,141.86,0,1,12.31,73,196.76,7.1,200.99,2,2,152.05,268.84,2.03,137.98,4,30.9,75.37,11.52,2,1,0.0,999.0,1,2,134.78,2,1,1,0.0,1,0.0,2,0,72.0
3,5.9,3,1,100,1,12.0,133757,42.3,1,30.3,0.0,27.4,0.0,14.13,4.0,404.0,45.2,27,2,1187.49,10.72,0,93.0,30.33,184.5,1,1327.2,5,55.18,4,1,18.85,86,1198.01,5.2,1165.8,1,0,1179.94,1349.31,2.03,1263.82,4,22.7,84.89,23.01,2,1,0.0,1141.72,4,3,1275.48,2,3,1,1.0,2,0.0,2,1,43.25
1,0.0,4,1,0,3,12.5,218719,60.0,2,14.6,999.0,25.4,294.23,24.98,0.0,340.0,37.8,5,2,476.49,27.35,0,75.5,25.81,171.0,3,270.21,2,472.07,3,4,6.05,69,186.98,5.6,100.24,1,3,78.91,346.07,1.94,156.75,5,7.7,85.48,11.55,2,1,0.0,999.0,2,1,232.1,2,2,2,0.0,0,0.0,1,1,62.55
1,0.0,4,1,0,3,12.5,170179,42.0,2,27.4,999.0,30.6,267.81,11.84,0.0,210.0,21.7,56,2,423.38,30.72,0,76.0,25.15,186.0,3,257.83,2,418.35,3,4,11.21,70,150.11,6.4,48.8,1,3,45.79,326.15,2.07,118.02,3,24.5,79.34,9.17,2,1,0.0,999.0,3,1,179.17,2,2,3,0.0,0,0.0,1,1,63.05
1,0.0,4,1,0,3,12.5,1080513,43.2,2,27.3,999.0,29.5,250.63,11.84,0.0,183.0,20.7,66,2,369.1,30.72,0,76.5,25.15,205.5,3,256.68,2,364.8,3,3,11.21,68,126.59,7.2,24.75,1,3,62.18,314.32,2.07,95.91,3,30.0,79.34,9.17,2,1,0.0,999.0,1,1,127.34,2,1,2,0.0,0,0.0,1,1,65.55
1,0.0,3,1,0,1,12.5,129744,42.7,1,24.9,999.0,32.4,261.21,5.35,0.0,194.0,20.8,96,2,206.26,32.95,20,78.0,26.9,205.5,1,178.37,2,206.69,0,2,13.6,58,178.89,6.5,175.18,2,2,141.19,228.3,2.03,125.74,3,28.7,74.69,9.47,2,1,0.0,999.0,0,2,62.14,2,1,3,0.0,1,0.0,2,0,73.3
1,5.2,3,1,1,1,12.5,58549,38.2,1,31.5,999.0,30.3,161.0,5.3,0.0,292.0,33.9,28,1,97.7,32.92,20,79.0,28.21,204.0,1,157.19,2,109.59,0,3,13.64,72,268.77,7.0,276.55,2,1,141.52,212.37,2.01,210.21,3,33.6,75.16,10.91,2,1,0.0,999.0,1,2,117.07,2,1,2,0.0,1,0.0,1,0,78.05
1,0.0,4,1,0,3,13.0,97905,46.3,2,22.2,999.0,31.5,341.78,24.49,0.0,297.0,42.2,15,2,480.41,29.5,0,75.5,25.37,171.0,3,323.31,2,482.64,3,3,7.29,75,227.19,5.4,124.87,1,3,56.64,296.97,1.98,195.29,5,22.6,84.52,10.2,2,1,0.0,999.0,1,1,227.84,2,3,3,0.0,0,0.0,2,1,60.3
1,0.0,4,1,0,3,13.0,66445,37.1,2,29.5,999.0,33.4,319.36,10.2,0.0,189.0,20.7,68,1,426.6,31.15,0,76.0,24.95,195.0,3,313.06,2,430.34,3,2,12.01,70,198.02,6.4,89.12,1,3,70.47,273.54,2.07,165.89,3,27.0,77.7,8.52,2,1,0.0,999.0,1,1,173.74,2,2,3,0.0,0,0.0,2,1,69.05
1,0.0,4,1,0,3,13.0,30840,46.8,2,26.2,999.0,27.1,305.12,10.2,0.0,144.0,20.6,83,2,372.9,31.15,0,76.5,24.95,202.5,3,312.11,2,378.61,3,0,12.01,74,180.87,6.9,78.59,1,3,109.09,259.36,2.07,150.99,3,23.2,77.7,8.52,2,1,0.0,999.0,0,1,119.72,2,1,2,0.0,0,0.0,1,1,66.3
1,0.0,3,1,0,1,13.0,713374,52.7,1,19.2,999.0,28.1,250.08,5.05,0.0,120.0,19.7,90,2,213.43,32.53,10,78.0,25.81,205.5,1,228.48,2,230.56,0,1,14.69,66,220.59,6.7,190.24,2,1,188.09,178.05,2.03,173.25,3,21.6,74.93,8.38,2,1,0.0,999.0,0,2,44.75,2,1,2,0.0,1,0.0,2,0,76.55
1,0.0,4,1,0,3,13.5,129669,40.5,2,28.8,999.0,30.8,391.46,21.01,0.0,325.0,30.9,85,2,489.5,30.2,0,75.5,24.41,172.5,3,287.72,2,499.2,3,0,8.76,72,272.85,5.6,165.29,2,3,10.81,250.59,1.98,240.61,5,27.7,84.02,8.83,2,1,0.0,999.0,1,1,236.93,2,2,3,0.0,0,0.0,2,1,57.55
1,0.0,3,1,0,1,13.5,117838,54.9,1,20.6,999.0,24.5,251.06,4.85,0.0,146.0,20.4,33,2,233.96,31.31,10,78.0,25.98,210.0,1,280.66,2,255.07,0,3,15.3,67,267.4,6.8,218.81,2,1,238.74,132.17,2.03,224.52,3,19.5,73.15,9.13,1,1,0.0,999.0,4,2,79.54,2,1,2,0.0,1,0.0,2,0,79.05
1,0.0,3,4,0,1,13.5,327234,65.6,1,13.6,999.0,20.8,304.76,4.84,0.0,131.0,21.5,62,3,282.8,31.53,10,77.5,26.03,204.0,1,287.72,2,306.42,0,4,14.81,70,245.57,6.4,178.94,1,1,205.43,172.32,2.09,212.38,3,14.8,71.75,8.89,1,1,0.0,999.0,3,2,67.59,2,2,2,0.0,1,0.0,2,1,73.3
3,5.2,3,1,1,1,13.5,61719,35.8,1,32.6,234.52,31.6,46.54,9.16,1.0,229.0,50.7,28,1,21.62,25.93,20,80.0,30.29,204.0,1,297.01,2,64.38,4,4,21.9,70,418.61,6.9,412.37,3,0,59.66,163.66,1.95,361.26,3,22.3,77.07,17.27,2,1,1.0,64.38,0,3,15.51,2,1,2,1.0,2,0.0,1,0,57.4
1,5.2,3,1,1,1,13.5,199616,36.6,1,26.8,235.77,36.6,92.76,6.3,1.0,223.0,34.4,48,1,75.69,32.69,20,79.5,28.84,201.0,1,277.49,2,102.9,4,7,16.16,61,374.78,7.1,361.52,3,1,93.97,125.38,1.97,318.82,3,26.1,75.05,11.97,2,1,0.0,102.9,0,2,65.83,2,1,2,0.0,2,0.0,1,0,68.1
1,0.0,4,1,0,3,14.0,13799,50.8,2,21.4,999.0,27.8,414.99,5.05,0.0,166.0,23.5,75,2,403.47,32.15,10,76.5,26.63,205.5,3,211.27,2,392.84,0,4,14.37,67,290.93,6.9,189.34,1,3,111.98,150.82,2.06,261.81,3,33.0,71.7,9.0,2,1,0.0,999.0,3,1,170.62,2,1,2,0.0,0,0.0,2,1,66.8
1,0.0,3,1,0,1,14.0,7799,41.3,1,24.3,999.0,34.4,213.91,4.43,0.0,123.0,27.3,93,2,191.85,31.89,20,78.5,28.46,210.0,1,301.32,2,196.06,0,0,16.77,50,342.9,7.1,295.69,2,1,214.82,54.99,1.99,296.89,3,27.2,70.38,11.19,2,1,0.0,999.0,0,2,156.31,2,1,2,0.0,1,0.0,1,0,73.3
1,0.0,4,1,0,3,14.5,115581,43.0,2,28.9,999.0,28.2,540.17,26.15,0.0,306.0,29.9,34,2,624.74,20.08,0,74.5,28.62,183.0,3,265.12,2,594.01,0,1,11.01,64,425.35,5.6,319.49,3,3,162.63,272.8,1.97,393.25,5,23.1,83.82,15.81,2,1,0.0,999.0,1,1,379.21,2,2,2,0.0,0,0.0,2,1,62.05
1,0.0,4,1,0,3,14.5,12136,33.7,2,32.3,999.0,34.0,494.6,10.46,0.0,163.0,20.5,83,1,519.12,32.99,20,75.5,27.01,211.5,3,189.07,2,487.06,0,2,13.84,75,372.37,7.1,263.29,2,3,111.72,174.77,2.03,340.5,5,34.6,73.53,9.21,2,1,0.0,999.0,2,1,288.3,2,1,3,0.0,0,0.0,2,1,68.3
1,0.0,4,1,0,3,14.5,36191,43.0,2,23.3,999.0,33.7,479.47,3.86,0.0,147.0,19.3,83,2,466.58,32.37,10,76.0,27.26,211.5,3,164.66,2,433.69,0,3,15.89,84,355.44,7.0,248.43,2,3,119.28,131.4,2.06,324.63,3,30.1,69.34,9.23,2,1,0.0,999.0,3,1,248.05,2,1,3,0.0,0,0.0,2,1,61.55
1,0.0,4,1,0,3,14.5,13009,40.8,2,24.8,999.0,34.4,434.96,3.86,0.0,161.0,22.4,55,2,414.39,32.37,10,76.5,27.26,225.0,3,155.67,2,380.44,0,7,15.89,76,346.23,7.0,244.87,1,3,147.62,98.8,2.06,317.32,3,38.3,69.34,9.23,2,1,0.0,999.0,2,1,213.95,2,1,3,0.0,0,0.0,2,1,64.8
1,0.0,3,1,0,1,14.5,15453,43.7,1,25.0,999.0,31.4,335.07,4.4,0.0,127.0,18.4,89,2,311.8,32.68,20,77.5,28.9,228.0,1,189.07,2,274.51,0,2,15.58,58,352.95,7.1,272.03,1,1,233.21,109.86,2.07,323.19,3,30.2,65.71,10.85,2,1,0.0,999.0,0,2,178.24,2,1,3,0.0,1,0.0,2,1,73.55
1,0.0,3,1,0,1,14.5,1966,48.2,1,22.2,999.0,29.7,287.32,4.63,0.0,148.0,25.8,96,2,262.11,33.4,20,78.0,29.63,205.5,1,223.92,2,222.13,0,0,15.02,52,368.41,6.8,299.65,2,1,281.8,86.86,1.99,331.26,3,24.9,66.06,11.38,2,1,0.0,999.0,1,2,183.08,2,1,2,0.0,1,0.0,2,0,73.3
1,0.0,3,1,0,1,14.5,44853,37.9,1,28.2,999.0,33.9,201.48,4.66,0.0,222.0,29.8,9,1,170.66,33.66,40,79.0,29.92,207.0,1,280.79,2,121.05,0,10,14.78,59,419.1,6.8,372.73,2,1,211.23,24.24,1.94,371.33,3,23.4,68.52,12.33,2,1,0.0,999.0,2,2,170.45,2,1,2,0.0,1,2.0,1,0,75.3
1,0.0,3,1,0,1,14.5,978,40.2,1,26.2,346.23,33.6,168.39,6.72,1.0,179.0,45.1,8,2,134.42,34.19,40,79.5,30.06,207.0,1,251.69,2,77.34,4,9,15.13,59,452.11,7.5,415.05,2,1,183.13,76.19,1.94,400.95,3,25.9,71.77,12.36,2,1,0.0,123.48,4,2,138.39,2,1,2,1.0,1,0.0,1,0,63.85
3,0.0,3,1,0,1,14.5,1875,33.1,1,33.8,345.38,33.0,148.14,8.1,1.0,267.0,39.5,8,1,113.27,25.48,20,80.0,30.73,207.0,1,231.5,2,55.6,4,0,16.67,73,488.91,6.9,459.84,2,0,168.19,129.69,1.94,435.32,3,25.2,75.43,17.64,2,1,0.0,111.19,10,3,122.79,2,1,2,1.0,2,0.0,1,0,65.35
1,0.0,3,1,0,1,15.0,27480,37.7,1,26.0,999.0,36.3,565.85,10.79,0.0,140.0,19.0,57,1,584.69,32.49,20,75.0,27.01,208.5,1,189.37,2,537.02,0,1,9.3,72,445.19,6.3,336.18,3,1,178.89,206.64,1.95,413.06,5,29.2,75.36,9.68,2,1,0.0,999.0,5,2,365.02,2,2,3,0.0,2,0.0,2,1,72.05
1,0.0,3,1,0,1,15.0,18231,31.3,1,32.0,999.0,36.7,547.35,4.57,0.0,145.0,20.5,88,1,533.27,32.51,20,75.5,27.62,216.0,1,146.63,2,483.32,0,1,14.93,66,424.31,7.8,315.58,2,1,167.14,153.92,1.95,392.73,5,42.7,69.17,9.62,2,1,0.0,999.0,0,2,325.39,2,1,3,0.0,2,0.0,2,1,77.05
1,0.0,3,1,0,1,15.0,80691,31.3,1,34.1,999.0,34.6,505.06,3.88,0.0,164.0,21.0,91,1,482.38,31.24,10,76.0,27.79,217.5,1,113.52,2,429.62,0,1,16.33,68,409.56,7.8,303.32,2,1,172.27,102.19,1.98,379.08,3,41.7,67.6,10.17,2,1,0.0,999.0,0,2,290.41,2,1,3,0.0,1,0.0,2,1,77.55
1,0.0,3,1,0,1,15.0,146170,41.9,1,25.0,999.0,33.1,456.05,3.88,0.0,203.0,19.5,40,2,432.22,31.24,10,76.5,27.79,217.5,1,100.08,2,375.92,0,2,16.33,84,401.62,7.2,300.42,2,1,192.94,54.37,1.98,372.86,3,37.2,67.6,10.17,2,1,0.0,999.0,0,2,261.95,2,1,3,0.0,1,0.0,2,1,72.3
1,0.0,3,1,0,1,15.0,2807,51.7,1,19.9,999.0,28.4,362.26,4.55,0.0,111.0,17.1,99,2,335.39,33.54,20,77.5,29.25,229.5,1,146.63,2,268.51,0,1,16.1,53,407.41,7.1,322.89,1,1,264.1,72.53,1.99,378.68,3,21.4,65.05,10.71,2,1,0.0,999.0,1,2,233.76,2,1,2,0.0,1,0.0,2,1,74.3
1,0.0,3,1,0,1,15.0,21760,38.9,1,24.8,999.0,36.3,244.36,4.63,0.0,137.0,32.1,23,1,211.06,35.17,40,79.0,29.81,207.0,1,239.04,2,107.41,0,10,14.66,70,465.77,6.9,411.15,2,1,257.33,70.1,1.87,420.43,3,22.3,69.28,11.28,2,1,0.0,999.0,5,2,213.8,2,1,2,0.0,2,0.0,1,0,75.3
1,4.5,3,1,1,1,15.0,656,40.7,1,28.0,401.62,31.3,217.95,5.94,1.0,169.0,39.2,94,2,183.06,35.82,40,79.5,29.93,211.5,1,204.15,2,53.7,0,5,14.14,58,495.62,7.3,449.79,2,1,234.86,100.6,1.87,446.75,3,29.0,72.38,11.13,2,1,1.0,77.25,2,2,189.3,2,1,2,1.0,1,0.0,1,0,67.1
3,4.5,3,2,1,1,15.0,1006,36.8,1,35.0,400.89,28.2,202.75,7.23,1.0,196.0,46.8,92,0,168.18,26.62,20,80.0,30.63,0.0,1,178.72,2,0.0,0,0,14.28,56,529.34,7.1,491.34,2,0,223.43,145.29,1.85,462.11,3,28.5,76.3,16.77,2,1,1.0,55.6,2,3,178.24,2,1,1,3.0,2,0.0,1,0,55.55
1,4.5,3,1,3,1,15.5,135249,38.3,1,30.6,999.0,31.1,617.48,7.85,0.0,122.0,16.5,45,1,602.31,33.5,20,75.0,26.92,208.5,1,166.62,3,539.26,0,7,14.3,82,495.7,7.0,386.57,3,1,231.58,204.89,1.95,463.75,5,33.6,71.41,8.67,2,2,0.0,999.0,4,0,402.64,2,1,3,0.0,1,0.0,2,1,70.05
1,4.5,3,1,1,1,15.5,3370,39.3,1,28.6,999.0,32.1,291.58,5.05,0.0,164.0,33.4,56,1,257.18,35.09,40,79.0,29.35,190.5,1,203.99,3,120.83,0,4,15.47,48,514.22,6.9,453.15,2,1,306.59,124.19,1.87,470.97,3,25.8,69.75,11.02,2,2,0.0,999.0,1,0,217.89,2,1,2,0.0,1,0.0,1,0,70.3
3,4.5,3,1,1,1,15.5,5002,32.9,1,32.2,456.41,34.9,257.78,6.29,1.0,211.0,40.6,90,1,223.43,30.35,20,80.0,30.69,208.5,1,128.36,2,55.6,0,0,14.01,64,572.31,7.2,526.84,2,0,278.82,177.71,1.85,423.43,3,28.7,74.8,14.39,2,1,3.0,0.0,2,3,233.76,2,1,2,1.0,2,0.0,1,0,65.6
1,4.5,3,1,1,1,15.5,25709,41.6,1,28.5,999.0,29.9,320.94,5.05,0.0,162.0,18.9,34,2,288.0,35.09,40,78.5,29.35,220.5,1,218.66,3,170.25,0,1,15.47,51,491.56,6.9,421.87,1,1,332.92,126.49,1.89,452.64,3,18.0,69.75,11.02,2,2,0.0,999.0,0,0,211.27,2,1,1,0.0,1,0.0,1,0,68.0
1,5.2,3,1,31,1,16.0,112632,37.1,1,28.9,999.0,34.0,659.76,22.96,0.0,318.0,38.3,44,1,699.48,26.65,10,74.0,28.95,183.0,1,267.51,3,652.42,0,4,14.63,83,594.2,5.6,486.01,3,1,326.91,320.11,1.9,561.95,5,21.2,78.23,14.81,2,2,0.0,999.0,1,2,363.89,2,2,3,0.0,1,0.0,2,1,70.3
1,5.2,3,1,27,1,16.0,4980,45.4,1,23.3,999.0,31.2,649.68,5.63,0.0,134.0,16.9,69,2,624.39,33.42,20,75.0,27.31,208.5,1,160.76,3,547.15,0,1,17.08,51,547.19,7.0,438.23,3,1,285.37,217.82,1.95,515.45,5,34.3,67.08,9.11,2,2,0.0,999.0,0,0,403.95,2,1,3,0.0,1,0.0,2,1,63.55
1,4.5,3,1,2,1,16.0,40120,41.1,1,30.9,999.0,28.1,557.65,3.98,0.0,137.0,18.0,99,2,530.28,33.94,20,76.0,28.68,226.5,1,54.6,3,442.78,0,1,16.33,55,518.74,7.6,413.67,2,1,281.29,123.87,1.97,488.76,3,42.4,61.76,9.86,2,2,0.0,999.0,4,0,308.42,2,1,2,0.0,1,0.0,2,1,66.05
2,4.5,3,2,2,1,16.0,3221,46.6,1,25.7,999.0,27.7,513.9,3.98,0.0,138.0,30.0,87,0,485.32,33.94,20,76.5,28.68,0.0,1,11.12,3,391.16,0,0,16.33,77,512.52,7.2,411.56,2,1,294.35,88.84,1.97,483.97,3,28.7,61.76,9.86,2,2,0.0,999.0,0,0,263.83,2,1,2,0.0,1,0.0,2,1,59.05
1,4.3,3,1,1,1,16.0,44230,34.2,1,30.3,999.0,35.5,433.23,5.03,0.0,198.0,35.3,75,1,401.94,35.17,40,77.5,29.63,214.5,1,107.49,3,290.03,0,5,15.51,76,517.05,6.9,428.17,1,1,344.98,100.92,1.95,489.73,3,26.6,63.12,9.91,2,2,0.0,999.0,1,0,188.62,2,1,3,0.0,2,0.0,2,1,71.8
1,4.3,3,1,1,1,16.0,4345,29.4,1,31.7,999.0,38.9,397.71,5.24,0.0,126.0,40.6,96,1,365.01,34.81,40,78.0,29.62,208.5,1,160.76,3,241.43,0,1,14.84,62,527.66,7.5,446.11,1,1,379.3,141.17,1.88,495.06,3,31.6,65.23,10.69,2,2,0.0,999.0,1,0,164.53,2,1,3,0.0,2,0.0,2,0,75.3
1,4.5,3,1,1,1,16.0,44600,41.4,1,28.0,999.0,30.7,366.66,5.14,0.0,171.0,20.2,56,2,332.7,34.86,40,78.5,28.67,219.0,1,214.12,3,195.44,0,18,15.07,61,543.45,6.6,469.59,1,1,380.48,180.8,1.88,506.12,3,17.1,69.56,10.23,2,2,0.0,999.0,1,0,155.67,2,1,2,0.0,1,0.0,1,0,67.55
1,4.5,3,2,1,1,16.0,3052,38.8,1,26.2,512.52,35.0,323.02,4.65,1.0,125.0,21.9,51,0,288.0,36.14,40,79.5,29.6,0.0,1,129.92,3,123.43,0,2,14.83,77,588.77,7.1,530.04,2,1,341.99,193.12,1.86,433.53,3,26.8,70.95,10.26,2,2,1.0,77.16,1,0,188.62,2,1,2,0.0,1,0.0,1,0,60.6
3,4.5,3,1,1,1,16.0,2752,41.8,1,28.5,511.95,29.7,313.01,5.46,1.0,159.0,20.2,83,2,278.82,35.67,40,80.0,30.48,211.5,1,84.82,2,111.19,0,0,13.75,49,617.3,6.7,565.57,2,0,334.28,219.62,1.82,388.86,3,23.3,73.38,11.81,2,1,1.0,55.6,0,3,223.06,2,1,1,0.0,2,0.0,1,0,62.55
3,4.5,2,1,1,2,16.0,5121,34.8,1,37.2,517.05,28.0,312.09,6.55,1.0,193.0,29.3,37,1,279.85,31.6,40,80.5,30.54,204.0,2,56.61,2,123.43,2,0,13.44,76,649.07,6.7,603.82,3,0,335.14,254.81,1.82,346.58,3,24.7,77.08,13.93,2,1,1.0,77.16,0,3,263.83,2,1,1,0.0,2,0.0,1,0,59.55
3,5.2,3,1,100,1,16.0,1439,27.8,1,42.1,473.29,30.1,473.29,7.25,1.0,292.0,45.5,91,1,947.97,16.94,0,94.5,30.14,183.0,1,1144.66,2,526.43,2,1,20.78,78,896.54,6.1,859.22,1,0,874.39,1131.62,1.91,1205.34,3,28.9,80.54,18.66,2,1,0.0,917.89,4,3,973.52,2,2,2,0.0,2,0.0,2,0,65.1
3,5.6,3,1,100,1,16.0,701,25.4,1,43.8,520.14,30.8,520.14,10.56,1.0,295.0,34.0,92,1,961.61,23.34,10,95.5,30.31,184.5,1,1208.07,2,575.1,2,0,20.43,56,969.87,6.2,932.02,1,0,947.15,1218.04,1.94,1218.55,3,24.4,79.01,16.75,2,1,0.0,992.98,5,3,1045.4,2,2,2,0.0,2,0.0,2,0,63.85
1,4.5,3,1,5,1,16.5,4910,32.8,1,29.8,999.0,37.4,510.3,4.97,0.0,122.0,32.8,95,1,478.93,35.19,20,77.0,29.53,213.0,1,85.45,3,361.79,0,1,16.3,70,567.5,7.4,471.47,1,1,365.9,133.86,1.95,540.61,3,30.6,60.4,9.65,2,2,0.0,999.0,3,0,188.33,2,1,3,0.0,2,0.0,2,1,71.8
1,4.3,3,1,1,1,16.5,4925,39.0,1,29.8,999.0,31.2,442.42,5.14,0.0,143.0,12.6,79,1,408.78,34.85,20,78.0,28.87,232.5,1,173.51,3,271.35,0,4,18.51,73,581.68,6.8,497.78,1,1,421.55,177.88,1.88,550.06,3,24.5,65.27,9.74,2,2,0.0,999.0,5,0,113.33,2,1,3,0.0,1,0.0,2,0,77.05
1,4.5,3,1,1,1,16.5,72878,45.6,1,27.9,999.0,26.4,392.64,4.95,0.0,172.0,24.3,61,2,357.61,34.89,20,79.0,28.82,207.0,1,170.58,3,198.17,0,14,14.03,72,613.82,6.8,544.5,2,1,410.01,234.49,1.86,456.32,3,21.4,67.71,10.06,2,2,0.0,999.0,3,0,113.33,2,1,1,0.0,1,0.0,1,0,70.0
1,4.5,3,1,1,1,16.5,992,44.7,1,25.9,568.02,29.4,376.88,4.76,1.0,151.0,21.3,84,2,341.95,36.18,40,79.5,30.07,217.5,1,117.28,3,175.17,0,2,15.28,72,611.57,6.7,574.04,2,1,396.39,245.26,1.86,407.37,3,21.3,68.73,10.34,2,2,0.0,123.37,1,0,146.04,2,1,1,0.0,1,0.0,1,0,65.05
3,4.5,3,1,1,1,16.5,732,42.8,1,29.6,567.5,27.5,368.36,5.28,1.0,185.0,24.8,94,2,334.28,37.81,60,80.0,30.5,210.0,1,63.97,2,166.79,0,0,13.44,61,613.82,6.5,606.92,2,0,389.78,266.58,1.82,359.59,3,24.1,71.79,10.59,2,1,0.0,111.19,0,3,188.33,2,1,1,0.0,2,0.0,1,0,60.3
3,5.2,3,1,100,1,16.5,0,32.9,1,38.5,525.83,28.6,525.83,5.75,1.0,262.0,33.2,0,1,892.54,21.03,0,94.5,30.07,201.0,1,1104.0,2,578.39,2,0,20.74,0,855.37,5.9,817.75,1,0,832.92,1098.68,1.91,1149.94,3,28.1,79.31,16.13,2,1,0.0,877.67,0,3,931.7,2,2,1,0.0,2,0.0,2,0,66.3
3,5.6,3,1,100,1,16.5,5902,28.4,1,38.0,595.69,33.6,595.69,13.83,1.0,279.0,40.4,49,1,918.53,24.51,10,96.0,30.25,196.5,1,1169.21,2,650.76,2,4,21.62,63,971.92,6.1,933.84,1,0,948.82,1232.5,1.89,1173.98,3,25.2,78.17,16.08,2,1,0.0,996.58,3,3,1045.63,2,2,2,0.0,2,0.0,2,0,63.85
1,5.2,3,1,31,1,17.0,31821,33.6,1,31.2,999.0,35.2,536.96,20.73,0.0,240.0,26.5,65,1,577.76,34.02,20,73.5,27.58,202.5,1,342.51,3,729.42,0,0,18.34,77,717.05,6.3,566.88,2,1,449.66,409.38,1.77,684.81,5,24.1,74.11,10.17,2,2,0.0,999.0,0,2,241.97,2,2,3,0.0,2,0.0,2,1,68.3
1,5.2,3,1,32,1,17.0,0,37.7,1,26.3,999.0,36.1,599.15,9.15,0.0,147.0,16.9,0,1,614.58,33.43,20,74.5,27.0,216.0,1,245.87,3,628.49,0,0,18.91,0,670.19,7.1,561.14,2,1,406.67,318.49,1.87,638.36,5,26.0,67.8,9.82,2,2,0.0,999.0,0,0,288.33,2,1,3,0.0,2,0.0,2,1,70.05
1,5.2,3,1,28,1,17.0,57643,38.8,1,28.5,999.0,32.7,666.3,4.09,0.0,114.0,13.1,99,1,636.86,35.33,20,75.5,28.75,216.0,1,162.27,3,529.88,0,0,17.74,56,638.25,7.4,531.5,2,1,389.33,241.02,1.9,607.65,5,39.1,59.22,8.77,2,2,0.0,999.0,0,0,321.75,2,1,3,0.0,1,0.0,2,1,71.3
1,5.2,3,1,34,1,17.0,0,41.5,1,24.8,999.0,33.7,634.5,3.63,0.0,123.0,16.1,0,2,638.67,34.28,20,75.0,27.94,223.5,1,201.37,3,578.82,0,0,18.07,0,652.2,7.3,543.87,2,1,394.47,277.33,1.9,620.86,5,33.8,61.55,8.86,2,2,0.0,999.0,0,0,322.2,2,1,3,0.0,1,0.0,2,1,66.05
1,4.5,3,1,5,1,17.0,61009,41.9,1,25.7,999.0,32.4,625.73,4.98,0.0,117.0,12.7,99,2,595.31,36.11,20,76.0,29.32,228.0,1,133.43,3,481.9,0,0,16.5,59,628.63,7.4,524.38,2,1,391.54,212.07,1.89,599.0,3,34.1,58.46,8.71,2,2,0.0,999.0,0,0,269.25,2,1,3,0.0,1,0.0,2,1,66.05
1,4.5,3,1,5,1,17.0,2398,38.4,1,31.5,999.0,30.1,518.51,5.39,0.0,155.0,19.8,97,1,485.11,35.31,20,77.5,28.89,228.0,1,162.27,3,347.64,0,0,18.61,58,594.15,7.0,535.84,1,1,403.22,199.6,1.88,593.74,3,34.1,62.23,9.39,2,2,0.0,999.0,3,0,115.16,2,1,3,0.0,1,0.0,2,1,73.05
1,4.5,3,1,1,1,17.0,0,36.7,1,29.4,999.0,33.9,444.98,5.34,0.0,120.0,15.0,0,1,409.91,35.98,40,79.0,28.63,220.5,1,179.2,3,246.74,0,0,14.72,0,558.44,7.0,592.71,2,1,357.23,289.9,1.86,438.51,3,22.5,66.25,9.11,2,2,0.0,999.0,0,0,69.28,2,1,2,0.0,1,0.0,2,0,72.3
3,4.5,2,1,1,2,17.0,1564,39.4,1,31.0,588.81,29.6,423.09,6.53,1.0,191.0,24.8,81,1,390.51,37.68,60,80.5,29.89,208.5,2,56.61,2,228.72,2,3,11.3,62,565.76,6.7,611.57,3,0,377.62,341.6,1.83,287.49,3,20.8,74.73,10.55,2,1,0.0,175.12,1,3,217.05,2,1,1,0.0,2,0.0,2,0,57.3
3,0.0,2,1,0,2,17.0,35273,44.3,1,26.4,459.79,29.4,460.25,7.1,1.0,144.0,20.7,67,2,434.44,34.62,40,82.0,29.72,205.5,2,21.27,2,308.47,2,4,16.6,75,614.58,6.5,580.27,3,0,455.57,448.21,1.76,153.66,3,23.8,79.34,13.37,2,1,0.0,270.93,6,3,374.42,2,1,1,0.0,2,0.0,2,0,54.05
3,5.2,3,1,100,1,17.0,1742,31.6,1,38.9,578.93,29.5,578.93,6.68,1.0,315.0,39.9,84,1,837.13,18.83,0,94.5,29.89,186.0,1,1064.68,2,630.97,2,0,16.5,82,815.92,5.7,778.05,1,0,793.16,1067.6,1.82,1094.57,3,28.2,80.31,16.99,2,1,0.0,839.19,2,3,891.37,2,2,1,0.0,2,0.0,2,0,68.05
3,6.0,3,1,100,1,17.0,6997,29.4,1,39.3,596.18,31.3,596.18,4.18,1.0,216.0,33.7,93,1,843.23,31.06,20,95.0,30.69,183.0,1,1087.34,2,649.54,2,0,18.93,77,855.0,5.9,816.97,1,0,832.02,1112.64,2.02,1100.6,3,26.0,72.46,12.12,2,1,0.0,879.11,1,3,929.49,2,2,2,0.0,2,0.0,2,0,65.1
3,6.0,3,1,100,1,17.0,8771,27.6,1,41.1,617.64,31.3,617.64,5.2,1.0,225.0,33.1,96,1,852.45,32.02,20,95.5,30.89,193.5,1,1100.7,2,671.93,2,1,18.48,65,895.43,6.0,857.34,1,0,872.29,1158.3,2.02,1109.0,3,26.4,70.68,11.94,2,1,0.0,920.27,0,3,968.93,2,2,2,0.0,2,0.0,2,0,65.1
3,6.0,3,1,100,1,17.0,47059,27.6,1,38.2,642.91,34.2,642.91,9.02,1.0,229.0,34.9,13,1,864.71,32.94,20,96.0,30.42,193.5,1,1116.29,2,697.76,2,2,18.98,88,937.05,6.3,898.94,1,0,913.79,1204.48,1.98,1119.71,3,25.3,74.01,11.38,2,1,0.0,962.53,0,3,1009.53,2,2,2,0.0,2,0.0,2,0,65.1
3,6.0,3,1,100,1,17.0,3482,27.6,1,38.6,671.54,33.8,671.54,9.02,1.0,302.0,32.3,82,1,879.86,32.94,20,96.5,30.42,190.5,1,1134.0,2,726.66,2,0,18.98,57,979.71,6.2,941.63,1,0,956.36,1249.2,1.98,1132.66,3,27.2,74.01,11.38,2,1,0.0,1005.74,3,3,1051.17,2,2,2,0.0,2,0.0,2,0,64.35
1,5.2,3,1,32,1,17.5,37887,34.1,1,30.5,999.0,35.4,522.46,20.17,0.0,219.0,24.7,69,1,542.36,34.91,20,74.0,26.88,214.5,1,320.22,3,698.16,0,3,18.19,85,742.21,6.6,552.84,2,1,476.66,394.36,1.87,710.2,5,36.2,72.86,9.07,2,2,0.0,999.0,1,2,212.46,2,1,3,0.0,2,0.0,2,1,70.05
1,5.2,3,1,34,1,17.5,4420,37.5,1,26.8,999.0,35.8,595.34,3.85,0.0,120.0,13.1,94,1,590.66,35.3,20,75.0,28.15,234.0,1,239.11,3,601.76,0,2,18.81,68,687.02,7.5,597.45,2,1,449.4,317.67,1.9,674.27,5,39.8,59.95,8.21,2,2,0.0,999.0,0,0,284.25,2,1,3,0.0,2,0.0,2,1,70.05
1,4.5,3,1,5,1,17.5,6037,38.7,1,31.6,999.0,29.7,628.13,5.51,0.0,155.0,14.4,59,1,595.76,35.86,20,76.5,29.13,222.0,1,177.91,3,465.67,0,0,17.24,57,590.66,7.1,578.31,1,1,420.63,248.32,1.89,650.69,3,33.4,58.05,9.08,2,2,0.0,999.0,0,0,212.45,2,1,2,0.0,1,0.0,2,1,74.55
1,4.5,3,1,5,1,17.5,6267,35.0,1,31.0,999.0,33.9,594.77,5.77,0.0,163.0,17.1,96,1,561.55,35.71,20,77.0,28.8,228.0,1,185.71,3,424.05,0,0,16.61,62,564.61,6.8,581.79,1,1,385.62,244.86,1.88,637.81,3,33.9,59.75,8.89,2,2,0.0,999.0,2,0,159.5,2,1,3,0.0,1,0.0,2,1,73.8
1,4.5,3,1,1,1,17.5,22530,38.4,1,25.7,999.0,35.9,498.03,6.14,0.0,132.0,14.7,56,1,462.98,36.91,20,79.0,28.27,225.0,1,203.25,3,297.78,0,4,15.92,64,503.1,7.2,577.63,2,1,301.88,331.69,1.86,427.23,3,24.0,65.24,8.09,2,2,0.0,999.0,2,0,54.19,2,1,2,0.0,2,0.0,2,0,72.3
1,4.5,3,1,1,1,17.5,2564,39.1,1,33.0,657.35,27.9,485.77,6.3,1.0,131.0,14.7,72,1,451.06,37.77,40,79.5,29.58,220.5,1,161.39,3,283.06,0,3,12.61,72,500.38,6.9,565.7,2,1,300.96,352.73,1.86,374.8,3,23.6,65.84,9.23,2,2,0.0,228.69,1,0,106.66,2,1,1,0.0,1,0.0,2,0,72.3
3,4.5,3,1,1,1,17.5,3271,36.3,1,36.4,609.71,27.2,479.22,7.04,1.0,165.0,16.4,42,1,445.3,38.14,40,80.0,29.77,214.5,1,128.2,2,277.99,0,2,12.17,66,503.1,6.7,558.42,2,0,309.13,367.8,1.83,322.53,3,20.5,69.31,9.36,2,1,0.0,222.39,0,3,159.5,2,1,1,0.0,2,0.0,2,0,68.55
3,4.5,2,1,1,2,17.5,3262,43.2,1,30.0,561.85,26.8,478.62,7.72,1.0,216.0,27.4,82,2,445.94,38.54,40,80.5,29.67,210.0,2,111.7,2,283.06,2,4,12.5,73,511.2,6.4,555.97,2,0,325.7,389.67,1.83,270.53,3,18.1,72.89,9.34,2,1,0.0,228.69,1,3,212.45,2,2,1,0.0,2,0.0,2,0,55.8
3,4.5,2,1,1,2,17.5,2651,45.6,1,29.7,514.93,24.7,483.99,7.91,1.0,298.0,30.8,64,2,452.96,37.81,60,81.0,29.38,183.0,2,101.53,2,297.78,2,8,15.34,58,524.41,5.9,558.42,3,0,349.47,416.21,1.8,218.98,3,20.3,75.64,10.29,1,1,0.0,246.62,0,3,265.43,2,2,1,0.0,2,0.0,2,0,53.55
3,4.5,2,1,1,2,17.5,72871,38.7,1,35.5,469.24,25.8,495.14,7.91,1.0,258.0,31.5,26,1,466.07,37.81,60,81.5,29.38,181.5,2,64.08,2,320.8,2,6,15.34,67,542.36,5.8,563.38,3,0,379.1,411.55,1.8,168.3,3,23.7,75.64,10.29,2,1,0.0,273.92,0,3,318.42,2,2,1,0.0,2,0.0,2,0,53.55
3,0.0,2,1,0,1,17.5,84461,34.9,1,38.6,344.36,26.5,558.92,7.46,1.0,170.0,24.8,2,1,344.36,22.75,0,83.0,29.7,204.0,2,139.03,2,424.05,2,0,24.04,44,620.04,6.8,483.12,2,0,491.62,436.84,1.79,55.6,3,23.3,82.39,16.96,2,1,0.0,389.54,0,3,477.47,2,1,1,0.0,2,0.0,2,0,69.3
3,6.0,3,1,100,1,17.5,0,33.9,1,39.5,648.25,26.7,648.25,4.14,1.0,218.0,28.5,0,1,788.25,31.31,20,95.0,30.18,201.0,1,1033.31,2,701.15,2,0,17.59,0,819.17,5.9,781.06,1,0,795.99,1084.67,2.02,1045.55,3,26.4,72.3,11.83,2,1,0.0,844.23,0,3,892.4,2,2,1,0.0,2,0.0,2,0,65.55
3,6.0,3,1,100,1,17.5,2698,32.7,1,40.8,691.37,26.5,691.37,6.96,1.0,256.0,28.2,63,1,811.12,34.73,20,96.0,30.29,193.5,1,1063.63,2,745.93,2,0,10.55,76,904.25,5.6,866.2,1,0,880.87,1174.84,1.98,1065.58,3,25.8,71.45,9.92,2,1,0.0,930.54,1,3,975.26,2,2,1,0.0,2,0.0,2,0,67.55
3,6.0,3,1,100,1,17.5,5876,32.1,1,40.3,718.0,27.6,718.0,6.96,1.0,188.0,29.2,76,1,827.21,34.73,20,96.5,30.29,199.5,1,1082.15,2,772.98,2,1,10.55,75,948.25,6.1,910.3,1,0,924.83,1220.52,1.98,1079.13,3,25.8,71.45,9.92,2,1,0.0,975.04,1,3,1018.17,2,2,1,0.0,2,0.0,2,0,67.55
3,6.0,3,1,84,1,17.5,3238,37.1,1,34.3,747.56,28.6,747.56,9.16,1.0,237.0,31.5,100,1,846.17,34.78,20,97.0,29.57,192.0,1,1102.76,2,802.72,2,0,10.22,99,993.05,5.7,955.22,1,0,969.62,1266.69,1.77,1094.94,3,26.2,77.67,9.07,2,1,0.0,1020.28,3,3,1061.91,2,2,1,0.0,2,0.0,2,0,66.8
1,5.2,3,1,31,1,18.0,0,30.2,1,30.3,999.0,39.5,445.91,18.49,0.0,291.0,31.2,0,1,471.57,36.21,20,73.5,26.18,199.5,1,370.92,3,768.99,0,0,17.07,0,768.51,6.1,476.27,3,1,445.91,470.42,1.75,782.99,5,25.9,72.69,7.37,2,2,0.0,999.0,0,2,137.7,2,2,3,0.0,2,0.0,1,1,65.8
1,5.2,3,3,32,1,18.0,198808,28.3,1,29.3,999.0,42.5,558.95,4.2,0.0,165.0,16.6,92,1,544.09,35.66,20,75.0,28.47,228.0,1,282.8,3,628.77,0,6,16.87,57,647.13,7.2,588.95,2,1,504.48,362.07,1.85,728.0,5,31.2,59.1,8.46,3,2,0.0,999.0,4,0,252.92,2,1,3,0.0,2,0.0,2,1,62.3
1,5.2,3,3,15,1,18.0,2419,25.5,1,27.6,999.0,47.0,601.06,4.95,0.0,120.0,12.6,94,1,575.75,35.5,20,75.5,28.88,235.5,1,256.59,3,584.28,0,0,19.05,64,610.25,7.7,630.73,1,1,468.22,335.22,1.85,716.81,5,40.3,57.64,8.91,3,2,0.0,999.0,1,0,300.13,2,1,3,0.0,2,0.0,2,1,65.55
1,4.5,3,1,6,1,18.0,18264,25.5,1,35.7,999.0,38.8,644.66,5.72,0.0,150.0,13.5,44,1,610.25,35.68,20,76.0,28.44,231.0,1,239.49,3,541.38,0,4,19.33,76,575.75,7.3,635.26,1,1,424.32,315.16,1.86,709.53,3,48.4,58.42,8.54,2,2,0.0,999.0,0,0,273.1,2,1,3,0.0,2,0.0,2,1,72.55
1,4.5,3,1,5,1,18.0,8129,33.2,1,30.8,999.0,36.0,608.07,5.81,0.0,139.0,11.2,99,1,606.29,35.9,20,77.0,28.23,225.0,1,239.49,3,462.11,0,0,18.28,59,515.78,7.0,619.35,1,1,343.86,300.42,1.86,634.49,3,33.5,59.77,8.26,2,2,0.0,999.0,0,0,172.33,2,1,3,0.0,2,0.0,2,1,72.55
1,4.4,3,1,4,1,18.0,51954,34.5,1,29.4,999.0,36.1,577.29,6.55,0.0,155.0,14.4,88,1,577.77,36.77,20,77.5,28.36,234.0,1,256.59,3,426.97,0,1,17.93,62,491.4,7.1,590.13,1,1,309.21,306.95,1.86,581.62,3,33.0,60.87,7.78,2,2,0.0,999.0,1,0,125.19,2,1,3,0.0,2,0.0,2,1,75.05
1,4.4,3,1,4,1,18.0,39615,40.5,1,22.7,999.0,36.8,549.75,6.58,0.0,129.0,12.0,48,1,552.97,37.05,20,78.0,28.48,247.5,1,282.8,3,395.9,0,5,18.67,70,471.57,8.1,564.22,1,1,280.18,322.28,1.84,528.75,3,36.5,62.13,7.72,2,2,0.0,999.0,0,0,85.18,2,1,3,0.0,2,0.0,2,0,76.55
1,4.3,3,1,1,1,18.0,53166,40.7,1,24.4,999.0,35.0,525.97,6.78,0.0,172.0,18.3,62,2,532.41,38.12,40,78.5,28.44,237.0,1,278.47,3,369.93,0,6,15.82,56,456.88,7.2,542.1,1,1,258.67,345.23,1.84,475.88,3,33.1,63.69,7.54,2,2,0.0,999.0,1,0,66.72,2,1,2,0.0,1,0.0,2,0,70.05
3,4.5,3,1,1,1,18.0,23762,41.4,1,32.9,588.84,25.7,482.22,8.21,1.0,116.0,16.1,25,2,500.83,38.95,40,80.0,29.69,219.0,1,178.55,2,333.58,0,5,12.12,64,447.84,6.7,503.09,2,0,255.45,393.31,1.79,317.25,3,21.6,67.55,8.72,2,1,0.0,277.99,0,3,172.33,2,1,1,0.0,2,0.0,2,0,63.3
3,0.0,2,1,0,2,18.0,5895,36.5,1,36.7,442.28,26.8,487.28,9.79,1.0,155.0,32.2,87,1,442.28,38.84,60,81.5,29.16,199.5,2,115.66,2,369.93,2,1,15.17,64,491.4,6.4,511.13,2,0,336.56,355.98,1.78,158.63,3,17.2,73.65,9.17,2,1,0.0,320.59,0,3,324.72,2,2,1,0.0,2,0.0,2,0,58.55
3,0.0,2,1,0,2,18.0,4777,39.3,1,29.2,350.06,31.5,517.62,8.93,1.0,325.0,41.9,7,1,350.06,37.57,20,82.5,25.75,165.0,2,133.7,2,426.97,2,0,17.31,72,544.09,5.9,457.58,2,0,415.78,368.1,1.74,52.88,3,19.8,78.57,6.72,2,1,0.0,384.86,0,3,428.93,2,2,2,0.0,2,0.0,2,0,64.35
3,4.2,2,1,1,1,18.0,237038,38.5,1,35.2,267.6,26.3,565.86,7.56,1.0,198.0,16.6,38,1,267.6,23.39,0,83.5,29.66,207.0,2,211.81,2,385.91,2,1,22.72,76,610.25,6.3,412.27,2,0,504.53,407.69,1.73,52.88,3,19.4,82.26,16.11,2,1,0.0,422.34,7,3,533.82,2,2,1,0.0,2,0.0,2,0,66.05
3,6.0,3,1,100,1,18.0,986,33.2,1,39.0,686.33,27.8,686.33,10.66,1.0,303.0,51.2,71,1,726.39,19.37,0,94.5,28.92,187.5,1,967.25,2,737.46,2,4,13.5,57,743.18,5.8,705.07,1,0,719.95,1010.52,1.79,983.89,3,26.9,81.05,16.0,2,1,0.0,768.51,7,3,816.07,2,2,1,0.0,2,0.0,2,0,68.55
3,6.0,3,1,100,1,18.0,84,33.6,1,41.9,700.86,24.6,700.86,4.24,1.0,289.0,47.7,54,1,733.37,31.37,20,95.0,29.18,181.5,1,979.46,2,753.33,2,1,16.61,68,785.64,5.6,747.56,1,0,762.3,1055.44,2.08,990.56,3,22.3,72.44,11.25,1,1,0.0,811.66,1,3,857.3,2,2,1,0.0,2,0.0,2,0,70.8
3,6.0,3,1,100,1,18.0,255,29.5,1,36.2,719.12,34.3,719.12,4.17,1.0,239.0,29.7,94,1,743.9,33.26,20,95.5,31.21,198.0,1,994.17,2,772.62,2,0,15.89,86,829.21,6.3,791.22,1,0,805.81,1101.0,2.08,999.82,3,23.7,64.96,11.07,2,1,0.0,855.82,2,3,899.66,2,2,2,0.0,2,0.0,2,0,65.1
3,6.0,3,1,100,1,18.0,2198,34.8,1,37.9,740.83,27.3,740.83,6.09,1.0,301.0,38.9,97,1,757.82,35.2,20,96.0,29.76,178.5,1,1011.29,2,795.07,2,1,7.51,57,873.73,5.6,835.86,1,0,850.3,1147.11,2.03,1011.61,3,20.1,69.63,9.16,2,1,0.0,900.84,1,3,943.0,2,2,1,0.0,2,0.0,2,0,67.55
3,6.0,3,1,94,1,18.0,49,39.7,1,31.8,793.4,28.6,793.4,7.71,1.0,498.0,65.5,9,1,795.11,35.16,20,97.0,29.11,169.5,1,1052.23,2,848.45,2,2,8.07,25,965.08,5.7,927.53,1,0,941.67,1240.74,1.82,1042.39,3,28.5,74.4,8.53,2,1,0.0,992.99,1,3,1032.1,2,2,1,0.0,2,0.0,2,0,67.55
1,5.2,3,1,33,1,18.5,95950,35.8,1,28.9,272.09,35.4,369.52,25.56,1.0,337.0,26.2,90,1,402.92,33.26,20,73.0,28.8,187.5,1,338.74,2,840.66,0,0,17.53,74,781.67,6.4,399.86,3,1,369.52,546.55,1.75,856.46,2,27.5,75.23,10.78,2,1,0.0,999.0,1,2,67.54,2,2,3,0.0,2,0.0,1,1,67.85
1,5.2,3,3,31,1,18.5,636922,33.3,1,26.0,999.0,40.7,404.17,16.61,0.0,295.0,36.5,36,1,419.45,36.64,20,73.5,25.85,207.0,1,317.92,3,793.87,0,1,19.03,64,736.91,6.5,434.56,3,1,404.17,507.36,1.75,833.3,2,34.2,72.25,6.56,3,2,0.0,999.0,0,2,91.87,2,1,3,0.0,2,0.0,1,1,60.55
1,5.2,3,3,19,1,18.5,190809,24.9,1,26.3,999.0,48.8,525.93,4.59,0.0,131.0,11.5,97,1,499.36,35.86,20,75.0,28.14,231.0,1,304.75,3,659.37,0,1,17.29,52,609.7,7.6,555.43,2,1,486.57,409.22,1.85,781.99,5,45.3,58.97,8.27,3,2,0.0,999.0,1,0,230.9,2,1,3,0.0,2,0.0,1,1,63.05
1,4.5,3,3,6,1,18.5,1786,24.8,1,31.3,999.0,43.9,570.35,5.21,0.0,109.0,10.7,97,1,533.59,35.86,20,75.5,28.09,228.0,1,308.0,3,617.21,0,0,17.5,58,570.53,7.4,599.43,2,1,441.19,385.73,1.85,771.61,5,48.4,58.14,8.27,3,2,0.0,999.0,1,0,281.69,2,1,3,0.0,2,0.0,2,1,63.05
1,4.5,3,3,5,1,18.5,1646,26.8,1,32.5,999.0,40.7,616.0,5.74,0.0,126.0,11.8,26,1,570.53,36.68,20,76.0,28.07,232.5,1,293.94,3,576.87,0,3,19.97,72,533.59,7.2,644.66,1,1,394.44,368.48,1.86,741.25,5,43.4,58.24,7.56,3,2,0.0,999.0,0,0,291.37,2,1,3,0.0,2,0.0,2,1,65.55
1,4.4,3,1,4,1,18.5,659,35.7,1,26.2,999.0,38.1,531.85,6.7,0.0,131.0,14.3,91,1,626.36,37.83,40,77.5,29.06,220.5,1,308.0,3,471.48,0,2,17.9,54,441.56,7.3,543.51,1,1,267.19,361.5,1.86,583.44,5,28.3,58.94,7.74,2,2,0.0,999.0,0,0,161.71,2,1,3,0.0,2,0.0,2,1,71.8
1,4.4,3,1,4,1,18.5,19700,45.6,1,25.9,999.0,28.5,501.92,6.87,0.0,140.0,16.5,57,2,603.62,37.64,40,78.0,29.06,217.5,1,330.1,3,443.61,0,6,17.94,63,419.45,8.2,515.35,1,1,233.09,374.57,1.84,530.91,5,45.3,60.29,8.25,2,2,0.0,999.0,0,0,133.26,2,1,2,0.0,1,0.0,2,0,70.05
1,0.0,3,1,0,1,18.5,4191,28.1,1,32.8,999.0,39.1,454.24,7.09,0.0,128.0,12.7,18,1,570.57,38.72,40,79.0,29.14,216.0,1,279.72,3,403.48,0,13,15.27,56,392.66,7.1,471.4,1,1,191.63,405.04,1.82,426.04,5,34.1,61.43,8.09,2,2,0.0,999.0,0,0,133.26,2,1,2,0.0,2,0.0,2,0,74.05
1,0.0,3,1,0,1,18.5,1806,25.0,1,40.1,623.82,34.9,437.81,7.72,1.0,127.0,16.0,72,1,560.98,40.55,40,79.5,29.88,217.5,1,251.12,3,392.81,0,4,13.12,60,389.18,7.1,456.8,1,1,190.19,371.97,1.82,373.76,5,27.7,62.71,7.4,2,2,0.0,337.79,0,0,161.71,2,1,2,0.0,1,0.0,2,0,76.85
3,0.0,3,1,0,1,18.5,1115,39.4,1,32.0,572.62,28.6,427.14,9.34,1.0,161.0,16.9,32,1,556.39,40.21,60,80.0,30.0,217.5,1,231.31,2,389.18,0,4,11.95,58,392.66,6.8,447.82,2,0,202.79,343.7,1.79,321.64,5,23.1,65.47,8.02,2,1,0.0,333.58,0,3,200.34,2,1,1,0.0,2,0.0,2,0,68.05
3,0.0,2,1,0,2,18.5,4200,41.6,1,32.4,521.68,26.1,422.67,10.77,1.0,219.0,25.8,0,2,521.68,39.39,60,80.5,29.36,210.0,2,216.27,2,392.81,2,0,11.68,57,402.92,6.7,444.78,2,0,227.11,321.51,1.79,269.79,5,18.5,68.87,8.62,2,1,0.0,337.79,0,3,244.37,2,1,1,0.0,2,0.0,2,0,57.05
3,0.0,2,1,0,2,18.5,1004,39.2,1,31.4,471.09,29.4,424.59,11.5,1.0,149.0,19.9,93,1,471.09,39.52,40,81.0,28.12,207.0,2,187.07,2,403.48,2,0,13.65,70,419.45,6.6,447.82,2,0,259.88,306.71,1.78,218.4,5,15.9,73.01,7.72,2,1,0.0,350.12,0,3,291.37,2,1,1,0.0,2,0.0,2,0,65.3
3,0.0,2,1,0,2,18.5,800,41.2,1,32.4,420.97,26.4,432.82,11.5,1.0,179.0,20.4,79,2,420.97,39.52,40,81.5,28.12,202.5,2,169.79,2,420.67,2,0,13.65,79,441.56,6.0,456.8,2,0,298.33,300.41,1.78,167.88,5,18.7,73.01,7.72,2,1,0.0,369.75,0,3,340.09,2,2,1,0.0,2,0.0,2,0,58.3
3,0.0,2,1,0,2,18.5,5352,38.3,1,37.6,371.52,24.1,447.01,11.47,1.0,181.0,23.2,91,1,371.52,38.79,40,82.0,27.82,199.5,2,168.13,2,443.61,2,3,17.41,67,468.46,6.4,443.67,2,0,340.53,303.13,1.74,119.34,5,17.2,73.28,7.72,1,1,0.0,395.59,0,3,389.91,2,2,1,0.0,2,0.0,2,0,66.8
3,0.0,2,1,0,2,18.5,3561,45.2,1,27.9,323.04,26.9,466.62,11.19,1.0,183.0,31.5,86,2,323.04,36.94,20,82.5,25.07,190.5,2,182.52,2,451.8,2,1,17.92,70,499.36,6.1,411.11,2,0,385.26,314.63,1.74,76.67,5,17.3,76.22,6.1,2,1,0.0,426.53,1,3,440.44,2,2,1,0.0,2,0.0,2,0,59.55
3,4.2,2,1,1,1,18.5,3343,35.9,1,32.0,231.46,32.1,519.46,7.69,1.0,146.0,17.8,70,1,231.46,35.51,40,83.5,29.16,193.5,2,222.39,2,356.36,2,5,19.01,62,570.53,6.1,360.17,1,0,479.44,360.02,1.73,76.67,5,22.3,78.07,10.17,2,1,0.0,390.75,0,3,542.85,2,2,2,0.0,2,0.0,2,0,65.6
3,4.2,2,1,1,1,18.5,7354,33.4,1,35.9,190.95,30.7,551.39,7.69,1.0,234.0,30.6,80,1,190.95,35.51,40,84.0,29.16,198.0,2,228.48,2,310.95,2,1,19.01,66,609.33,6.5,343.9,2,0,528.05,391.31,1.74,119.34,5,21.0,78.07,10.17,2,1,0.0,346.76,3,3,530.08,2,1,2,0.0,2,0.0,2,0,64.1
3,6.0,3,1,100,1,18.5,197,37.5,1,33.6,814.36,28.9,814.36,5.68,1.0,182.0,25.7,84,1,723.21,34.77,20,96.5,29.31,196.5,1,979.67,2,868.86,2,2,7.12,39,892.37,5.7,855.01,1,0,868.99,1168.9,2.03,972.78,5,19.6,67.59,9.08,2,1,0.0,920.62,0,3,958.4,2,2,1,0.0,2,0.0,2,0,67.55
3,6.0,3,1,100,1,18.5,212,40.6,1,31.8,791.1,27.7,791.1,5.68,1.0,258.0,40.9,98,2,704.88,34.77,20,96.0,29.31,177.0,1,959.31,2,845.01,2,1,7.12,72,845.76,5.6,808.2,1,0,822.34,1121.43,2.03,957.82,5,20.2,67.59,9.08,2,1,0.0,873.65,1,3,912.97,2,2,1,0.0,2,0.0,2,0,62.3
3,6.0,3,1,100,1,18.5,20,34.9,1,31.6,840.41,33.4,840.41,7.14,1.0,361.0,62.3,7,1,744.69,36.09,20,97.0,27.63,162.0,1,1002.24,2,895.29,2,0,9.84,6,939.56,5.7,902.41,1,0,916.23,1216.75,1.82,990.17,5,25.8,72.71,6.46,2,1,0.0,968.12,2,3,1004.47,2,2,2,0.0,2,0.0,2,0,67.1
1,5.2,3,1,11,1,19.0,36351,34.1,1,27.9,999.0,38.1,407.72,16.66,0.0,162.0,22.3,44,1,393.26,36.9,20,74.0,26.24,222.0,1,250.14,3,777.59,0,2,18.13,79,662.79,7.0,437.44,3,1,382.64,513.97,1.82,865.2,5,30.7,70.29,6.86,2,2,0.0,999.0,3,2,116.15,2,1,3,0.0,2,0.0,1,1,66.8
1,4.5,3,3,3,1,19.0,106205,29.6,1,26.6,999.0,43.8,496.95,5.01,0.0,136.0,13.1,85,1,457.03,37.08,20,75.0,27.83,220.5,1,250.14,3,693.07,0,1,17.86,65,575.21,7.2,525.66,2,1,443.05,458.26,1.81,836.19,5,43.8,58.76,7.07,3,2,0.0,999.0,1,0,221.0,2,1,3,0.0,2,0.0,1,1,63.05
1,4.4,3,1,3,1,19.0,3375,33.1,1,26.9,999.0,40.0,524.31,6.06,0.0,134.0,10.9,65,1,618.36,38.68,40,77.0,28.99,237.0,1,348.76,3,547.3,0,18,17.49,51,423.15,7.4,532.78,1,1,275.4,411.56,1.8,642.35,5,36.9,57.38,7.08,2,2,0.0,999.0,0,0,238.24,2,1,3,0.0,2,0.0,2,1,71.8
1,0.0,3,1,0,1,19.0,14297,26.6,1,39.9,999.0,33.5,402.93,7.79,0.0,143.0,13.2,48,1,624.83,39.67,40,79.0,29.36,226.5,1,325.55,3,457.31,0,4,14.8,74,337.62,7.0,419.26,1,1,137.08,365.43,1.77,436.19,5,26.9,60.55,7.74,2,2,0.0,999.0,0,0,185.59,2,1,2,0.0,1,0.0,2,0,77.3
1,0.0,3,1,0,1,19.0,5196,26.2,1,38.1,613.42,35.7,384.37,8.89,1.0,127.0,13.8,27,1,613.42,41.15,60,79.5,29.88,234.0,1,301.4,3,447.94,0,6,13.19,75,333.58,7.0,402.83,1,1,135.07,328.51,1.77,385.45,5,34.7,61.92,7.02,2,2,0.0,392.79,1,0,206.91,2,1,2,0.0,2,0.0,2,0,72.6
3,0.0,3,1,0,1,19.0,2997,26.9,1,37.0,561.44,36.2,372.21,10.56,1.0,158.0,17.2,48,1,561.44,40.99,60,80.0,30.03,214.5,1,285.16,2,444.78,0,3,11.5,71,337.62,6.9,392.64,1,0,152.25,296.23,1.77,335.31,5,26.1,64.04,7.51,2,1,0.0,389.18,0,3,238.24,2,1,2,0.0,2,0.0,2,0,70.1
3,0.0,2,1,0,2,19.0,2927,36.4,1,32.5,509.55,31.1,367.09,11.65,1.0,143.0,27.5,91,1,509.55,39.6,40,80.5,28.78,211.5,2,261.45,2,447.94,2,0,9.59,36,349.46,6.0,389.18,2,0,183.32,270.25,1.77,286.11,5,18.2,67.65,8.03,2,1,0.0,392.79,0,3,276.19,2,2,2,0.0,2,0.0,2,0,63.1
3,0.0,2,1,0,2,19.0,2265,38.7,1,29.7,457.78,31.6,369.3,12.09,1.0,191.0,22.5,93,1,457.78,39.91,40,81.0,27.17,220.5,2,237.94,2,457.31,2,1,12.25,71,368.35,6.6,392.64,2,0,222.52,252.52,1.77,238.41,5,19.7,71.36,6.37,2,1,0.0,403.4,0,3,318.41,2,1,2,0.0,2,0.0,2,0,64.85
3,0.0,2,1,0,2,19.0,7075,41.3,1,33.5,406.19,25.2,378.7,12.09,1.0,211.0,36.9,85,2,406.19,39.91,40,81.5,27.17,201.0,2,224.64,2,472.5,2,0,12.25,63,393.26,5.8,402.83,2,0,266.29,244.85,1.77,193.34,5,30.7,71.36,6.37,2,1,0.0,420.51,0,3,363.41,2,2,1,0.0,2,0.0,2,0,58.3
3,0.0,2,1,0,2,19.0,100084,34.9,1,34.4,354.85,30.7,394.79,12.32,1.0,175.0,21.1,39,1,354.85,40.15,40,82.0,26.63,211.5,2,223.39,2,484.58,2,7,16.57,84,423.15,6.5,403.21,2,0,312.72,248.17,1.75,153.24,5,35.9,73.87,5.54,2,1,0.0,443.34,0,3,410.27,2,1,2,0.0,2,0.0,2,0,62.85
3,0.0,2,1,0,1,19.0,7160,38.2,1,34.3,253.54,27.5,443.83,10.2,1.0,219.0,27.5,97,1,253.54,38.05,20,83.0,25.96,190.5,2,174.81,2,383.33,2,1,18.16,59,494.08,6.1,335.45,1,0,409.89,284.98,1.67,111.19,5,16.2,74.37,6.35,2,1,0.0,413.53,1,3,507.52,2,2,1,0.0,2,0.0,2,0,69.3
3,4.2,2,1,1,1,19.0,3441,46.0,1,25.1,114.47,29.0,547.03,8.45,1.0,250.0,32.9,42,2,114.47,34.27,20,84.5,28.2,189.0,2,196.9,2,237.29,2,0,16.89,75,558.37,6.3,279.74,2,0,547.03,360.01,1.74,193.34,5,19.1,80.24,10.13,2,1,0.0,271.97,0,3,457.94,2,2,1,0.0,2,0.0,2,0,61.55
3,6.0,3,1,100,1,19.0,174,38.9,1,33.5,794.76,27.6,794.76,9.52,1.0,350.0,46.6,97,1,615.83,29.52,0,94.5,27.56,177.0,1,858.76,2,845.15,2,1,9.67,77,680.86,5.5,643.08,1,0,657.43,955.3,1.79,873.33,5,25.6,77.91,10.21,2,1,0.0,708.26,4,3,749.71,2,2,1,0.0,2,0.0,2,0,69.3
3,6.0,3,1,100,1,19.0,780,37.9,1,30.8,807.28,31.4,807.28,4.57,1.0,220.0,30.6,98,1,623.99,33.26,20,95.0,30.02,190.5,1,872.39,2,858.96,2,1,14.35,51,726.7,6.1,689.13,1,0,703.28,1002.42,1.87,880.79,5,21.9,66.93,10.38,2,1,0.0,754.58,0,3,794.12,2,2,2,0.0,2,0.0,2,0,67.1
3,6.0,3,1,100,1,19.0,691,38.1,1,27.4,823.1,34.6,823.1,4.01,1.0,229.0,42.5,98,1,636.25,34.89,20,95.5,30.26,199.5,1,888.77,2,875.84,2,1,13.39,51,773.31,6.5,735.98,1,0,749.94,1049.98,1.87,891.13,5,20.4,63.57,9.51,2,1,0.0,801.61,0,3,839.4,2,1,2,0.0,2,0.0,2,0,68.85
1,4.3,3,3,3,1,19.5,12804,23.7,1,30.2,999.0,46.1,378.17,17.23,0.0,167.0,17.9,18,1,347.15,37.3,20,74.0,26.48,219.0,1,196.09,3,809.97,0,7,16.96,68,635.8,6.9,406.95,3,1,335.11,559.23,1.82,917.79,5,43.6,67.92,6.66,3,2,0.0,999.0,4,2,123.71,2,1,3,0.0,2,0.0,1,1,62.3
1,4.4,3,3,3,1,19.5,7067,24.7,1,30.4,999.0,44.9,527.51,6.1,0.0,137.0,14.1,100,1,544.21,39.14,40,76.5,28.83,240.0,1,281.43,3,623.24,0,0,15.04,63,417.81,7.5,532.57,1,1,303.01,468.94,1.81,704.38,5,41.8,56.67,6.86,3,2,0.0,999.0,3,0,314.68,2,1,3,0.0,2,0.0,2,1,64.05
1,4.4,3,3,3,1,19.5,4719,26.2,1,29.1,999.0,44.7,486.56,6.97,0.0,129.0,10.9,99,1,589.49,38.77,40,77.0,28.95,235.5,1,321.96,3,593.13,0,0,16.23,54,380.57,7.2,493.19,1,1,252.83,467.14,1.8,653.36,5,41.4,57.28,7.02,3,2,0.0,999.0,2,0,282.06,2,1,3,0.0,2,0.0,2,1,64.8
1,4.4,3,3,2,1,19.5,2659,28.0,1,27.8,999.0,44.2,447.89,7.84,0.0,138.0,11.8,95,1,635.8,39.52,40,77.5,28.9,241.5,1,365.43,3,566.4,0,0,17.17,61,347.15,7.1,456.32,1,1,203.71,467.35,1.8,602.61,5,38.3,58.55,6.71,3,2,0.0,999.0,5,0,256.22,2,1,3,0.0,2,0.0,2,1,64.05
1,0.0,3,3,0,1,19.5,2318,31.2,1,26.3,999.0,42.5,412.14,8.33,0.0,133.0,12.4,96,1,682.93,40.3,40,78.0,29.11,229.5,1,392.9,3,543.56,0,0,17.06,66,318.75,7.0,422.62,1,1,156.67,420.21,1.78,552.22,5,38.6,59.44,6.64,3,2,0.0,999.0,1,0,239.39,2,1,3,0.0,2,0.0,2,0,66.3
1,0.0,3,1,0,1,19.5,3987,26.0,1,35.0,999.0,39.0,380.14,8.81,0.0,150.0,12.2,55,1,691.32,41.13,40,78.5,29.24,232.5,1,400.73,3,525.1,0,3,14.99,82,296.79,7.0,392.9,1,1,114.28,374.39,1.78,502.29,5,38.2,60.73,6.45,2,2,0.0,999.0,0,0,233.51,2,1,2,0.0,2,0.0,2,0,76.05
1,0.0,3,1,0,1,19.5,2467,24.3,1,38.1,999.0,37.6,352.92,8.81,0.0,159.0,20.8,35,1,660.27,41.13,40,79.0,29.24,231.0,1,374.03,3,511.51,0,2,14.99,65,282.81,7.0,368.13,1,1,83.92,330.45,1.77,452.98,5,33.7,60.73,6.45,2,2,0.0,999.0,0,0,239.39,2,1,2,0.0,2,0.0,2,0,76.05
1,0.0,3,1,0,1,19.5,2933,28.6,1,34.2,607.94,37.2,331.65,10.36,1.0,181.0,18.6,75,1,607.94,41.56,60,79.5,29.57,228.0,1,353.28,3,503.18,0,1,12.63,69,277.99,7.0,349.36,1,1,80.6,289.24,1.77,404.5,5,29.5,62.09,6.6,2,2,0.0,447.93,0,0,256.22,2,1,2,0.0,2,0.0,2,0,72.6
3,0.0,2,1,0,2,19.5,1283,41.2,1,24.7,450.97,34.2,314.11,12.28,1.0,268.0,25.6,79,2,450.97,40.08,40,81.0,26.86,211.5,2,283.9,2,511.51,2,1,12.6,63,318.75,6.0,337.6,1,0,194.09,199.11,1.77,268.63,5,29.2,69.69,5.73,2,1,0.0,457.24,0,3,352.21,2,2,2,0.0,2,0.0,2,0,60.35
3,0.0,2,1,0,2,19.5,3707,43.6,1,28.1,346.39,28.3,343.63,12.26,1.0,181.0,20.7,97,2,346.39,39.82,40,82.0,26.04,214.5,2,192.17,2,474.2,2,0,17.25,61,380.57,6.3,366.73,1,0,292.91,193.58,1.75,197.25,5,28.6,73.0,5.51,2,1,0.0,492.74,2,3,436.8,2,2,1,0.0,2,0.0,2,0,58.8
3,0.0,2,1,0,2,19.5,1309,43.0,1,28.9,294.14,28.1,368.62,12.08,1.0,190.0,22.0,98,2,294.14,39.62,40,82.5,26.72,214.5,2,152.58,2,422.28,2,0,17.08,45,417.81,6.4,326.85,1,0,343.61,211.04,1.75,174.9,5,30.5,72.18,6.15,2,1,0.0,448.04,0,3,482.19,2,2,1,0.0,2,0.0,2,0,58.8
3,0.0,2,1,0,1,19.5,6827,36.9,1,33.6,241.95,29.5,398.84,10.59,1.0,259.0,33.7,2,1,241.95,39.21,40,83.0,26.48,187.5,2,122.86,2,370.48,2,1,15.69,61,456.32,5.9,290.86,1,0,394.72,238.82,1.67,166.79,5,21.6,72.23,5.84,2,1,0.0,396.94,0,3,494.7,2,2,1,0.0,2,0.0,2,0,66.05
3,0.0,2,1,0,1,19.5,3088,42.6,1,30.5,189.86,26.9,433.2,9.7,1.0,271.0,31.7,49,2,189.86,39.74,40,83.5,27.22,195.0,2,111.19,2,318.84,2,2,15.07,62,493.19,5.9,260.36,2,0,433.2,273.8,1.67,174.9,5,16.3,73.08,6.3,2,1,0.0,346.19,0,3,461.54,2,2,1,0.0,2,0.0,2,0,58.3
3,3.9,2,1,1,1,19.5,2123,40.1,1,31.0,86.7,28.9,510.89,9.42,1.0,288.0,48.5,90,2,86.7,39.2,40,84.5,27.38,180.0,2,152.58,2,216.56,2,1,15.46,71,526.44,5.7,224.57,2,0,510.89,309.1,1.74,222.39,5,19.5,76.85,6.79,2,1,0.0,246.62,1,3,407.08,2,2,1,0.0,2,0.0,2,0,58.3
3,6.8,3,1,100,1,19.5,400,30.7,1,37.0,742.97,32.4,785.05,17.53,1.0,277.0,36.1,1,1,556.36,23.59,0,94.0,29.11,153.0,1,793.33,2,786.8,2,0,17.08,32,607.91,6.2,570.34,1,0,584.49,883.74,1.79,813.33,5,28.5,79.28,14.3,2,1,0.0,635.8,0,3,675.57,2,2,2,0.0,2,0.0,2,0,67.6
3,6.8,3,1,100,1,19.5,429,48.6,1,25.1,875.76,26.3,780.04,3.67,1.0,181.0,35.5,100,2,582.92,35.04,20,95.5,29.91,204.0,1,836.63,2,928.14,2,0,13.89,78,749.97,6.6,713.25,1,0,726.76,1028.0,1.87,837.03,5,14.0,62.78,9.1,2,1,0.0,779.02,3,3,813.27,2,1,1,0.0,2,0.0,2,0,63.3
1,4.3,3,3,4,1,20.0,71488,26.0,1,30.4,999.0,43.5,306.57,16.63,0.0,239.0,20.3,83,1,271.48,37.46,20,73.5,26.46,217.5,1,169.23,3,885.34,0,0,17.63,58,661.29,6.6,334.57,3,1,260.13,634.68,1.72,987.61,2,37.0,66.13,6.53,3,1,0.0,999.0,0,2,118.19,2,1,3,0.0,2,0.0,1,1,64.3
1,4.3,3,3,3,1,20.0,4584,24.6,1,31.7,999.0,43.7,404.18,7.12,0.0,152.0,11.4,69,1,341.76,38.33,20,74.5,27.26,237.0,1,133.43,3,805.61,0,0,17.21,77,564.63,7.3,430.76,2,1,326.27,581.16,1.77,920.77,5,39.9,60.94,6.38,3,1,0.0,999.0,0,0,195.25,2,1,3,0.0,2,0.0,1,1,66.8
1,4.1,3,3,1,1,20.0,26567,24.5,1,26.5,999.0,49.0,504.39,5.95,0.0,134.0,13.3,67,1,425.96,38.37,20,75.5,27.85,228.0,1,169.23,3,732.56,0,4,16.44,69,471.0,7.2,529.91,2,1,397.42,543.25,1.77,819.18,5,40.8,57.87,6.5,3,1,0.0,999.0,0,0,290.23,2,1,3,0.0,2,0.0,2,1,66.8
1,0.0,3,3,0,1,20.0,3246,25.6,1,30.4,999.0,44.0,410.78,8.42,0.0,124.0,11.8,100,1,612.67,40.54,40,77.5,28.71,241.5,1,318.49,3,615.9,0,0,15.83,58,304.23,7.0,417.03,1,1,189.27,447.1,1.77,619.48,5,36.6,58.54,5.66,3,1,0.0,999.0,5,0,307.69,2,1,3,0.0,2,0.0,2,1,65.3
1,0.0,3,3,0,1,20.0,2129,30.2,1,27.9,999.0,41.9,371.61,9.18,0.0,100.0,11.1,98,1,661.29,42.44,60,78.0,29.29,241.5,1,346.74,3,595.03,0,1,16.85,46,271.48,7.1,379.98,1,1,137.56,397.74,1.75,570.74,5,37.0,59.05,5.62,3,1,0.0,999.0,0,0,293.86,2,1,3,0.0,2,0.0,2,0,64.55
1,0.0,3,3,0,1,20.0,18497,27.3,1,31.8,999.0,41.0,304.85,9.63,0.0,119.0,11.7,69,1,659.71,43.28,60,79.0,29.55,240.0,1,417.03,3,565.99,0,17,14.9,77,228.37,7.1,318.49,1,1,38.42,301.72,1.74,475.69,5,34.2,59.97,5.19,3,1,0.0,999.0,5,0,293.86,2,1,2,0.0,2,0.0,2,0,66.55
1,0.0,3,1,0,1,20.0,187247,25.4,1,40.4,607.5,34.2,280.03,11.55,1.0,141.0,12.1,71,1,607.5,42.86,60,79.5,29.63,240.0,1,406.14,3,558.5,0,8,13.44,70,222.39,7.1,296.67,1,1,30.51,256.08,1.74,429.93,5,34.2,61.72,5.81,2,1,0.0,503.17,2,0,307.69,2,1,2,0.0,1,0.0,2,0,75.1
3,0.0,2,1,0,1,20.0,494,30.0,1,34.4,503.11,35.6,255.96,12.99,1.0,165.0,21.7,98,1,503.11,40.75,40,80.5,28.12,223.5,2,317.86,2,558.5,0,0,10.84,47,245.42,5.9,277.99,1,0,127.26,175.82,1.75,344.29,5,25.6,66.55,6.59,2,1,0.0,503.17,0,3,357.69,2,2,2,0.0,2,0.0,2,0,70.1
3,0.0,2,1,0,1,20.0,2028,34.8,1,28.1,450.95,37.1,259.09,12.53,1.0,161.0,24.3,94,1,450.95,40.7,40,81.0,26.84,226.5,2,266.66,2,565.99,0,0,14.08,38,271.48,5.8,282.77,1,0,178.9,147.32,1.75,306.05,5,17.9,69.45,5.18,2,1,0.0,511.45,0,3,391.02,2,2,2,0.0,2,0.0,2,0,70.1
3,0.0,2,1,0,1,20.0,12860,35.9,1,32.6,294.74,31.6,322.84,11.9,1.0,152.0,15.3,96,1,294.74,42.41,40,82.5,27.42,216.0,2,118.21,2,417.95,0,0,14.45,87,379.98,6.7,291.57,1,0,322.84,163.03,1.7,228.52,5,26.2,69.73,4.06,2,1,0.0,439.69,0,3,493.58,2,1,2,0.0,2,0.0,2,0,70.6
3,0.0,2,1,0,1,20.0,12896,40.8,1,29.7,242.85,29.5,356.85,11.05,1.0,183.0,30.5,8,2,242.85,41.17,40,83.0,27.92,202.5,2,76.24,2,365.71,0,2,15.51,53,417.03,6.5,250.7,2,0,356.85,197.58,1.69,222.39,5,21.4,69.54,5.55,2,1,0.0,387.67,0,3,454.59,2,1,1,0.0,2,0.0,2,0,62.55
3,3.9,2,1,1,1,20.0,1300,36.0,1,33.5,140.0,30.4,435.55,10.96,1.0,246.0,37.2,94,1,140.0,40.49,40,84.0,27.0,183.0,2,76.24,2,261.22,0,1,15.75,65,499.07,5.8,186.38,2,0,435.55,283.2,1.63,174.71,5,20.3,71.62,5.16,2,1,0.0,283.81,0,3,385.74,2,2,2,0.0,2,0.0,2,0,65.6
3,3.9,2,1,1,1,20.0,1362,39.7,1,33.9,90.08,26.5,478.48,10.51,1.0,225.0,39.9,93,1,90.08,40.24,40,84.5,27.06,192.0,2,118.21,2,208.98,0,2,15.39,77,498.67,5.9,169.68,3,0,478.48,260.13,1.63,166.79,5,19.1,73.54,5.59,2,1,0.0,232.06,2,3,357.63,2,2,1,0.0,2,0.0,2,0,63.55
3,3.9,2,1,1,1,20.0,7592,39.3,1,32.2,45.8,28.5,523.03,10.49,2.0,204.0,32.8,78,1,45.8,39.12,40,85.0,28.83,190.5,2,166.07,2,156.73,0,0,18.04,54,452.81,6.1,168.08,3,0,465.98,237.39,1.61,174.71,5,17.3,75.81,8.05,2,1,0.0,180.57,0,3,335.21,2,2,1,0.0,2,0.0,2,0,62.5
3,3.9,2,1,1,1,20.0,109023,29.7,1,39.6,80.45,30.7,615.57,10.87,1.0,213.0,23.7,33,1,80.45,27.45,10,86.0,29.13,192.0,2,266.66,2,52.24,0,6,22.63,64,365.96,6.5,208.3,4,0,376.39,223.36,1.61,228.35,5,18.4,83.08,12.97,2,1,1.0,80.33,3,3,312.03,2,1,2,1.0,2,0.0,2,0,62.35
3,6.8,3,1,100,1,20.0,69,39.6,1,32.9,733.86,27.5,729.94,15.87,1.0,309.0,34.2,42,1,500.8,28.85,0,94.0,27.92,180.0,1,738.81,2,783.6,0,0,12.91,51,583.77,5.5,546.9,1,0,560.51,861.61,1.82,757.84,5,21.8,77.56,10.64,2,1,0.0,612.67,1,3,648.11,2,2,1,0.0,2,0.0,2,0,72.55
3,6.8,3,1,100,1,20.0,2528,40.4,1,28.5,785.7,31.2,724.57,8.33,1.0,191.0,26.1,97,2,505.53,33.99,10,94.5,27.61,202.5,1,751.05,2,835.83,0,1,11.68,57,632.06,6.5,595.53,1,0,608.9,910.3,1.82,762.97,5,22.6,72.42,7.69,2,1,0.0,661.29,0,3,694.84,2,1,2,0.0,2,0.0,2,0,67.35
3,6.8,3,1,100,1,20.0,852,35.8,1,31.7,837.57,32.4,722.77,4.19,1.0,123.0,30.6,94,1,515.38,35.1,20,95.0,29.96,196.5,1,766.5,2,888.06,0,0,13.23,52,680.87,6.6,644.67,1,0,657.84,959.31,1.87,771.44,5,20.0,64.2,9.07,2,1,0.0,710.37,0,3,742.24,2,1,2,0.0,2,0.0,2,0,71.35
3,6.8,3,1,100,1,20.0,69,36.6,1,32.7,889.47,30.7,724.57,2.86,1.0,177.0,22.8,52,1,530.06,34.75,20,95.5,29.9,201.0,1,784.97,2,940.29,0,0,15.44,38,730.11,6.7,694.22,1,0,707.19,1008.6,1.87,783.14,5,17.4,61.19,8.95,2,1,0.0,759.83,0,3,790.19,2,1,2,0.0,2,0.0,2,0,69.35
3,6.0,3,1,100,1,20.0,2008,41.1,1,31.5,964.88,27.4,738.81,3.61,1.0,319.0,44.5,90,2,572.3,33.79,20,96.5,28.64,169.5,1,830.12,2,1018.51,0,1,11.19,61,806.25,5.5,773.53,1,0,799.15,1107.83,1.83,815.65,5,20.7,62.67,8.95,2,1,0.0,859.59,2,3,887.37,2,2,1,0.0,2,0.0,1,0,64.8
3,5.8,3,1,100,1,20.0,1632,41.6,1,30.4,986.78,28.0,751.05,5.96,1.0,227.0,25.7,53,2,598.96,32.89,0,97.0,24.11,190.5,1,856.38,2,1040.97,0,0,8.0,85,830.12,6.1,793.15,1,0,820.68,1157.73,1.82,836.1,5,15.0,73.23,5.36,2,1,0.0,909.81,3,3,936.48,2,2,1,0.0,2,0.0,1,0,66.55
1,4.3,3,3,5,1,20.5,7124,23.2,1,30.7,999.0,46.1,339.25,15.63,0.0,154.0,11.5,8,1,266.04,37.69,20,74.0,26.95,231.0,1,93.58,4,881.66,1,0,17.82,62,593.84,6.7,364.21,2,1,250.23,654.53,1.77,984.65,5,38.6,64.69,6.67,3,1,0.0,999.0,0,2,146.99,2,1,3,0.0,2,0.0,1,1,64.3
1,4.3,3,3,4,1,20.5,2165,25.3,1,31.6,999.0,43.2,390.34,7.45,0.0,130.0,10.4,97,1,308.12,38.98,20,74.5,27.28,226.5,1,77.84,4,844.34,1,1,17.57,72,544.31,7.4,414.76,2,1,290.91,631.48,1.77,934.43,5,40.6,60.27,5.95,3,1,0.0,999.0,1,0,193.04,2,1,3,0.0,2,0.0,1,1,64.3
1,4.1,3,3,1,1,20.5,24369,24.4,1,24.1,999.0,51.5,493.07,6.45,0.0,132.0,18.4,99,1,399.21,39.68,40,75.5,28.24,214.5,1,129.83,3,775.17,1,1,18.57,46,446.81,7.1,516.7,1,1,365.18,596.87,1.77,834.83,5,45.0,57.35,6.11,3,1,0.0,999.0,3,0,291.16,2,1,3,0.0,2,0.0,1,1,64.05
1,4.1,3,3,1,1,20.5,13335,23.9,1,25.7,999.0,50.4,469.26,7.22,0.0,150.0,13.4,99,1,495.25,40.89,40,76.5,28.34,229.5,1,221.92,3,715.03,1,0,17.22,71,352.8,7.1,469.76,1,1,290.05,535.62,1.78,736.7,5,44.6,57.28,5.5,3,1,0.0,999.0,2,0,392.27,2,1,3,0.0,2,0.0,1,1,64.8
1,0.0,3,3,0,1,20.5,76477,23.7,1,30.5,999.0,45.7,423.02,7.82,0.0,109.0,12.1,52,1,544.31,40.97,40,77.0,28.88,243.0,1,245.27,3,689.1,1,0,16.28,56,308.12,7.3,424.91,1,1,242.09,484.28,1.77,688.39,5,44.1,56.82,5.72,3,1,0.0,999.0,0,0,379.08,2,1,3,0.0,2,0.0,2,1,64.8
1,4.3,3,3,1,1,20.5,26057,22.7,1,35.1,999.0,42.2,259.8,9.91,0.0,173.0,14.1,58,1,663.8,44.33,60,79.0,29.38,240.0,1,381.8,3,620.66,1,27,14.26,66,174.66,7.2,271.18,1,1,45.73,281.16,1.74,503.54,5,39.7,59.8,4.26,3,1,0.0,999.0,11,0,348.69,2,1,2,0.0,2,0.0,2,0,63.3
1,4.3,3,3,1,1,20.5,80826,22.8,1,35.5,612.11,41.7,230.28,11.98,1.0,159.0,14.3,76,1,612.11,44.1,60,79.5,29.36,241.5,1,416.6,3,613.86,1,16,14.13,59,166.79,7.2,245.27,1,1,39.34,231.68,1.74,460.7,5,36.8,61.66,4.64,3,1,0.0,558.48,3,0,360.39,2,1,2,0.0,2,0.0,2,0,63.6
3,4.3,3,1,1,1,20.5,7170,22.3,1,38.9,560.51,38.8,209.57,13.22,1.0,172.0,14.5,30,1,560.51,42.75,60,80.0,28.96,234.0,1,364.53,2,611.57,1,6,13.62,58,174.66,7.2,228.33,1,0,80.24,183.58,1.75,420.04,5,32.5,64.02,5.59,2,1,0.0,555.97,1,3,379.08,2,1,2,0.0,2,0.0,2,0,68.85
3,0.0,2,1,0,1,20.5,1042,30.2,0,31.1,509.04,38.7,200.42,12.95,1.0,258.0,45.3,100,1,509.04,42.68,40,80.5,28.17,198.0,2,312.46,2,613.86,1,0,14.82,42,196.36,5.9,222.39,1,0,129.48,138.29,1.75,382.28,5,29.1,66.21,4.93,2,4,0.0,558.48,0,3,403.79,2,2,2,0.0,2,0.0,2,0,60.85
3,0.0,2,1,0,1,20.5,35879,41.3,0,25.4,406.64,33.3,220.77,12.64,1.0,182.0,17.9,9,2,406.64,42.56,40,81.5,27.65,225.0,2,208.31,2,524.54,1,1,16.42,61,266.04,6.7,245.27,1,0,220.77,78.53,1.75,319.48,5,19.9,67.62,4.21,2,4,0.0,542.38,0,3,467.26,2,1,2,0.0,2,0.0,2,0,55.35
3,0.0,2,1,0,1,20.5,6574,37.7,0,25.6,355.88,36.7,247.11,12.42,1.0,150.0,27.6,88,1,355.88,43.21,40,82.0,27.58,208.5,2,156.23,2,472.71,1,1,16.74,56,303.75,6.1,271.18,1,0,247.11,88.24,1.7,282.33,5,24.5,67.5,3.51,2,4,0.0,490.33,0,3,503.76,2,2,2,0.0,2,0.0,2,0,58.85
3,4.8,2,1,2,1,20.5,2989,35.9,0,32.6,207.95,31.4,360.81,11.95,1.0,166.0,16.1,53,1,207.95,42.02,40,83.5,27.99,214.5,2,0.0,2,317.86,1,2,16.0,76,424.91,6.7,174.86,2,0,360.81,212.22,1.69,152.12,5,22.4,69.52,4.76,2,4,0.0,334.24,0,3,378.49,2,1,2,0.0,2,0.0,2,0,55.6
3,6.8,3,1,100,1,20.5,404,33.4,1,34.7,624.87,31.9,679.51,25.04,1.0,273.0,34.7,83,1,452.3,31.88,10,93.0,27.85,190.5,1,669.11,2,680.32,1,0,12.73,58,466.1,5.7,429.48,1,0,442.91,744.26,1.76,702.37,5,24.6,80.03,9.0,2,1,0.0,495.25,4,3,529.91,2,2,2,0.0,2,0.0,2,0,68.85
3,6.8,3,1,100,1,20.5,401,39.7,1,28.6,780.89,31.7,669.11,7.52,1.0,163.0,20.6,67,1,450.55,34.87,20,94.5,28.42,205.5,1,697.6,2,836.34,1,0,10.73,59,613.76,6.6,578.32,1,0,591.0,892.12,1.82,707.88,5,23.4,66.31,8.05,2,1,0.0,643.73,3,3,672.62,2,1,2,0.0,2,0.0,2,0,69.35
3,6.8,3,2,100,1,20.5,835,40.6,1,27.5,832.89,31.9,667.17,3.28,1.0,183.0,36.5,96,0,461.54,35.17,20,95.0,29.72,0.0,1,714.15,2,888.38,1,0,13.41,50,663.76,6.9,628.65,1,0,641.14,941.92,1.87,716.97,5,21.8,62.6,8.46,2,1,0.0,693.89,0,3,721.32,2,1,2,0.0,2,0.0,2,0,59.6
3,6.8,3,1,100,1,20.5,63,42.7,1,28.1,884.9,29.2,669.11,2.15,1.0,159.0,54.0,50,2,477.82,34.98,20,95.5,29.64,193.5,1,733.87,2,940.42,1,1,14.75,44,714.02,7.0,679.21,1,0,691.53,991.9,1.87,729.5,5,23.0,59.72,8.35,2,1,0.0,744.28,0,3,770.41,2,1,1,0.0,2,0.0,2,0,65.3
3,6.6,3,1,100,1,20.5,18561,37.7,1,29.7,1036.93,32.7,697.6,4.18,1.0,266.0,34.3,67,1,553.02,34.09,0,97.0,23.27,168.0,1,809.55,2,1090.86,1,1,9.64,80,781.82,5.6,742.59,1,0,771.06,1142.74,1.82,785.89,5,16.5,70.87,3.6,2,1,0.0,896.4,1,3,919.39,2,2,2,0.0,2,0.0,1,0,69.6
3,5.1,3,1,10,1,21.0,78586,37.5,1,33.4,166.79,29.1,33.06,10.2,1.0,125.0,11.4,73,1,190.91,33.96,20,70.5,28.75,225.0,1,303.26,2,1205.4,1,17,18.68,61,863.66,7.0,34.93,2,1,33.06,926.54,1.69,1228.98,2,21.4,68.32,9.53,2,1,0.0,1174.4,6,2,147.84,2,1,2,0.0,1,0.0,1,0,66.65
3,5.1,3,1,9,1,21.0,44198,33.5,1,31.3,174.6,35.2,23.55,9.5,1.0,142.0,10.4,83,1,151.88,33.62,20,71.0,29.1,228.0,1,270.87,2,1161.77,1,7,19.97,62,826.54,7.1,53.23,2,1,23.55,888.76,1.71,1201.41,2,23.2,65.52,10.0,2,1,0.0,1129.69,1,2,146.02,2,1,3,0.0,2,0.0,1,0,62.85
3,5.1,3,1,12,1,21.0,31519,30.4,1,36.1,196.18,33.4,73.49,9.5,1.0,142.0,18.3,95,1,122.64,33.62,20,71.5,29.1,219.0,1,245.12,2,1118.94,1,1,19.97,74,790.97,7.1,99.12,2,1,73.49,852.58,1.71,1175.62,2,25.1,65.52,10.0,2,1,0.0,1085.71,1,2,136.68,2,1,3,0.0,1,0.0,1,0,68.6
1,4.3,3,1,6,1,21.0,71667,35.9,1,26.3,307.37,37.8,228.57,18.45,1.0,181.0,18.5,47,1,151.88,38.51,40,73.0,29.56,228.0,1,157.19,4,996.19,1,0,16.37,70,681.55,7.0,251.11,2,1,138.62,755.87,1.74,1099.67,2,27.9,65.03,7.8,2,1,0.0,999.0,0,2,30.41,2,1,3,0.0,2,0.0,1,0,69.1
1,4.3,3,3,4,1,21.0,9214,28.3,1,27.2,999.0,44.5,332.26,14.7,0.0,159.0,11.9,54,1,234.9,38.15,40,74.0,28.25,232.5,1,56.44,4,920.44,1,0,17.69,72,579.74,6.9,354.16,2,1,216.89,703.92,1.73,1000.35,5,38.7,62.99,7.37,3,1,0.0,999.0,0,2,126.46,2,1,3,0.0,2,0.0,1,0,62.55
1,4.1,3,3,1,1,21.0,20064,25.6,1,28.1,999.0,46.2,447.69,7.96,0.0,127.0,10.8,99,1,478.63,41.8,40,76.5,29.11,232.5,1,174.6,3,762.85,1,0,17.2,51,329.68,7.4,445.49,1,1,249.75,529.52,1.74,758.46,5,40.6,56.5,6.06,3,1,0.0,999.0,0,0,384.47,2,1,3,0.0,2,0.0,1,0,66.3
1,0.0,3,3,0,1,21.0,117338,23.6,1,33.9,999.0,42.5,305.12,9.71,0.0,122.0,12.8,90,1,630.58,43.62,40,78.0,29.05,241.5,1,265.48,3,699.85,1,1,15.97,69,190.91,7.4,307.37,1,1,155.51,374.12,1.74,621.16,5,47.5,57.45,4.01,3,1,0.0,999.0,1,0,403.73,2,1,3,0.0,2,0.0,2,0,65.05
1,4.3,3,3,1,1,21.0,225259,17.1,1,37.9,999.0,45.1,219.63,9.85,0.0,139.0,13.7,42,1,672.47,44.41,40,79.0,28.95,237.0,1,351.86,3,675.49,1,2,14.33,75,122.64,7.3,227.63,1,1,83.81,270.64,1.73,535.72,5,45.6,59.23,3.59,3,1,0.0,999.0,1,0,403.73,2,1,2,0.0,2,0.0,2,0,67.8
1,4.3,3,3,1,1,21.0,34517,17.8,1,41.4,621.67,40.7,183.9,11.66,1.0,158.0,15.6,58,1,621.67,44.83,60,79.5,29.15,235.5,1,398.08,3,669.26,1,11,14.96,73,111.19,7.4,196.18,1,1,80.55,218.98,1.73,495.8,5,46.3,60.37,3.59,3,1,0.0,613.84,4,0,413.84,2,1,2,0.0,2,0.0,2,0,63.6
3,4.3,2,3,1,1,21.0,9115,23.1,0,33.3,520.85,43.6,144.92,12.45,1.0,154.0,14.9,99,1,520.85,43.78,40,80.5,28.23,232.5,2,316.86,2,634.69,1,0,13.49,65,151.88,6.3,166.79,1,0,144.92,116.26,1.71,418.24,5,29.9,64.08,3.77,3,4,0.0,613.84,0,3,452.03,2,2,2,0.0,2,0.0,2,0,53.85
3,4.8,2,1,2,1,21.0,21057,25.8,0,37.4,198.15,36.8,379.95,12.41,1.0,205.0,16.3,86,1,198.15,42.39,40,84.0,28.83,219.0,2,76.12,2,283.13,1,0,16.07,65,445.49,6.6,99.82,2,0,379.95,216.89,1.63,76.0,5,25.6,67.97,5.56,2,4,0.0,291.52,0,3,302.61,2,1,2,0.0,2,0.0,2,0,56.85
3,4.8,2,1,2,1,21.0,10800,35.3,0,31.4,166.89,33.3,428.18,12.0,1.0,179.0,19.8,80,1,166.89,43.34,40,84.5,28.44,213.0,2,117.91,2,236.12,1,1,16.21,65,458.53,6.4,63.7,2,0,428.18,174.51,1.63,55.6,5,21.9,69.57,4.04,2,4,0.0,241.78,3,3,266.12,2,2,2,0.0,2,0.0,2,0,53.1
3,4.8,2,1,3,1,21.0,10336,39.3,1,28.7,147.9,32.0,477.14,11.37,1.0,153.0,19.0,85,1,147.9,42.87,40,85.0,28.24,210.0,2,165.59,2,191.76,1,1,16.96,61,408.55,6.3,59.34,3,0,425.88,138.62,1.53,76.0,5,16.8,73.12,4.53,2,4,0.0,193.25,1,3,235.34,2,2,2,0.0,2,0.0,2,0,68.35
3,4.5,2,1,3,1,21.0,3651,37.6,1,34.9,146.05,27.5,526.61,10.97,1.0,205.0,38.1,100,1,146.05,42.07,40,85.5,28.16,187.5,2,215.27,2,152.35,1,0,17.28,60,359.05,5.9,91.4,3,0,375.78,115.45,1.53,117.61,5,19.8,76.28,5.24,2,4,0.0,147.13,2,3,212.78,2,2,1,0.0,2,0.0,2,0,68.8
3,4.5,2,3,3,1,21.0,3730,22.5,1,34.7,61.74,42.8,605.99,10.57,1.0,205.0,28.3,92,1,191.17,40.99,40,86.5,28.54,196.5,2,282.71,2,111.19,1,1,15.48,50,262.65,6.5,184.74,3,0,277.41,132.7,1.52,214.59,5,17.2,78.1,6.37,3,4,1.0,80.57,0,3,202.53,2,1,2,0.0,2,0.0,2,0,62.35
3,4.5,2,1,3,1,21.0,5162,31.4,1,31.5,109.14,37.0,576.47,10.57,1.0,182.0,22.5,98,1,161.93,40.99,40,86.0,28.54,199.5,2,265.83,2,122.79,1,0,15.48,52,310.28,6.2,136.22,3,0,326.2,113.1,1.52,165.09,5,17.6,78.1,6.37,2,4,0.0,106.6,2,3,201.21,2,2,2,0.0,2,0.0,2,0,68.35
3,6.8,3,1,100,1,21.0,27679,33.9,1,37.3,728.1,28.7,619.97,11.47,1.0,392.0,48.1,97,1,389.72,34.31,0,94.0,24.46,157.5,1,630.32,2,788.94,1,1,6.84,63,549.32,5.5,515.0,1,0,527.03,826.78,1.77,646.93,5,19.9,73.21,4.22,2,1,0.0,579.74,1,3,604.86,2,2,1,0.0,2,0.0,2,0,70.05
3,6.8,3,1,100,1,21.0,5418,46.4,1,29.2,779.99,24.4,613.68,6.03,1.0,202.0,23.5,97,2,395.74,34.15,20,94.5,28.37,211.5,1,644.52,2,840.52,1,0,12.59,64,600.06,6.6,566.05,1,0,577.91,877.08,1.77,652.88,5,19.3,61.98,8.55,1,1,0.0,630.58,0,3,654.36,2,1,1,0.0,2,0.0,2,0,70.55
3,6.8,3,1,100,1,21.0,30775,44.3,1,28.1,831.89,27.6,611.57,2.3,1.0,178.0,44.9,95,2,408.16,34.45,20,95.0,29.95,201.0,1,662.33,2,892.14,1,0,15.4,64,644.52,6.9,617.22,1,0,628.93,927.51,1.84,662.69,5,21.9,59.22,9.08,2,1,0.0,681.55,1,3,704.16,2,1,1,0.0,2,0.0,2,0,63.3
3,5.8,3,1,100,1,21.0,2536,33.8,1,34.5,987.6,31.7,630.32,1.72,1.0,298.0,32.5,92,1,477.58,33.92,20,96.5,28.85,183.0,1,734.54,2,1047.27,1,1,12.25,75,707.64,6.2,670.4,1,0,697.92,1079.45,1.82,713.32,5,20.3,57.2,8.69,2,1,0.0,834.99,0,3,854.85,2,2,2,0.0,2,0.0,1,0,68.35
3,6.8,3,1,100,1,21.0,871,31.8,1,36.5,935.69,31.7,619.97,1.72,1.0,141.0,28.6,83,1,449.81,33.92,20,96.0,28.85,198.0,1,707.64,2,995.53,1,1,12.25,46,683.47,6.7,651.23,1,0,676.48,1028.72,1.82,693.14,5,21.2,57.2,8.69,2,1,0.0,783.77,10,3,804.45,2,1,2,0.0,2,0.0,1,0,68.6
3,5.4,3,1,53,1,21.5,41443,38.0,1,37.9,122.56,24.1,94.06,9.69,1.0,132.0,15.1,69,1,213.91,33.76,20,70.0,29.06,216.0,1,306.61,2,1278.94,1,3,18.04,72,866.52,7.1,65.98,3,1,94.06,1002.27,1.69,1303.95,2,22.0,67.63,9.62,1,1,0.0,1247.16,1,2,121.35,2,1,2,0.0,1,0.0,1,0,69.6
3,5.4,3,1,56,1,21.5,65404,38.4,1,34.0,111.19,27.6,54.26,9.59,1.0,265.0,31.8,70,1,164.59,40.68,40,70.5,28.94,210.0,1,264.92,2,1235.79,1,12,16.55,69,826.56,6.2,24.53,3,1,54.26,964.69,1.69,1275.87,2,27.3,61.73,6.34,2,1,0.0,1202.99,5,2,94.19,2,2,2,0.0,1,0.0,1,0,57.85
3,5.1,3,1,27,1,21.5,19505,39.2,1,31.1,122.56,29.7,49.07,8.78,1.0,112.0,9.5,80,1,117.29,40.88,40,71.0,29.26,213.0,1,227.26,2,1193.4,1,3,17.52,67,787.85,7.2,47.01,2,1,49.07,928.58,1.71,1249.42,2,24.5,58.58,6.49,2,1,0.0,1159.53,1,2,91.32,2,1,2,0.0,1,0.0,1,0,64.9
3,5.1,3,1,14,1,21.5,15673,36.7,1,38.8,151.63,24.5,85.07,8.78,1.0,138.0,9.4,91,1,75.88,40.88,40,71.5,29.26,222.0,1,195.99,2,1151.87,1,6,17.52,64,750.58,7.2,95.79,2,1,85.07,894.12,1.71,1224.71,2,30.4,58.58,6.49,1,1,0.0,1116.85,1,2,114.58,2,1,2,0.0,1,0.0,1,0,71.35
3,5.1,3,1,12,1,21.5,115742,39.7,1,33.3,190.47,26.9,132.04,9.05,1.0,131.0,9.5,91,1,55.6,38.25,40,72.0,29.71,238.5,1,174.55,2,1111.29,1,2,18.27,77,714.98,7.1,146.64,2,1,59.31,861.52,1.73,1201.84,2,30.1,60.38,7.5,2,1,0.0,1075.07,2,2,89.31,2,1,2,0.0,1,0.0,1,0,66.1
1,4.7,3,1,6,1,21.5,69497,35.0,1,29.1,280.7,35.9,232.22,14.87,1.0,123.0,11.4,37,1,117.29,40.05,40,73.0,29.74,231.0,1,158.89,4,1033.43,1,0,17.95,70,649.87,6.8,249.46,2,1,99.59,802.73,1.74,1116.21,2,30.3,61.75,7.19,2,1,0.0,999.0,0,2,39.27,2,1,3,0.0,2,0.0,1,0,66.6
1,4.3,3,1,4,1,21.5,31198,35.5,1,25.5,999.0,38.9,283.23,13.45,0.0,138.0,14.3,4,1,164.59,39.43,40,73.5,28.95,246.0,1,108.8,4,996.41,1,0,19.58,53,621.01,7.0,301.05,2,1,145.32,777.05,1.74,1067.35,2,33.9,61.13,7.23,2,1,0.0,999.0,0,2,79.8,2,1,3,0.0,2,0.0,1,0,69.55
1,4.3,3,1,4,1,21.5,13816,25.8,1,34.4,999.0,39.9,334.48,13.45,0.0,167.0,36.4,91,1,213.91,39.43,40,74.0,28.95,207.0,1,61.6,4,960.86,1,0,19.58,68,570.72,7.1,352.69,2,1,194.04,754.18,1.73,1018.83,5,32.2,61.13,7.23,2,1,0.0,999.0,0,2,128.68,2,1,3,0.0,2,0.0,1,0,69.55
1,4.1,3,1,2,1,21.5,25134,26.7,1,33.6,999.0,39.7,437.37,7.25,0.0,160.0,9.3,94,1,314.78,42.09,40,75.0,28.95,241.5,1,61.6,3,894.86,1,0,15.39,59,468.05,7.4,456.05,1,1,294.47,684.29,1.73,923.03,5,43.1,56.91,5.62,2,1,0.0,999.0,0,0,230.27,2,1,3,0.0,2,0.0,1,0,73.3
1,4.1,3,3,1,1,21.5,50192,22.6,1,32.6,999.0,44.8,381.91,10.05,0.0,164.0,16.1,82,1,519.35,42.07,40,77.0,28.33,241.5,1,151.63,3,789.06,1,0,15.73,67,264.11,7.2,377.57,1,1,174.15,477.54,1.73,738.61,5,42.9,57.2,5.09,3,1,0.0,999.0,5,0,436.23,2,1,3,0.0,2,0.0,1,0,65.55
1,0.0,3,3,0,1,21.5,21837,22.4,1,35.5,999.0,42.0,331.96,9.76,0.0,215.0,27.4,70,1,570.72,42.16,40,77.5,27.53,220.5,1,190.47,3,769.41,1,0,16.42,69,213.91,6.7,328.66,1,1,138.44,425.91,1.73,694.7,5,45.1,57.66,3.68,3,1,0.0,999.0,0,0,467.79,2,1,3,0.0,2,0.0,1,0,65.05
1,4.3,3,3,1,1,21.5,6735,13.9,1,37.8,999.0,48.3,234.21,10.27,0.0,118.0,11.3,97,1,641.85,43.47,40,78.5,28.27,238.5,1,280.7,3,739.9,1,0,15.67,69,117.29,7.4,234.26,1,1,85.65,322.77,1.74,610.85,5,51.7,58.21,3.61,3,1,0.0,999.0,3,0,455.9,2,1,2,0.0,2,0.0,2,0,65.05
3,4.7,2,3,3,1,21.5,42080,19.6,0,33.9,538.16,46.5,89.55,12.06,1.0,172.0,14.9,98,1,538.16,44.32,40,80.5,27.98,228.0,2,330.67,2,645.74,1,1,12.3,65,117.29,7.4,111.19,1,0,89.55,118.7,1.71,413.82,5,32.9,61.7,2.96,3,4,0.0,657.67,1,3,501.79,2,1,2,0.0,2,0.0,2,0,53.1
3,0.0,2,3,0,1,21.5,364874,20.8,0,37.8,443.25,41.5,128.59,11.55,1.0,164.0,11.6,66,1,443.25,45.45,60,81.5,28.32,243.0,2,235.52,2,545.97,1,1,13.0,71,190.47,7.4,151.63,1,0,128.59,34.93,1.71,310.37,5,34.2,62.67,2.88,3,4,0.0,556.37,0,3,505.14,2,1,2,0.0,2,1.0,2,0,51.85
3,4.8,2,3,2,1,21.5,24684,19.8,0,37.3,353.53,42.9,215.26,11.78,1.0,195.0,28.0,56,1,353.53,46.05,60,82.5,28.09,207.0,2,152.12,2,448.1,1,4,15.14,66,280.7,6.2,234.26,1,0,215.26,99.0,1.7,206.91,5,38.0,66.25,2.35,3,4,0.0,456.22,0,3,407.53,2,2,2,0.0,2,0.0,2,0,46.35
3,4.3,2,1,2,1,21.5,10084,21.3,0,40.6,490.25,38.2,98.06,11.55,1.0,138.0,16.4,98,1,490.25,45.45,60,81.0,28.32,237.0,2,282.33,2,595.68,1,0,13.0,66,151.63,7.3,122.56,1,0,98.06,70.53,1.71,362.09,5,33.8,62.67,2.88,2,4,0.0,606.91,1,3,525.84,2,1,2,0.0,2,0.0,2,0,59.6
3,4.8,2,1,3,1,21.5,12297,22.4,0,38.4,274.15,39.2,312.13,12.48,1.0,211.0,17.7,95,1,274.15,42.51,40,83.5,28.54,217.5,2,111.19,2,353.72,1,5,15.72,65,377.57,7.0,134.49,2,0,312.13,199.58,1.81,103.46,5,28.6,67.59,4.69,2,4,0.0,358.18,2,3,313.39,2,1,2,0.0,2,0.0,2,0,55.6
3,4.8,2,1,3,1,21.5,897,31.6,0,32.0,216.78,36.4,412.07,12.19,1.0,160.0,20.4,99,1,216.78,43.38,40,84.5,28.12,207.0,2,152.12,2,266.58,1,0,16.22,58,447.55,6.4,31.04,2,0,412.07,145.32,1.63,0.0,5,25.1,69.28,3.52,2,4,0.0,264.63,0,3,227.04,2,2,2,0.0,2,0.0,2,0,50.1
3,4.8,2,1,2,1,21.5,9169,21.7,0,40.9,241.59,37.4,361.87,12.48,1.0,176.0,17.4,82,1,241.59,42.51,40,84.0,28.54,216.0,2,122.71,2,308.85,1,4,15.72,70,427.1,6.8,82.77,2,0,361.87,194.04,1.63,51.73,5,26.5,67.59,4.69,2,4,0.0,310.59,0,3,268.75,2,1,2,0.0,2,0.0,2,0,55.6
3,4.7,2,1,5,1,21.5,20466,30.6,1,32.5,102.97,37.0,561.65,10.39,1.0,180.0,28.6,53,1,235.92,41.38,40,86.5,27.11,202.5,2,228.24,2,166.79,1,8,14.04,74,243.96,6.4,175.88,2,0,262.09,91.2,1.52,206.91,5,19.2,76.99,4.27,2,4,0.0,135.04,1,3,147.82,2,2,2,0.0,2,0.0,2,0,58.85
3,5.7,3,1,97,1,21.5,17730,33.6,1,35.3,526.24,31.2,584.62,43.42,1.0,225.0,31.1,82,1,381.07,18.64,0,92.0,28.36,180.0,1,558.29,2,595.68,1,0,20.59,70,335.13,5.7,301.56,1,0,313.11,612.21,1.67,608.65,5,22.7,85.82,15.46,2,1,0.0,365.72,10,3,390.65,2,2,2,0.0,2,0.0,2,0,63.6
3,6.8,3,1,100,1,21.5,47,39.6,1,32.8,628.72,27.5,568.55,18.47,1.0,212.0,29.4,30,1,343.48,34.6,0,93.0,24.77,174.0,1,558.29,2,696.09,1,1,4.71,41,437.3,5.5,404.43,1,0,415.63,713.09,1.73,591.51,5,18.7,78.06,4.96,2,1,0.0,468.05,2,3,489.58,2,2,1,0.0,2,0.0,2,0,70.05
3,6.2,3,1,100,1,21.5,561,37.2,1,36.6,680.1,26.3,567.18,10.08,1.0,524.0,35.4,99,1,334.99,33.95,0,93.5,23.34,165.0,1,565.17,2,746.66,1,1,7.24,76,488.56,5.5,455.95,1,0,467.02,763.74,1.73,589.33,5,20.7,71.52,3.45,2,1,0.0,519.35,1,3,539.62,2,2,1,0.0,2,0.0,2,0,70.05
3,6.2,3,1,100,1,21.5,29171,39.4,1,29.2,731.54,31.3,565.17,10.08,1.0,318.0,53.0,98,1,334.21,33.95,0,94.0,23.34,166.5,1,576.46,2,797.4,1,0,7.24,63,539.89,5.7,507.49,1,0,518.46,814.49,1.77,591.51,5,20.3,71.52,3.45,2,1,0.0,570.72,1,3,589.92,2,2,2,0.0,2,0.0,2,0,69.6
3,6.2,3,1,100,1,21.5,359,41.8,1,30.6,783.04,27.7,558.29,4.32,1.0,164.0,24.4,95,2,341.19,34.5,20,94.5,28.4,207.0,1,591.9,2,848.3,1,1,13.67,65,576.46,6.8,559.06,1,0,569.94,865.33,1.77,597.99,5,20.2,58.8,8.33,2,1,0.0,622.12,0,3,640.41,2,1,1,0.0,2,0.0,2,0,65.3
3,5.6,3,2,100,1,21.5,1308,36.4,1,28.1,886.15,35.5,558.29,1.59,1.0,187.0,46.7,21,0,376.23,36.29,20,95.5,31.1,0.0,1,633.94,2,950.43,1,2,15.5,77,611.17,6.8,582.15,1,0,605.82,967.21,1.84,623.25,5,21.1,53.73,8.69,2,1,0.0,725.02,0,3,741.81,2,1,2,0.0,2,0.0,1,0,57.6
3,6.8,3,2,100,1,21.5,2790,39.6,1,29.8,937.75,30.6,565.17,1.43,1.0,136.0,40.1,96,0,402.45,34.84,20,96.0,30.07,0.0,1,659.83,2,1001.63,1,0,11.59,68,633.94,6.8,599.17,1,0,625.48,1017.53,1.82,641.55,5,18.0,53.8,9.13,2,1,0.0,776.51,1,3,792.66,2,1,2,0.0,2,0.0,1,0,59.6
3,6.8,3,1,100,1,21.5,444,43.4,1,26.9,989.38,29.7,576.46,1.43,1.0,261.0,32.8,87,2,433.16,34.84,20,96.5,30.07,187.5,1,688.5,2,1052.91,1,1,11.59,84,659.83,5.9,619.88,1,0,648.52,1067.24,1.82,663.22,5,18.5,53.8,9.13,2,1,0.0,828.0,0,3,843.6,2,2,1,0.0,2,0.0,1,0,63.55
3,5.8,3,1,93,1,21.5,70,38.6,1,33.8,1041.02,27.6,591.9,1.55,1.0,186.0,22.8,68,1,467.46,35.92,10,97.0,25.79,186.0,1,719.61,2,1104.25,1,0,6.8,69,688.5,5.6,643.94,1,0,669.92,1117.09,1.81,687.95,5,15.6,61.27,4.63,2,1,0.0,879.51,0,3,894.59,2,2,1,0.0,2,0.0,1,0,68.8
3,5.5,3,1,100,1,22.0,60595,38.3,1,31.3,75.76,30.4,102.19,8.23,1.0,104.0,8.2,43,1,103.1,41.61,40,71.0,29.14,231.0,1,190.02,2,1226.72,1,3,16.4,66,751.26,7.2,88.13,3,1,75.76,969.95,1.7,1298.02,2,25.5,56.75,5.64,2,1,0.0,1191.19,0,2,39.21,2,1,3,0.0,1,0.0,3,0,60.35
3,5.8,3,1,82,1,22.0,20090,46.1,1,32.0,116.97,21.9,123.52,8.23,1.0,114.0,8.3,98,2,51.55,41.61,40,71.5,29.14,234.0,1,151.39,2,1186.48,1,1,16.4,64,712.23,7.2,121.29,2,1,72.17,937.12,1.7,1274.32,2,25.9,56.75,5.64,1,1,0.0,1149.83,0,2,79.44,2,1,2,0.0,1,0.0,1,0,63.6
1,4.1,3,1,3,1,22.0,58678,37.1,1,34.8,263.22,28.0,248.56,12.15,1.0,161.0,14.8,24,1,103.1,41.45,40,73.0,29.76,234.0,1,122.49,4,1072.25,1,4,16.54,68,605.61,7.1,259.96,3,1,82.48,850.65,1.84,1135.2,2,30.1,58.8,6.3,2,1,0.0,999.0,7,2,91.33,2,1,2,0.0,1,0.0,1,0,67.1
1,4.1,3,1,2,1,22.0,10967,30.3,1,32.2,999.0,37.5,345.74,12.13,0.0,166.0,15.6,68,1,206.19,40.9,40,74.0,29.05,234.0,1,102.88,4,1002.72,1,0,17.99,77,546.64,7.1,359.9,2,1,185.58,790.67,1.7,1039.94,5,29.1,58.47,6.35,2,1,0.0,999.0,0,2,152.66,2,1,3,0.0,2,0.0,1,0,69.55
1,4.1,3,3,2,1,22.0,2277,29.8,1,30.0,999.0,40.2,395.52,9.43,0.0,185.0,23.1,100,1,257.74,40.81,40,74.5,28.19,220.5,1,88.96,4,970.38,1,0,18.43,67,515.47,7.1,410.5,2,1,237.12,739.34,1.7,992.99,5,40.9,58.08,5.74,3,1,0.0,999.0,0,0,196.98,2,1,3,0.0,2,0.0,1,0,62.55
1,4.1,3,3,1,1,22.0,7444,31.7,1,27.5,999.0,40.8,496.25,8.74,0.0,132.0,9.8,97,1,360.84,43.64,60,75.5,28.79,234.0,1,75.76,2,911.39,1,3,14.16,69,412.38,7.4,512.34,1,1,293.47,636.85,1.69,900.84,5,44.3,55.63,4.64,3,1,0.0,999.0,1,0,292.97,2,1,3,0.0,2,0.0,1,0,65.3
1,4.1,3,1,1,1,22.0,6272,52.7,1,10.5,999.0,36.7,474.9,10.37,0.0,114.0,8.2,100,2,412.38,44.43,60,76.0,28.92,237.0,1,55.6,2,885.13,1,0,14.38,69,360.84,7.4,466.43,1,1,243.14,585.72,1.71,855.82,5,46.4,55.89,3.95,2,1,0.0,999.0,0,0,342.58,2,1,3,0.0,2,0.0,1,0,67.05
1,0.0,3,3,0,1,22.0,3456,15.9,1,37.3,999.0,46.8,321.0,11.93,0.0,210.0,25.0,91,1,567.01,42.65,40,77.5,27.68,216.0,1,164.08,2,821.72,1,1,14.71,64,206.19,6.8,313.71,1,1,99.35,433.1,1.7,725.02,5,46.4,56.93,3.74,3,1,0.0,999.0,0,0,493.97,2,1,3,0.0,2,0.0,1,0,68.3
1,4.3,3,3,1,1,22.0,8941,18.5,1,30.7,999.0,50.8,269.84,12.26,0.0,196.0,21.6,71,1,580.42,41.88,40,78.0,27.0,214.5,1,213.21,2,806.38,1,3,15.14,63,154.65,7.0,263.22,1,1,63.59,382.66,1.71,673.56,5,45.5,58.44,3.32,3,1,0.0,999.0,0,0,514.17,2,1,3,0.0,2,0.0,1,0,66.3
1,4.3,3,3,1,1,22.0,5967,18.3,1,36.7,999.0,45.0,218.83,11.91,0.0,164.0,12.7,95,1,586.98,43.35,40,78.5,26.85,244.5,1,263.22,2,794.25,1,0,16.11,61,103.1,7.3,213.21,1,1,59.29,332.61,1.71,622.12,5,47.0,58.73,2.35,3,1,0.0,999.0,1,0,511.5,2,1,2,0.0,2,0.0,1,0,67.05
1,4.7,3,3,3,1,22.0,67630,17.7,1,38.2,999.0,44.1,168.12,11.91,0.0,139.0,17.0,70,1,597.75,43.35,40,79.0,26.85,240.0,1,313.71,2,785.46,1,27,16.11,58,51.55,7.0,164.08,1,1,45.51,283.14,1.71,570.72,5,50.4,58.73,2.35,3,1,0.0,999.0,8,0,514.17,2,1,2,0.0,2,0.0,2,0,63.05
3,4.7,3,3,3,1,22.0,24314,16.0,1,42.6,607.15,41.4,70.22,12.73,1.0,180.0,18.6,20,1,607.15,44.41,40,80.0,27.73,243.0,1,399.21,2,710.37,1,2,14.74,69,51.55,7.2,75.76,1,0,70.22,187.82,1.67,468.05,5,37.7,60.09,2.79,3,1,0.0,719.99,1,3,535.04,2,1,2,0.0,2,0.0,2,0,61.1
3,4.7,3,3,3,1,22.0,808104,21.1,0,37.9,560.47,41.0,34.91,11.97,1.0,319.0,39.9,58,1,560.47,43.89,40,80.5,27.15,213.0,1,352.8,2,661.29,1,26,12.71,75,75.76,6.2,55.6,1,0,34.91,144.38,1.67,416.83,5,37.3,61.08,2.56,3,4,0.0,670.11,6,3,552.66,2,2,2,0.0,2,0.0,2,0,49.9
3,5.0,3,1,4,1,22.0,80066,21.6,0,38.5,514.79,39.9,53.01,10.84,1.0,208.0,32.7,18,1,514.79,44.7,40,81.0,27.93,201.0,1,308.12,2,612.67,1,6,12.69,62,116.97,6.1,75.76,1,0,53.01,108.45,1.67,365.72,5,36.1,60.52,2.91,2,4,0.0,620.55,1,3,541.9,2,2,2,0.0,2,0.0,2,0,59.6
3,5.0,3,3,9,1,22.0,31534,17.1,0,42.3,470.42,40.6,98.51,10.84,1.0,169.0,13.2,91,1,470.42,44.7,40,81.5,27.93,244.5,1,266.04,2,564.63,1,0,12.69,52,164.08,7.4,116.97,1,0,98.51,89.55,1.67,314.78,5,32.6,60.52,2.91,3,4,0.0,571.39,1,3,491.28,2,1,2,0.0,2,0.0,2,0,54.35
3,4.9,3,3,6,1,22.0,9727,20.6,0,35.2,350.02,44.2,249.41,11.87,1.0,185.0,15.4,68,1,350.02,45.7,60,83.0,28.14,244.5,1,174.66,2,425.96,1,0,14.92,52,313.71,7.4,194.04,1,0,249.41,169.89,1.61,164.59,5,38.3,65.79,2.44,3,4,0.0,427.72,0,3,340.78,2,1,2,0.0,2,0.0,2,0,51.35
3,4.9,3,3,7,1,22.0,29474,20.1,0,35.7,316.84,44.2,300.52,12.32,1.0,218.0,29.0,83,1,316.84,43.8,40,83.5,28.08,223.5,1,166.79,2,382.66,1,0,16.27,54,364.46,6.3,145.32,1,0,300.52,215.63,1.61,117.29,5,37.0,66.65,3.09,3,4,0.0,381.9,0,3,291.47,2,2,2,0.0,2,0.0,2,0,50.6
3,4.8,3,1,4,1,22.0,3527,30.9,1,31.4,252.58,37.8,429.39,11.84,1.0,194.0,20.2,61,1,257.64,43.85,40,85.0,27.11,208.5,1,228.0,2,271.48,1,0,16.09,78,391.76,6.4,59.31,2,0,412.68,82.48,1.53,75.88,5,26.5,69.45,2.26,2,4,0.0,258.48,0,3,152.09,2,2,2,0.0,2,0.0,2,0,58.1
3,4.8,3,1,3,1,22.0,941,29.8,0,33.7,268.92,36.4,403.03,12.06,1.0,262.0,35.3,99,1,268.92,44.0,40,84.5,27.86,195.0,1,196.36,2,304.23,1,0,15.32,51,443.31,5.9,63.65,2,0,403.03,134.03,1.61,55.6,5,30.2,67.79,2.76,2,4,0.0,296.28,0,3,196.1,2,2,2,0.0,2,0.0,2,0,55.1
3,4.8,3,1,6,1,22.0,692,33.7,1,28.5,212.19,37.8,455.73,11.53,1.0,206.0,19.9,46,1,256.59,43.79,40,85.5,26.84,210.0,1,226.89,2,245.42,1,0,15.21,70,340.22,6.3,91.2,2,0,361.13,30.93,1.53,117.29,5,29.9,71.61,2.18,2,4,0.0,226.31,0,3,114.42,2,2,2,0.0,2,1.0,2,0,57.35
3,4.7,3,1,8,1,22.0,7099,36.8,1,26.2,177.82,36.9,485.99,10.72,1.0,159.0,23.8,90,1,265.89,43.12,40,86.0,26.43,202.5,1,195.79,2,228.37,1,0,12.83,60,288.67,5.9,135.83,2,0,309.6,20.62,1.52,164.59,5,18.5,75.07,2.54,2,4,0.0,202.49,1,3,91.3,2,2,2,0.0,2,2.0,2,0,58.1
3,4.8,0,2,8,1,22.0,68644,5.8,1,58.2,212.19,35.9,578.3,13.01,1.0,378.0,32.3,3,1,419.47,35.07,20,88.5,28.43,63.0,3,226.89,2,304.23,1,4,18.05,39,30.93,6.6,65.78,3,0,52.75,249.01,1.54,349.92,5,20.0,81.19,7.59,2,4,4.0,0.0,1,3,67.51,2,1,2,0.0,2,0.0,2,0,44.6
3,5.5,0,1,24,1,22.0,17844,19.0,1,45.9,342.66,35.1,595.27,22.6,1.0,291.0,51.2,36,1,477.44,30.97,0,90.0,28.21,181.5,3,349.92,2,425.96,1,0,17.61,88,123.72,5.9,95.48,2,0,103.73,398.46,1.55,490.63,5,21.4,83.48,8.68,2,1,0.0,154.65,1,3,177.61,2,2,2,0.0,2,0.0,2,0,66.35
3,5.5,0,1,33,1,22.0,2023,25.5,1,42.6,390.22,31.9,589.85,33.57,1.0,353.0,33.9,100,1,436.93,25.87,0,90.5,28.35,159.0,3,395.75,2,471.0,1,0,19.27,40,175.27,5.7,146.14,2,0,155.1,449.0,1.55,539.12,5,22.9,85.25,11.31,2,1,0.0,206.19,2,3,226.11,2,2,2,0.0,2,0.0,2,0,64.35
3,6.2,3,1,100,1,22.0,4802,35.1,1,34.1,537.58,30.7,530.79,36.71,1.0,173.0,18.3,96,1,333.3,24.27,0,92.0,27.81,186.0,1,502.94,2,612.67,1,1,17.18,54,329.91,5.6,300.02,1,0,309.6,601.5,1.84,554.91,5,21.9,86.82,11.8,2,1,0.0,360.84,5,3,376.31,2,2,2,0.0,2,0.0,2,0,66.1
3,6.2,3,1,100,1,22.0,3599,36.4,1,31.6,587.61,32.0,519.56,25.03,1.0,420.0,47.0,96,1,308.08,33.31,0,92.5,25.99,169.5,1,500.38,2,661.29,1,0,6.17,69,381.45,5.3,351.48,1,0,361.13,652.51,1.84,543.25,5,24.1,83.75,6.3,2,1,0.0,412.38,0,3,427.03,2,3,2,0.0,2,0.0,2,0,67.35
3,6.2,3,1,100,1,22.0,122,31.7,1,34.6,688.44,33.7,511.6,7.51,1.0,592.0,66.3,92,1,279.67,34.11,0,93.5,24.42,151.5,1,510.54,2,759.83,1,0,6.29,95,484.54,5.4,454.48,1,0,464.22,754.19,1.84,533.74,5,23.0,67.48,4.48,2,1,0.0,515.47,1,3,528.88,2,3,2,0.0,2,0.0,2,0,66.1
3,6.2,3,1,100,1,22.0,240,45.6,1,29.1,739.14,25.4,510.54,7.51,1.0,213.0,35.7,0,2,278.74,34.11,0,94.0,24.42,184.5,1,522.96,2,809.59,1,0,6.29,25,510.54,5.8,500.79,1,0,515.1,803.66,1.7,536.13,5,19.1,67.48,4.48,2,1,0.0,567.01,0,3,579.93,2,2,1,0.0,2,0.0,1,0,64.8
3,6.2,3,2,100,1,22.0,1767,38.7,1,31.4,840.91,29.9,500.38,1.35,1.0,178.0,31.2,94,0,303.81,35.16,20,95.0,31.25,0.0,1,560.86,2,909.81,1,0,16.33,62,539.87,6.7,514.94,1,0,536.56,903.18,1.76,554.91,5,21.0,52.33,9.74,2,1,0.0,670.09,2,3,682.21,2,1,1,0.0,2,0.0,1,0,58.05
3,6.2,3,1,100,1,22.0,634,43.3,1,31.0,789.97,25.7,502.94,2.82,1.0,195.0,27.5,19,2,287.04,35.47,20,94.5,28.64,193.5,1,539.87,2,859.59,1,0,10.85,36,522.96,6.5,505.38,1,0,523.49,853.34,1.7,543.25,5,15.6,57.54,7.8,2,1,0.0,618.55,0,3,631.05,2,1,1,0.0,2,0.0,1,0,65.3
3,5.9,3,2,100,1,22.0,489,36.4,1,32.1,891.95,31.5,502.94,1.36,1.0,164.0,42.5,98,0,327.77,36.57,40,95.5,31.63,0.0,1,585.5,2,960.2,1,1,15.78,53,560.86,6.8,529.2,1,0,553.97,953.17,1.76,570.83,5,17.4,51.51,9.08,2,1,0.0,721.62,0,3,733.41,2,1,2,0.0,2,0.0,1,0,54.35
3,5.6,3,1,100,1,22.0,11622,41.4,1,28.0,943.06,30.7,510.54,1.47,1.0,146.0,23.5,23,2,357.47,35.36,20,96.0,30.0,199.5,1,613.33,2,1010.74,1,3,11.84,90,585.5,6.4,547.8,1,0,575.32,1003.27,1.7,590.68,5,15.8,53.54,9.11,2,1,0.0,773.16,2,3,784.63,2,2,2,0.0,2,0.0,1,0,63.1
3,6.8,3,1,100,1,22.0,18,38.8,1,27.6,1045.48,33.6,539.87,1.5,1.0,188.0,30.2,5,1,429.1,36.63,10,97.0,25.81,172.5,1,677.0,2,1112.18,1,0,6.3,9,643.96,5.6,596.27,1,0,614.56,1103.77,1.82,640.6,5,18.9,60.79,4.42,2,1,0.0,876.22,0,3,887.14,2,2,2,0.0,2,0.0,1,0,68.35
3,5.5,3,1,100,1,22.5,108812,50.2,1,28.4,0.0,21.4,158.72,7.6,4.0,93.0,7.4,53,2,157.5,40.74,40,70.5,28.98,235.5,1,212.49,3,1301.5,3,1,16.71,69,759.13,7.1,133.83,3,1,0.0,1045.66,1.71,1371.57,2,24.6,60.45,5.36,1,1,0.0,1265.51,1,2,38.02,2,1,2,0.0,1,0.0,3,0,49.3
3,5.5,3,1,100,1,22.5,15179,39.7,1,28.4,102.73,31.9,171.63,7.8,1.0,108.0,7.9,54,1,61.2,42.34,40,71.5,29.1,222.0,1,116.65,3,1222.63,3,22,16.67,62,676.27,7.2,162.56,3,1,91.0,981.37,1.7,1299.25,2,27.4,56.26,4.79,2,1,0.0,1184.48,3,2,75.32,2,1,3,0.0,1,0.0,1,0,55.85
1,4.7,3,1,7,1,22.5,218860,32.3,1,38.3,205.46,29.4,234.6,9.17,1.0,132.0,10.0,96,1,61.2,41.82,40,72.5,29.84,231.0,1,55.6,4,1147.97,1,0,14.38,58,599.08,7.1,237.12,3,0,63.59,924.57,1.7,1203.73,2,30.8,56.58,5.87,2,1,0.0,1107.47,1,2,147.83,2,1,2,0.0,1,0.0,1,0,68.1
1,4.1,3,1,2,1,22.5,24945,32.8,1,33.6,999.0,33.6,365.2,10.9,0.0,167.0,11.4,56,1,207.93,41.81,60,74.0,29.4,238.5,1,153.49,4,1045.85,1,1,16.13,70,499.68,7.1,375.29,2,0,193.41,797.48,1.7,1063.51,5,32.4,55.59,6.32,2,1,0.0,999.0,2,2,190.35,2,1,3,0.0,1,0.0,1,0,67.8
1,4.1,3,3,1,1,22.5,93290,16.6,1,38.3,999.0,45.2,509.57,9.3,0.0,96.0,10.2,79,1,360.7,43.43,40,75.5,28.19,244.5,1,51.37,3,958.94,1,1,15.27,66,415.39,7.6,513.63,1,0,287.64,645.88,1.69,928.44,5,49.1,55.28,4.33,3,1,0.0,999.0,2,0,313.91,2,1,3,0.0,2,0.0,1,0,65.05
3,4.1,3,3,1,1,22.5,230847,25.3,1,32.9,999.0,41.9,473.41,10.78,0.0,191.0,15.0,25,1,411.82,44.59,60,76.0,28.57,228.0,1,0.0,3,934.09,1,7,13.25,64,364.46,7.2,462.27,1,1,236.28,595.71,1.71,883.23,5,41.9,55.13,3.69,3,1,0.0,999.0,0,0,360.5,2,1,3,0.0,2,0.0,1,0,59.05
1,4.1,3,1,1,1,22.5,5154,23.7,1,37.6,999.0,38.7,422.07,10.78,0.0,94.0,8.4,72,1,462.97,44.59,60,76.5,28.57,249.0,1,51.37,3,911.61,1,3,13.25,61,313.71,7.3,410.91,1,1,184.91,545.8,1.71,832.14,5,38.5,55.13,3.69,2,1,0.0,999.0,2,0,408.29,2,1,3,0.0,2,0.0,1,0,71.05
1,4.1,3,3,2,1,22.5,5719,29.1,1,30.0,999.0,40.9,412.48,9.52,0.0,112.0,8.5,100,1,258.7,41.23,40,74.5,28.5,246.0,1,144.55,4,1014.99,1,0,16.85,48,472.78,7.3,423.89,2,0,243.14,746.8,1.7,1017.81,5,37.2,56.3,5.98,3,1,0.0,999.0,5,0,227.33,2,1,3,0.0,2,0.0,1,0,61.8
1,4.1,3,1,1,1,22.5,2302,25.2,1,39.3,999.0,35.5,370.76,12.58,0.0,122.0,10.4,98,1,514.15,45.14,60,77.0,28.82,249.0,1,102.73,3,891.67,1,0,12.69,66,263.22,7.3,359.55,1,1,133.55,496.24,1.7,781.1,5,32.9,55.45,3.74,2,1,0.0,999.0,2,0,456.91,2,1,3,0.0,2,0.0,1,0,71.05
1,0.0,3,1,0,1,22.5,6742,22.9,1,41.5,999.0,35.6,319.46,13.88,0.0,156.0,12.0,57,1,522.62,44.11,40,77.5,28.41,246.0,1,154.1,3,874.44,1,3,13.52,74,213.21,7.3,308.19,1,1,82.18,447.13,1.7,730.13,5,33.6,55.88,3.58,2,1,0.0,999.0,2,0,506.12,2,1,3,0.0,2,0.0,1,0,74.05
1,4.3,3,3,1,1,22.5,285017,21.8,1,34.9,999.0,43.3,268.21,14.0,0.0,198.0,22.8,67,1,525.04,42.38,40,78.0,27.98,226.5,1,205.46,3,860.09,1,21,12.51,83,164.08,6.6,256.82,1,1,30.82,398.66,1.71,679.24,5,33.1,57.53,4.1,3,1,0.0,999.0,7,0,555.76,2,1,3,0.0,2,0.0,1,0,65.55
1,4.7,3,3,3,1,22.5,0,20.5,1,37.4,999.0,42.1,165.98,13.69,0.0,180.0,15.3,0,1,544.07,43.71,40,79.0,26.55,240.0,1,308.19,3,825.32,1,0,13.62,0,75.76,7.1,154.1,1,1,71.91,304.79,1.71,577.8,5,44.2,58.48,1.93,3,1,0.0,999.0,0,0,569.49,2,1,2,0.0,2,0.0,1,0,65.3
1,4.7,3,1,3,1,22.5,1590,17.5,1,45.6,677.36,36.9,115.25,12.83,1.0,143.0,12.0,97,1,560.19,44.44,40,79.5,26.71,250.5,1,359.55,3,776.75,1,1,15.56,55,51.37,7.4,102.73,1,1,91.31,260.51,1.71,527.32,5,45.9,59.56,1.46,2,1,0.0,780.13,2,0,576.64,2,1,2,0.0,2,0.0,2,0,69.85
3,5.0,3,1,4,1,22.5,5862,16.3,1,45.6,631.76,38.1,65.57,13.04,1.0,147.0,14.7,90,1,580.26,45.31,40,80.0,27.3,250.5,1,410.91,3,728.61,1,2,15.79,60,0.0,7.4,51.37,1,0,65.57,219.46,1.67,477.06,5,43.7,59.93,1.81,2,1,0.0,735.41,2,3,588.35,2,1,2,0.0,2,0.0,2,0,60.35
3,5.0,3,3,4,1,22.5,405541,14.8,0,38.8,587.2,46.4,24.5,12.04,1.0,191.0,15.6,7,1,587.2,44.83,40,80.5,26.68,241.5,1,381.8,3,681.02,1,13,14.18,64,51.37,7.4,0.0,1,0,24.5,183.8,1.67,427.1,5,40.1,60.62,1.53,3,4,0.0,686.82,2,3,585.84,2,1,2,0.0,2,0.0,2,0,46.35
3,5.5,3,1,100,1,22.5,0,40.5,1,34.4,51.37,25.1,176.23,6.96,1.0,142.0,10.9,0,2,145.99,33.98,20,70.0,28.87,225.0,1,262.32,3,1342.29,3,0,16.47,0,802.15,6.9,147.09,4,1,51.37,1080.21,1.71,1397.58,2,21.7,68.75,8.45,2,1,0.0,1307.31,0,2,85.2,2,1,2,0.0,1,0.0,3,0,54.1
3,5.0,3,3,8,1,22.5,3661,17.4,0,40.1,425.77,42.5,196.59,11.08,1.0,182.0,14.0,79,1,425.77,45.97,40,82.5,27.48,234.0,1,245.27,3,499.07,1,2,13.04,60,256.82,7.4,205.46,1,0,196.59,171.82,1.68,234.26,5,37.0,63.8,1.49,3,4,0.0,498.87,0,3,381.14,2,1,2,0.0,2,0.0,2,0,53.1
3,5.0,3,3,9,1,22.5,0,19.4,0,38.9,462.7,41.7,145.63,11.01,1.0,189.0,22.1,0,1,462.7,45.18,40,82.0,27.35,223.5,1,271.18,3,542.86,1,0,13.08,0,205.46,7.1,154.1,1,0,145.63,150.33,1.68,280.7,5,33.8,60.93,1.71,3,4,0.0,544.56,0,3,432.27,2,1,2,0.0,2,0.0,2,0,53.1
3,4.9,3,3,7,1,22.5,1643,20.4,0,33.0,392.24,46.5,247.73,11.89,1.0,237.0,27.0,77,1,392.24,45.5,40,83.0,27.05,219.0,1,228.33,3,456.95,1,1,13.83,67,308.19,6.9,216.34,1,0,244.23,204.38,1.61,190.47,5,40.2,65.02,1.21,3,4,0.0,454.47,0,3,330.06,2,1,2,0.0,2,0.0,2,0,53.1
3,4.8,3,1,5,1,22.5,518,26.0,0,36.2,322.21,37.8,356.67,12.01,1.0,208.0,20.3,93,1,322.21,44.04,40,84.5,27.1,214.5,1,245.27,3,346.74,1,0,15.59,51,446.0,6.4,115.42,2,0,382.02,138.09,1.61,111.19,5,30.1,66.8,2.45,2,4,0.0,334.23,0,3,177.61,2,2,2,0.0,2,0.0,2,0,53.85
3,4.9,3,1,8,1,22.5,651,23.4,0,40.4,339.29,36.2,338.09,12.15,1.0,210.0,24.2,89,1,339.29,44.63,40,84.0,26.67,217.5,1,228.33,3,379.98,1,0,16.47,42,410.91,6.6,138.44,1,0,334.58,173.4,1.61,122.56,5,36.0,66.3,1.56,2,4,0.0,371.43,1,3,228.21,2,1,2,0.0,2,0.0,2,0,58.1
3,4.8,3,1,5,1,22.5,0,33.5,1,31.2,287.77,35.3,381.15,12.03,1.0,216.0,16.2,0,1,312.9,44.1,40,85.0,27.16,216.0,1,232.96,3,318.49,1,0,14.64,0,395.0,6.4,94.11,2,0,417.16,99.35,1.53,122.41,5,27.6,67.46,2.29,2,4,0.0,301.35,0,3,127.58,2,2,2,0.0,2,0.0,2,0,58.85
3,4.7,0,1,9,1,22.5,24423,37.8,1,25.7,206.72,36.5,480.04,11.26,1.0,186.0,20.1,77,1,335.3,44.81,40,86.5,27.4,208.5,3,122.41,3,277.99,1,1,13.64,72,243.14,6.2,151.73,2,0,265.88,37.99,1.52,151.13,5,17.3,72.43,2.65,2,4,0.0,213.21,0,3,45.39,2,2,2,0.0,2,1.0,2,0,55.6
3,4.7,0,1,12,1,22.5,22285,43.1,1,29.6,200.15,27.2,518.79,10.35,1.0,147.0,18.6,52,2,357.81,44.64,60,87.0,27.62,198.0,3,111.19,3,282.77,1,1,15.74,76,193.41,6.1,195.54,3,0,216.44,85.08,1.59,189.57,5,14.4,77.37,3.55,2,4,0.0,164.08,1,3,88.61,2,2,1,0.0,2,0.0,2,0,62.3
3,4.7,0,1,14,1,22.5,40011,23.2,1,44.9,206.72,31.8,534.26,10.14,1.0,138.0,23.5,42,1,386.02,44.91,40,87.5,27.63,190.5,3,122.41,3,296.67,1,1,17.74,76,144.88,6.4,182.24,3,0,168.22,135.29,1.59,232.96,5,19.2,80.33,2.9,2,4,0.0,116.97,0,3,93.09,2,2,2,0.0,2,0.0,2,0,67.1
3,4.7,0,3,14,1,22.5,0,9.9,1,49.8,253.19,40.3,522.71,11.95,1.0,312.0,32.3,0,1,455.09,41.82,40,88.5,28.09,172.5,3,189.57,4,346.74,1,0,14.89,0,63.59,6.3,99.38,4,0,84.27,237.15,1.54,326.57,5,20.7,79.53,3.92,3,4,1.0,55.6,0,3,15.14,2,2,2,0.0,2,0.0,2,0,57.35
3,5.7,0,1,59,3,22.5,23072,24.1,1,49.7,413.49,26.2,542.05,22.33,1.0,305.0,38.0,39,1,403.33,33.65,10,90.5,27.8,186.0,3,375.09,4,499.07,1,2,18.07,73,183.58,5.6,163.85,2,0,168.22,441.97,1.55,501.58,5,21.2,85.23,7.28,2,3,0.0,213.21,2,3,215.94,2,2,1,0.0,2,0.0,2,0,51.55
3,6.2,3,1,100,3,22.5,7390,37.8,1,31.3,602.76,30.9,464.89,20.78,1.0,196.0,26.5,98,1,258.9,33.0,10,92.5,26.52,175.5,1,444.78,4,681.02,1,0,7.48,46,384.81,5.4,358.7,1,2,366.45,640.14,1.84,488.69,5,22.2,80.69,7.31,2,1,0.0,415.39,0,3,421.18,2,3,2,0.0,2,0.0,2,1,56.35
3,6.2,3,1,100,3,22.5,19661,35.2,1,32.3,651.74,32.5,457.69,12.01,1.0,490.0,41.4,89,1,236.88,35.35,0,93.0,22.92,157.5,1,447.65,4,728.61,1,0,5.33,68,435.79,5.4,409.11,1,2,417.16,690.02,1.84,480.8,5,22.6,77.27,1.94,2,1,0.0,466.43,1,3,472.5,2,3,2,0.0,2,0.0,2,1,56.35
3,6.2,3,2,100,3,22.5,0,30.2,1,32.5,701.1,37.2,456.01,4.76,1.0,653.0,84.9,0,1,224.48,35.13,0,93.5,24.69,147.0,1,456.14,4,776.75,1,0,5.18,0,447.65,5.3,445.81,1,2,456.01,740.07,1.84,478.14,5,24.2,66.47,3.78,2,1,0.0,517.55,0,3,523.83,2,3,2,0.0,2,0.0,1,1,52.85
3,6.2,3,1,100,3,22.5,262,43.5,1,28.7,750.77,27.8,456.14,4.76,1.0,251.0,32.2,0,2,223.32,35.13,0,94.0,24.69,174.0,1,469.95,4,825.32,1,0,5.18,30,456.14,5.7,445.24,1,2,459.92,790.25,1.7,480.8,5,19.1,66.47,3.78,2,1,0.0,568.72,0,3,575.16,2,2,1,0.0,2,0.0,1,1,55.05
3,6.2,3,1,100,3,22.5,2314,44.4,1,28.8,800.7,26.7,447.65,1.99,1.0,264.0,32.7,99,2,233.56,36.31,20,94.5,28.84,186.0,1,488.62,4,874.26,1,0,7.05,56,469.95,5.8,450.38,1,2,469.27,840.54,1.7,488.69,5,16.6,56.85,7.61,2,1,0.0,619.95,0,3,626.49,2,2,1,0.0,2,0.0,1,1,53.8
3,6.2,3,2,100,3,22.5,0,36.7,1,27.4,850.83,35.8,444.78,1.17,1.0,148.0,36.6,0,0,253.83,35.81,20,95.0,31.33,0.0,1,511.64,4,923.52,1,0,14.31,0,488.62,6.5,461.04,1,2,483.75,890.92,1.76,501.58,5,19.4,51.26,9.16,2,1,0.0,671.2,0,3,677.81,2,1,2,0.0,2,0.0,1,1,49.85
3,5.6,3,1,100,3,22.5,107,30.7,1,33.3,901.13,36.0,447.65,1.27,1.0,177.0,21.0,84,1,281.96,36.03,40,95.5,31.86,201.0,1,538.43,4,973.03,1,1,16.11,51,511.64,6.6,476.86,1,2,502.92,941.38,1.76,519.07,5,17.6,50.03,9.61,2,1,0.0,722.48,1,3,729.14,2,1,2,0.0,2,0.0,1,1,55.1
3,5.6,3,1,100,3,22.5,0,35.6,1,30.7,951.58,33.7,456.14,1.61,1.0,150.0,32.9,0,1,315.87,35.44,20,96.0,29.38,187.5,1,568.47,4,1022.77,1,0,12.53,0,538.43,6.6,497.34,1,2,526.26,991.9,1.7,540.74,5,17.7,53.77,8.26,2,1,0.0,773.78,0,3,780.47,2,1,2,0.0,2,0.0,1,1,60.35
3,6.9,3,1,100,3,22.5,47,31.8,1,37.8,1002.15,30.3,469.95,1.61,1.0,243.0,26.5,6,1,353.9,35.44,20,96.5,29.38,184.5,1,601.26,4,1072.7,1,7,12.53,17,568.47,5.8,521.93,1,2,553.25,1042.47,1.7,566.1,5,18.0,53.77,8.26,2,1,0.0,825.1,0,3,831.79,2,2,2,0.0,2,0.0,1,1,58.6
3,6.8,3,1,100,3,22.5,701,35.9,1,33.7,1052.82,30.4,488.62,1.76,1.0,218.0,25.0,86,1,394.86,36.6,10,97.0,25.67,184.5,1,636.39,4,1122.79,1,0,4.56,71,601.26,5.9,550.08,1,2,559.25,1093.08,1.82,594.67,5,16.0,60.25,4.07,2,1,0.0,876.43,1,3,883.11,2,2,2,0.0,2,0.0,1,1,58.6
3,5.5,3,1,100,1,23.0,26920,53.5,1,22.7,75.63,23.8,226.79,5.77,1.0,109.0,8.9,83,2,91.27,40.12,20,70.0,29.0,228.0,1,255.89,3,1376.21,3,1,15.79,74,773.93,7.3,198.87,3,1,75.63,1121.27,1.69,1445.32,2,25.0,61.07,4.63,1,1,0.0,1339.8,3,2,113.13,2,1,2,0.0,1,0.0,3,0,59.85
3,5.5,3,1,100,1,23.0,15428,51.8,1,27.3,75.63,20.9,212.27,7.19,1.0,131.0,8.4,95,2,104.82,42.91,40,71.0,29.59,231.0,1,153.53,3,1297.88,3,5,16.72,73,685.76,7.2,193.47,2,1,75.63,1056.57,1.71,1367.15,2,28.2,54.23,4.6,1,1,0.0,1259.44,1,2,80.5,2,1,2,0.0,1,0.0,3,0,59.85
3,5.5,3,1,100,1,23.0,132894,36.7,1,37.2,116.65,26.1,223.25,7.19,1.0,173.0,9.9,53,1,55.84,42.91,40,71.5,29.59,222.0,1,102.36,3,1260.17,3,24,16.72,58,643.1,7.3,210.53,3,1,116.65,1026.71,1.71,1319.79,2,28.3,54.23,4.6,2,1,0.0,1220.66,3,2,105.92,2,1,2,0.0,1,0.0,3,0,56.6
3,5.8,3,1,100,1,23.0,455952,32.2,1,38.7,163.55,29.1,244.8,7.51,1.0,142.0,15.9,90,1,22.24,43.2,60,72.0,29.91,228.0,1,51.18,3,1223.55,1,2,15.07,61,601.66,7.3,237.74,3,1,113.08,998.72,1.89,1272.8,2,28.2,52.59,4.9,2,1,0.0,1182.92,0,2,145.68,2,1,2,0.0,1,0.0,1,0,55.6
1,4.0,3,1,3,1,23.0,12138,34.9,1,42.9,999.0,22.1,349.36,9.63,0.0,177.0,9.3,84,1,155.25,42.92,60,73.5,29.22,234.0,1,102.36,4,1121.27,1,0,14.97,63,487.72,7.2,353.44,3,0,173.78,858.03,1.71,1134.45,2,30.8,53.76,5.44,1,1,0.0,999.0,1,2,212.75,2,1,2,0.0,1,0.0,1,0,73.3
1,4.7,3,1,5,1,23.0,0,30.4,1,33.3,262.32,36.3,309.9,9.59,1.0,173.0,9.8,0,1,104.82,43.02,60,73.0,29.63,228.0,1,51.18,4,1153.99,1,0,14.95,0,523.58,7.6,311.16,4,0,138.27,908.17,1.71,1180.08,2,35.0,53.12,5.61,2,1,0.0,999.0,0,2,201.21,2,1,3,0.0,2,0.0,1,0,60.6
1,3.9,3,1,1,1,23.0,21359,39.4,1,31.4,999.0,29.2,391.64,9.63,0.0,124.0,10.0,99,1,206.06,42.92,60,74.0,29.22,241.5,1,153.53,4,1090.11,1,0,14.97,60,454.66,7.0,397.9,3,0,215.77,808.04,1.68,1089.39,5,32.2,53.76,5.44,2,1,0.0,999.0,3,2,235.25,2,1,2,0.0,1,0.0,1,0,67.3
1,4.1,3,3,1,1,23.0,2876,20.5,1,32.8,999.0,46.7,481.63,9.03,0.0,105.0,8.5,100,1,308.09,42.53,40,75.0,27.62,244.5,1,116.65,3,1032.97,1,0,15.83,73,399.64,7.4,490.96,2,0,308.38,708.72,1.68,991.62,5,47.1,55.22,4.57,3,1,0.0,999.0,1,0,302.37,2,1,3,0.0,2,0.0,1,0,62.55
1,4.1,3,3,1,1,23.0,16896,17.0,1,34.9,999.0,48.1,528.41,9.46,0.0,105.0,10.7,98,1,359.19,43.56,40,75.5,27.34,246.0,1,75.63,3,1007.3,1,1,16.16,57,379.31,7.4,515.7,2,0,292.45,659.48,1.68,940.96,5,48.9,55.17,3.34,3,1,0.0,999.0,1,0,342.68,2,1,3,0.0,2,0.0,1,0,62.55
1,4.1,3,3,1,1,23.0,90535,15.8,1,41.9,999.0,42.2,478.4,10.75,0.0,108.0,9.6,56,1,410.31,44.46,40,76.0,27.48,250.5,1,55.6,3,983.76,1,8,14.59,72,364.9,7.5,464.77,1,1,242.31,610.61,1.69,890.39,5,47.9,55.27,2.7,3,1,0.0,999.0,0,0,385.66,2,1,3,0.0,2,0.0,1,0,67.05
1,0.0,3,1,0,1,23.0,18526,19.5,1,42.3,999.0,38.2,377.53,12.63,0.0,112.0,10.0,74,1,469.72,45.24,40,77.0,27.77,249.0,1,116.65,3,943.7,1,4,13.57,58,279.86,7.4,363.18,1,1,144.44,514.4,1.68,789.57,5,43.2,55.63,2.69,2,1,0.0,999.0,3,0,476.72,2,1,3,0.0,2,0.0,1,0,73.3
1,0.0,3,3,0,1,23.0,124079,19.5,1,38.4,999.0,42.1,327.49,14.2,0.0,139.0,12.6,71,1,467.02,45.37,40,77.5,27.88,243.0,1,163.55,3,927.5,1,9,12.79,69,233.62,7.3,312.61,1,1,99.1,467.39,1.68,739.37,5,43.6,56.34,2.34,3,1,0.0,999.0,5,0,500.78,2,1,3,0.0,2,0.0,1,0,66.3
1,4.7,3,3,3,1,23.0,0,20.5,1,34.5,999.0,45.0,229.12,14.03,0.0,126.0,11.0,0,1,477.74,45.4,60,78.5,28.2,244.5,1,262.32,3,892.15,1,0,12.57,0,133.06,7.4,212.49,1,1,59.26,376.89,1.67,639.56,5,36.3,56.65,2.74,3,1,0.0,999.0,0,0,506.8,2,1,2,0.0,2,0.0,1,0,62.3
3,5.0,3,1,4,1,23.0,136530,13.0,1,47.2,660.13,39.8,99.24,13.2,1.0,203.0,18.3,53,1,530.5,45.64,40,80.0,27.3,247.5,1,404.69,3,750.52,1,2,14.52,72,20.47,7.1,75.63,1,0,99.24,259.29,1.65,492.2,5,43.8,59.44,1.72,2,1,0.0,754.6,2,3,551.21,2,1,2,0.0,2,0.0,2,0,65.35
3,5.0,3,1,4,1,23.0,5413,19.5,0,41.0,617.77,39.5,78.51,12.13,1.0,190.0,17.5,82,1,556.14,45.35,40,80.5,26.3,237.0,1,368.09,3,704.58,1,0,14.72,50,71.65,7.1,55.6,1,0,78.51,230.0,1.65,444.14,5,41.8,61.26,0.94,2,4,0.0,707.5,2,3,574.11,2,1,2,0.0,2,0.0,2,0,60.1
3,5.0,3,1,9,1,23.0,2792,22.6,0,40.9,538.01,36.5,120.78,10.85,1.0,202.0,19.7,41,1,538.01,44.38,40,81.5,25.57,234.0,1,307.18,3,615.43,1,0,13.39,82,163.55,7.0,116.65,1,0,93.08,200.42,1.65,350.9,5,39.1,62.21,1.13,2,4,0.0,615.51,0,3,481.92,2,1,2,0.0,2,0.0,2,0,60.1
3,5.0,3,3,8,1,23.0,1900,16.1,0,37.9,467.65,46.0,209.94,10.88,1.0,155.0,13.5,81,1,467.65,45.55,40,82.5,26.99,249.0,1,271.64,3,531.48,1,1,14.4,68,262.32,7.4,212.49,1,0,171.78,220.58,1.63,264.92,5,41.5,61.53,0.9,3,4,0.0,527.72,1,3,379.64,2,1,2,0.0,2,0.0,2,0,53.1
3,4.9,3,3,7,1,23.0,3401,23.2,0,36.2,411.56,40.6,271.64,11.81,1.0,212.0,15.9,67,1,411.56,43.45,20,83.5,25.07,219.0,1,271.64,3,455.6,1,1,15.14,54,363.18,6.9,187.03,1,0,266.82,192.12,1.56,195.99,5,36.0,66.73,0.59,3,4,0.0,446.63,0,3,277.45,2,1,2,0.0,2,0.0,2,0,54.35
3,5.0,3,3,8,1,23.0,2720,17.4,0,40.1,437.45,42.5,258.29,11.57,1.0,176.0,14.1,89,1,437.45,44.42,20,83.0,25.79,241.5,1,266.87,3,492.29,1,0,14.81,59,312.61,7.2,237.51,1,0,218.51,241.46,1.56,227.26,5,40.0,64.5,0.32,3,4,0.0,486.12,2,3,328.53,2,1,2,0.0,2,0.0,2,0,56.35
3,4.9,3,1,7,1,23.0,0,26.8,0,37.9,390.85,35.3,285.49,11.81,1.0,229.0,30.9,0,1,390.85,43.45,20,84.0,25.07,189.0,1,282.74,3,422.08,1,0,15.14,0,413.91,6.0,137.04,1,0,315.99,143.98,1.55,163.02,5,34.4,66.73,0.59,2,4,0.0,409.85,0,3,226.44,2,2,2,0.0,2,0.0,2,0,59.6
3,4.8,3,1,4,1,23.0,512,27.8,0,32.9,363.27,39.2,307.18,11.91,1.0,213.0,33.2,97,1,376.18,42.91,20,84.5,25.26,199.5,1,261.39,3,392.53,1,0,15.49,82,455.5,6.5,88.33,1,0,365.68,98.85,1.55,116.31,5,34.6,67.47,1.18,2,4,0.0,376.59,1,3,175.55,2,1,2,0.0,2,0.0,2,0,61.35
3,4.8,3,1,9,1,23.0,5012,32.4,1,30.8,298.95,36.8,368.09,11.87,1.0,200.0,27.3,91,1,367.53,44.05,40,85.5,26.92,204.0,1,163.02,3,349.25,1,0,14.87,67,356.77,6.5,39.13,2,0,379.9,59.23,1.46,55.6,5,25.4,68.62,2.68,2,4,0.0,324.83,0,3,75.07,2,1,2,0.0,2,0.0,2,0,60.6
3,4.7,0,1,9,1,23.0,30446,39.6,1,29.1,260.9,31.3,444.07,11.47,1.0,161.0,21.0,80,1,387.41,45.1,40,86.5,27.31,213.0,3,75.5,3,333.58,1,0,13.63,77,261.13,6.1,127.14,2,0,284.54,45.36,1.46,116.31,5,18.1,71.85,2.5,2,4,0.0,233.62,1,3,37.93,2,2,2,0.0,2,1.0,2,0,55.6
3,5.5,0,1,27,1,23.0,15048,12.2,1,50.4,328.64,37.3,468.75,11.04,1.0,169.0,26.8,55,1,516.18,42.88,40,89.0,28.01,187.5,3,211.76,4,422.08,1,2,17.05,59,113.08,6.2,133.83,3,0,122.31,279.84,1.42,361.86,5,19.8,77.95,3.25,2,4,0.0,122.49,0,3,75.9,2,2,2,0.0,2,0.0,2,0,65.85
3,5.7,0,1,79,3,23.0,5662,34.9,1,32.7,485.58,32.4,467.86,20.54,1.0,435.0,37.1,80,1,330.19,36.98,10,91.0,27.03,192.0,3,412.41,4,572.66,1,0,17.14,67,251.87,5.6,236.55,2,0,239.17,477.76,1.72,468.19,5,19.7,86.86,4.14,2,3,0.0,279.86,0,3,270.2,2,2,2,0.0,2,0.0,2,0,49.85
3,6.2,3,1,100,3,23.0,3435,31.6,1,40.5,575.87,27.8,424.5,20.59,1.0,161.0,18.6,90,1,247.75,35.4,10,92.0,26.67,181.5,1,392.44,4,659.48,1,1,7.4,36,347.02,5.4,326.62,1,0,331.67,578.32,1.75,448.79,5,17.9,86.25,6.0,2,1,0.0,376.34,0,3,371.68,2,3,1,0.0,2,0.0,2,0,57.55
3,6.2,3,1,100,3,23.0,1172,38.0,1,37.8,766.25,24.2,402.06,3.4,1.0,227.0,31.0,91,1,168.03,35.74,0,94.0,24.45,187.5,1,417.61,4,844.41,1,0,5.55,95,402.06,5.7,389.71,1,2,404.85,780.56,1.58,425.54,5,20.7,66.93,3.21,1,1,0.0,575.81,0,3,575.72,2,2,1,0.0,2,0.0,1,1,65.55
3,6.2,3,1,100,3,23.0,0,39.7,1,31.3,815.06,29.0,392.44,1.88,1.0,197.0,31.4,0,1,181.37,37.19,20,94.5,29.1,178.5,1,438.44,4,892.15,1,0,5.54,0,417.61,5.7,395.55,1,2,415.41,831.26,1.58,434.4,5,19.4,56.7,6.83,2,1,0.0,626.28,0,3,626.82,2,2,1,0.0,2,0.0,1,1,59.05
3,5.6,3,1,100,3,23.0,225,32.6,1,35.8,913.59,31.6,392.44,1.42,1.0,181.0,19.3,97,1,240.32,36.69,40,95.5,31.32,195.0,1,493.14,4,988.8,1,0,14.36,60,463.85,6.4,425.34,1,2,452.93,932.74,1.6,468.19,5,17.4,50.95,8.76,2,1,0.0,727.58,0,3,729.08,2,2,2,0.0,2,0.0,1,1,55.35
3,6.9,3,2,100,3,23.0,410,33.6,1,35.1,1013.03,31.3,417.61,2.14,1.0,608.0,68.3,56,1,321.44,36.88,20,96.5,28.78,144.0,1,560.82,4,1086.69,1,0,8.34,58,525.65,5.3,475.14,1,2,500.48,1034.31,1.73,519.65,5,25.9,56.27,6.52,2,1,0.0,829.22,0,3,831.39,2,3,2,0.0,2,0.0,1,1,51.6
3,6.8,3,1,100,3,23.0,0,27.1,1,43.8,1063.01,29.1,438.44,2.65,1.0,363.0,39.9,0,1,365.9,35.49,10,97.0,25.4,169.5,1,598.19,4,1136.0,1,0,4.72,0,560.82,5.5,505.79,1,2,504.0,1085.12,1.64,550.52,5,22.9,62.29,4.76,2,1,0.0,880.13,0,3,882.55,2,2,1,0.0,2,0.0,1,1,59.05
3,5.5,3,1,100,1,23.5,123380,55.0,1,24.5,189.57,20.5,324.81,4.84,1.0,110.0,7.2,57,2,88.05,39.17,20,69.0,28.82,223.5,1,361.86,3,1490.97,4,12,25.02,80,842.12,7.0,294.78,3,1,189.57,1231.33,1.66,1546.19,0,19.7,63.42,4.58,1,1,0.0,1455.08,1,2,227.59,2,1,2,0.0,1,0.0,3,0,57.6
3,5.5,3,1,100,1,23.5,98935,46.3,1,32.5,122.41,21.2,279.27,5.14,1.0,90.0,10.1,77,2,39.09,43.9,40,70.0,29.48,211.5,1,261.39,3,1411.48,3,2,16.43,66,748.77,7.8,252.28,3,1,122.41,1163.53,1.69,1482.67,2,24.3,54.78,2.99,1,1,0.0,1373.76,1,2,156.59,2,1,2,0.0,1,0.0,3,0,57.35
3,5.5,3,1,100,1,23.5,198936,49.2,1,31.2,151.13,19.5,298.5,4.92,1.0,175.0,10.7,90,2,45.24,42.86,40,69.5,29.01,208.5,1,311.49,3,1450.83,4,5,20.62,72,795.22,7.5,269.5,3,1,151.13,1196.76,1.66,1519.2,0,20.1,58.4,3.11,1,1,0.0,1414.04,4,2,188.51,2,1,2,0.0,1,0.0,3,0,53.6
3,5.5,3,1,100,1,23.5,18107,53.4,1,25.5,122.41,21.1,267.66,6.55,1.0,136.0,9.3,89,2,126.7,43.89,40,71.0,29.84,226.5,1,163.02,3,1335.49,3,6,16.25,71,657.62,7.1,248.06,2,1,122.41,1101.52,1.71,1388.73,2,27.6,51.77,3.97,1,1,0.0,1295.78,4,2,135.0,2,1,2,0.0,1,0.0,3,0,59.1
3,5.5,3,1,100,1,23.5,0,43.0,1,33.6,151.13,23.5,276.41,6.55,1.0,78.0,32.0,0,2,93.12,43.89,40,71.5,29.84,183.0,1,116.31,3,1298.99,3,0,16.25,0,613.18,7.2,261.54,3,1,151.13,1069.43,1.71,1342.3,2,28.3,51.77,3.97,1,1,0.0,1258.24,0,2,151.48,2,1,2,0.0,1,0.0,3,0,57.35
1,5.5,3,1,18,1,23.5,79043,38.1,1,34.9,232.96,27.0,319.06,8.13,1.0,162.0,11.1,52,1,93.12,42.91,60,72.5,29.67,234.0,1,55.6,4,1229.46,1,11,14.45,69,527.55,7.4,313.03,3,0,169.61,969.95,1.89,1250.74,2,32.1,50.15,5.31,2,1,0.0,1186.52,0,2,219.37,2,1,2,0.0,1,0.0,1,0,65.1
1,4.6,3,1,3,1,23.5,0,40.0,1,31.4,999.0,28.6,385.17,8.57,0.0,197.0,11.2,0,1,171.98,43.68,60,73.5,28.98,226.5,1,116.31,4,1165.21,1,0,14.98,0,448.29,7.3,385.63,3,0,213.52,871.22,1.71,1151.38,2,28.5,51.98,4.71,2,1,0.0,999.0,0,2,265.69,2,1,2,0.0,1,0.0,1,0,64.3
1,4.6,3,1,2,1,23.5,5337,40.2,1,39.4,999.0,20.4,423.76,8.57,0.0,148.0,8.4,100,2,218.79,43.68,60,74.0,28.98,232.5,1,163.02,4,1135.35,1,0,14.98,46,412.22,7.3,426.6,2,0,248.77,822.22,1.68,1101.06,2,29.0,51.98,4.71,1,1,0.0,999.0,2,2,283.96,2,1,2,0.0,1,0.0,1,0,66.8
1,0.0,3,1,0,1,23.5,0,40.3,1,31.8,999.0,27.9,464.84,8.6,0.0,153.0,11.9,0,2,267.19,43.35,60,74.5,28.62,231.0,1,189.57,4,1107.17,1,0,14.72,0,379.44,7.1,469.63,2,0,288.86,773.54,1.68,1050.84,2,33.6,53.03,4.96,2,1,0.0,999.0,0,0,309.78,2,1,2,0.0,1,0.0,1,0,64.05
1,0.0,3,3,0,1,23.5,5293,18.3,1,35.2,999.0,46.5,507.81,8.89,0.0,98.0,8.6,100,1,316.44,43.64,40,75.0,27.63,247.5,1,151.13,3,1080.8,1,0,15.3,70,350.87,7.3,514.2,2,0,316.57,725.22,1.68,1000.73,2,43.7,54.2,3.84,3,1,0.0,999.0,2,0,341.45,2,1,3,0.0,2,0.0,2,0,62.55
1,0.0,3,3,0,1,23.5,0,19.5,1,34.2,999.0,46.3,539.13,9.21,0.0,113.0,8.6,0,1,366.2,44.7,40,75.5,27.45,247.5,1,122.41,3,1056.37,1,0,13.99,0,327.62,7.5,523.68,1,0,295.76,677.36,1.68,950.74,2,49.2,54.31,2.72,3,1,0.0,999.0,0,0,377.48,2,1,3,0.0,2,0.0,2,0,67.05
1,0.0,3,3,0,1,23.5,4424,21.5,1,33.5,999.0,45.0,489.68,10.27,0.0,94.0,9.2,100,1,388.75,45.11,40,76.0,27.68,249.0,1,111.19,3,1034.02,1,0,13.91,57,310.89,7.6,473.81,1,1,260.35,630.06,1.69,900.91,1,49.5,54.34,2.54,3,1,0.0,999.0,1,0,416.75,2,1,3,0.0,2,0.0,1,0,67.05
1,0.0,3,1,0,1,23.5,843,24.1,1,37.1,999.0,38.8,440.63,10.27,0.0,115.0,7.8,99,1,403.44,45.11,40,76.5,27.68,247.5,1,122.41,3,1013.89,1,1,13.91,55,301.75,7.6,424.23,1,1,215.19,583.45,1.69,851.25,1,44.7,54.34,2.54,2,1,0.0,999.0,1,0,458.43,2,1,3,0.0,2,0.0,1,0,74.05
1,0.0,3,1,0,1,23.5,0,29.5,1,33.9,999.0,36.6,392.13,11.84,0.0,109.0,9.9,0,1,414.48,45.45,40,77.0,27.6,244.5,1,151.13,3,996.12,1,0,12.83,0,291.41,7.4,375.09,1,1,173.4,537.72,1.68,801.8,1,39.5,55.28,2.38,2,1,0.0,999.0,0,0,450.29,2,1,3,0.0,2,0.0,1,0,74.05
1,0.0,3,1,0,1,23.5,3769,21.4,1,40.2,999.0,38.4,297.87,13.49,0.0,132.0,10.6,88,1,414.48,45.67,40,78.0,27.4,246.0,1,232.96,3,959.98,1,4,13.22,81,192.12,7.6,279.0,1,1,115.36,449.94,1.67,703.71,1,43.6,57.11,1.52,2,1,0.0,999.0,3,0,445.8,2,1,3,0.0,2,0.0,1,0,73.3
1,4.7,3,3,3,1,23.5,18824,22.7,1,36.5,999.0,40.9,211.34,13.61,0.0,143.0,12.1,99,1,438.15,45.99,40,79.0,27.22,252.0,1,326.57,3,866.64,1,0,13.61,66,98.85,7.2,189.57,1,1,132.28,369.98,1.68,607.14,1,38.1,57.98,1.29,3,1,0.0,999.0,8,0,463.51,2,1,2,0.0,2,0.0,1,0,63.8
1,5.0,3,3,4,1,23.5,0,16.4,1,40.2,733.4,43.3,174.64,13.23,1.0,107.0,9.7,0,1,457.86,45.75,40,79.5,27.52,250.5,1,375.09,3,820.85,1,0,14.32,0,63.49,7.3,151.13,1,1,142.76,334.72,1.68,559.67,1,38.4,58.45,1.76,3,1,0.0,823.46,0,0,480.04,2,1,2,0.0,2,0.0,2,0,64.85
3,5.0,3,3,4,1,23.5,37080,16.2,1,43.4,691.81,40.4,146.91,12.87,1.0,144.0,12.8,28,1,482.02,45.82,40,80.0,27.47,249.0,1,369.91,3,775.79,1,5,12.43,70,59.23,7.5,122.41,1,0,104.29,304.1,1.65,512.95,1,41.4,58.77,2.01,3,1,0.0,777.28,2,3,501.07,2,1,2,0.0,2,0.0,2,0,59.85
3,5.0,3,1,9,1,23.5,1263,16.8,0,44.3,576.88,38.9,162.18,10.42,1.0,253.0,22.1,100,1,575.09,45.12,40,81.5,27.08,217.5,1,260.16,3,646.51,1,0,14.37,50,182.36,6.9,151.13,1,0,55.59,251.26,1.65,380.03,1,42.4,59.95,1.92,2,4,0.0,643.65,0,3,486.77,2,1,2,0.0,2,0.0,2,0,60.1
3,5.0,3,3,9,1,23.5,0,17.6,0,41.9,543.02,40.5,195.88,10.55,1.0,180.0,30.4,0,1,543.02,44.92,40,82.0,26.47,220.5,1,234.26,3,606.09,1,0,14.62,0,231.53,6.2,189.57,1,0,104.29,224.31,1.63,339.71,1,38.2,60.38,1.48,3,4,0.0,601.36,0,3,436.39,2,2,2,0.0,2,0.0,2,0,51.35
3,5.0,3,1,7,1,23.5,2556,16.6,0,45.3,512.15,38.1,217.25,10.27,1.0,197.0,27.7,91,1,512.15,45.23,40,82.5,25.96,217.5,1,217.25,3,567.49,1,0,16.05,59,279.0,6.2,232.96,1,0,154.45,206.45,1.63,302.76,1,40.5,62.13,0.33,2,4,0.0,560.62,0,3,386.2,2,2,2,0.0,2,0.0,2,0,56.35
3,5.0,3,3,8,1,23.5,930,14.1,0,45.1,484.82,40.8,211.27,10.59,1.0,239.0,30.2,100,1,484.82,44.27,40,83.0,26.47,223.5,1,211.27,3,531.1,1,0,13.74,52,326.57,6.3,235.76,1,0,205.0,200.15,1.56,254.93,1,39.6,61.75,1.04,3,4,0.0,521.79,0,3,336.29,2,2,2,0.0,2,0.0,2,0,51.35
3,4.9,3,3,8,1,23.5,0,21.4,0,37.7,461.69,40.9,217.25,10.99,1.0,254.0,33.6,0,1,461.69,43.63,20,83.5,25.36,198.0,1,217.25,3,497.41,1,0,13.52,0,375.09,6.1,185.03,1,0,255.7,183.55,1.56,203.94,1,36.8,64.35,0.63,3,4,0.0,485.35,0,3,286.81,2,2,2,0.0,2,0.0,2,0,54.6
3,4.8,3,1,5,1,23.5,953,24.7,0,40.2,404.05,35.1,260.16,11.38,1.0,222.0,29.6,92,1,430.56,43.37,20,84.5,25.2,208.5,1,254.93,3,440.58,1,0,14.7,67,471.4,6.6,84.61,1,0,357.32,81.58,1.55,101.97,1,39.0,65.6,0.58,2,4,0.0,422.03,1,3,190.44,2,1,2,0.0,2,0.0,2,0,63.35
3,4.7,3,1,9,1,23.5,30144,28.0,1,35.6,327.94,36.4,369.91,11.12,1.0,186.0,24.1,90,1,428.69,44.89,40,86.0,27.0,205.5,1,101.97,3,392.59,1,0,13.5,70,332.04,6.3,74.82,2,0,355.45,52.66,1.46,50.99,1,31.5,71.03,1.9,2,4,0.0,305.83,1,3,80.48,2,2,2,0.0,2,0.0,2,0,58.85
3,4.7,0,1,9,1,23.5,28011,31.3,1,35.5,315.58,33.2,412.46,11.12,1.0,178.0,20.5,56,1,440.37,44.89,40,86.5,27.0,210.0,3,50.99,3,389.18,1,1,13.5,65,288.86,6.5,124.46,2,0,312.11,34.88,1.46,101.97,1,22.9,71.03,1.9,2,4,0.0,264.34,0,3,83.66,2,1,2,0.0,2,1.0,2,0,57.35
3,4.7,0,1,14,1,23.5,95284,30.6,1,37.6,315.58,31.8,426.0,9.84,1.0,143.0,18.7,25,1,479.84,45.15,40,87.5,27.73,195.0,3,50.99,3,402.65,1,5,16.11,83,213.52,6.0,225.61,3,0,235.22,116.9,1.4,203.94,1,16.7,74.87,1.99,2,4,0.0,195.79,2,3,135.99,2,2,2,0.0,2,0.0,2,0,67.1
3,4.7,0,1,18,1,23.5,39724,22.9,1,38.8,327.94,38.4,415.81,9.49,1.0,141.0,19.5,59,1,506.38,44.18,40,88.0,27.97,189.0,3,101.97,3,418.87,1,2,17.24,72,185.87,6.4,220.17,3,0,205.36,166.35,1.38,254.93,1,19.1,75.19,2.57,2,4,0.0,174.49,0,3,108.12,2,2,2,0.0,2,0.0,2,0,67.1
3,4.7,0,1,21,1,23.5,65567,13.6,1,52.2,347.58,34.2,411.54,10.12,1.0,166.0,24.4,70,1,536.59,43.23,40,88.5,28.01,190.5,3,152.96,4,440.58,1,1,16.84,66,169.61,6.6,198.81,3,0,185.16,216.48,1.38,305.91,1,18.2,76.37,2.94,2,4,0.0,166.79,1,3,100.6,2,1,2,0.0,2,0.0,2,0,67.6
3,5.1,0,3,29,1,23.5,3651,13.3,1,44.4,373.34,42.3,413.38,10.12,1.0,153.0,23.3,90,1,500.08,43.23,40,89.0,28.01,184.5,3,203.94,4,467.01,1,0,16.84,60,168.05,6.1,189.31,3,0,177.91,266.91,1.42,356.89,1,17.8,76.37,2.94,3,4,0.0,174.49,1,3,117.4,2,2,2,0.0,2,0.0,2,0,58.85
3,5.7,0,1,65,3,23.5,0,27.7,1,32.7,476.36,39.5,451.8,14.11,1.0,165.0,22.4,0,1,353.17,37.6,10,90.5,27.67,181.5,3,356.89,4,567.49,1,0,15.67,0,241.26,5.5,237.42,2,0,235.22,418.92,1.51,396.78,1,19.1,82.22,4.37,2,3,0.0,264.34,0,3,237.02,2,2,2,0.0,2,0.0,2,0,51.85
3,5.5,0,1,48,1,23.5,36990,22.7,1,46.9,438.67,30.4,434.8,12.56,1.0,180.0,19.5,60,1,401.69,39.14,20,90.0,27.86,186.0,3,305.91,4,531.1,1,2,18.12,51,207.27,5.7,210.38,2,0,205.36,368.19,1.51,380.49,1,17.7,80.04,4.21,2,3,0.0,226.89,0,3,191.87,2,2,2,0.0,2,0.0,2,0,57.6
3,6.2,3,1,100,3,23.5,2380,37.4,1,36.3,601.82,26.3,372.43,15.07,1.0,173.0,22.3,99,1,214.0,34.88,10,92.0,26.29,180.0,1,337.37,4,688.44,1,0,5.31,30,348.47,5.4,352.54,1,0,355.45,571.33,1.75,396.78,1,17.4,85.64,5.72,2,1,0.0,395.75,0,3,381.68,2,3,1,0.0,2,0.0,2,0,57.55
3,6.2,3,1,100,3,23.5,3664,25.7,1,40.8,738.37,33.5,344.85,3.84,1.0,459.0,36.9,27,1,115.3,35.63,0,93.5,23.92,156.0,1,348.47,4,820.85,1,0,5.18,87,337.37,5.5,334.95,1,2,344.85,723.87,1.59,366.94,1,23.5,69.99,2.65,2,1,0.0,539.12,0,3,531.29,2,2,2,0.0,2,0.0,1,1,59.85
3,6.2,3,1,100,3,23.5,669,34.5,1,38.3,785.36,27.2,348.47,3.84,1.0,203.0,23.2,4,1,113.04,35.63,0,94.0,23.92,184.5,1,366.23,4,866.64,1,1,5.18,32,348.47,6.2,334.19,1,2,349.96,774.73,1.58,370.38,1,19.3,69.99,2.65,2,1,0.0,588.08,2,3,581.61,2,2,1,0.0,2,0.0,1,1,60.3
3,5.9,3,1,100,3,23.5,1674,29.9,1,36.6,929.19,33.5,337.37,2.04,1.0,218.0,19.4,100,1,205.39,37.87,40,95.5,30.35,189.0,1,450.16,4,1007.38,1,0,9.61,77,418.0,6.2,374.99,1,2,404.42,927.33,1.6,418.51,1,19.6,54.95,7.61,2,1,0.0,736.84,0,3,733.23,2,2,2,0.0,2,0.0,1,1,55.35
3,5.5,3,1,100,1,24.0,16403,54.0,1,23.4,195.59,22.7,349.0,4.0,1.0,64.0,19.3,90,2,37.75,44.36,40,69.5,29.79,195.0,1,325.49,3,1486.26,4,2,21.94,41,774.55,7.4,320.74,2,1,195.59,1238.82,1.67,1550.92,0,15.5,53.56,2.95,1,1,0.0,1448.23,0,2,231.08,2,1,2,0.0,1,0.0,3,0,56.85
3,5.5,3,1,100,1,24.0,12382,48.1,1,32.6,195.59,19.3,330.38,5.95,1.0,121.0,9.0,94,2,142.86,44.7,40,71.5,29.88,222.0,1,150.87,3,1338.98,3,2,15.22,66,587.0,7.2,314.11,2,1,195.59,1082.23,1.8,1361.17,2,27.2,49.43,3.24,1,1,0.0,1297.1,1,2,202.12,2,1,2,0.0,1,0.0,3,0,59.85
1,4.6,3,1,5,1,24.0,49517,40.6,1,38.4,305.04,21.0,389.3,8.54,1.0,162.0,10.2,57,2,167.98,42.6,40,73.0,28.6,234.0,1,122.33,3,1240.26,1,0,15.37,69,454.11,7.3,388.3,3,0,236.98,935.89,1.68,1211.15,2,33.1,49.69,4.68,1,1,0.0,999.0,0,2,293.8,2,1,2,0.0,1,0.0,1,0,66.1
1,4.6,3,1,5,1,24.0,14111,34.7,1,33.4,999.0,31.9,417.38,7.83,0.0,169.0,11.1,71,1,203.06,43.6,40,73.5,28.15,228.0,1,150.87,3,1210.09,1,0,14.19,57,412.59,7.3,422.69,3,0,259.15,887.68,1.68,1161.35,2,40.2,50.51,4.15,2,1,0.0,999.0,0,2,319.53,2,1,3,0.0,1,0.0,1,0,67.8
1,4.6,3,1,3,1,24.0,7540,42.7,1,36.9,999.0,20.5,449.33,7.83,0.0,143.0,8.3,99,2,243.84,43.6,40,74.0,28.15,226.5,1,189.1,3,1181.47,1,0,14.19,59,373.25,7.5,460.25,2,0,288.78,839.83,1.68,1111.67,2,29.6,50.51,4.15,1,1,0.0,999.0,3,2,334.82,2,1,2,0.0,1,0.0,1,0,70.3
1,4.6,3,1,1,1,24.0,3444,23.1,1,39.1,999.0,37.9,521.89,8.76,0.0,108.0,9.5,99,1,322.62,44.18,40,75.0,27.58,246.0,1,195.59,3,1129.33,1,1,14.32,47,304.45,7.5,542.16,2,0,268.89,745.5,1.66,1012.78,2,43.1,53.24,3.3,2,1,0.0,999.0,1,0,384.61,2,1,3,0.0,2,0.0,2,0,69.05
1,0.0,3,1,0,1,24.0,0,31.4,1,31.9,999.0,36.6,506.83,9.67,0.0,109.0,7.7,0,1,334.88,45.76,60,76.0,27.89,246.0,1,166.79,3,1084.8,1,0,13.22,0,257.55,7.4,489.03,1,1,228.03,653.67,1.66,914.67,1,45.7,53.37,2.25,2,1,0.0,999.0,0,0,424.78,2,1,3,0.0,2,0.0,2,0,71.05
1,0.0,3,1,0,1,24.0,908,27.4,1,37.0,999.0,35.6,413.75,10.74,0.0,120.0,8.4,100,1,359.34,45.96,60,77.0,27.8,249.0,1,195.59,3,1048.86,1,0,13.37,50,245.46,7.5,394.54,1,1,213.21,565.55,1.67,817.61,1,36.4,54.14,2.26,2,1,0.0,999.0,2,0,395.44,2,1,3,0.0,2,0.0,1,0,71.05
1,0.0,3,1,0,1,24.0,251,37.0,1,32.3,999.0,30.7,369.02,12.07,0.0,125.0,8.7,79,1,355.82,46.19,40,77.5,27.22,244.5,1,226.5,3,1028.6,1,4,13.82,66,254.58,7.2,348.92,1,1,185.74,523.47,1.67,769.61,1,36.6,56.03,1.46,2,1,0.0,999.0,4,0,389.7,2,1,3,0.0,1,0.0,1,0,74.55
1,0.0,3,1,0,1,24.0,0,23.0,1,43.6,999.0,33.3,326.17,12.23,0.0,164.0,12.8,0,1,359.34,45.72,40,78.0,27.63,238.5,1,263.75,3,982.41,1,0,13.54,0,214.6,7.5,305.04,1,1,169.58,483.18,1.65,722.06,1,36.7,55.85,1.75,2,1,0.0,999.0,0,0,390.34,2,1,3,0.0,1,0.0,1,0,75.3
1,4.7,3,1,2,1,24.0,1823,25.6,1,37.1,999.0,37.3,286.05,12.51,0.0,123.0,15.1,90,1,369.68,45.91,40,78.5,27.29,246.0,1,305.04,3,936.77,1,7,14.79,59,173.02,6.4,263.75,1,1,168.04,445.17,1.65,675.04,1,30.7,56.91,1.3,2,1,0.0,999.0,1,0,397.34,2,2,2,0.0,2,0.0,1,0,70.55
1,4.7,3,1,2,1,24.0,1733,23.8,1,39.0,999.0,37.2,249.98,12.51,0.0,124.0,9.0,95,1,386.3,45.91,40,79.0,27.29,246.0,1,337.34,3,891.76,1,3,14.79,56,137.91,7.1,226.5,1,1,127.75,410.06,1.67,628.69,1,42.5,56.91,1.3,2,1,0.0,999.0,0,0,410.37,2,1,2,0.0,2,0.0,2,0,72.3
3,5.0,3,1,3,1,24.0,0,24.8,1,39.5,726.35,35.7,198.74,12.09,1.0,133.0,9.5,0,1,435.24,46.65,40,80.0,27.47,246.0,1,340.69,3,804.1,1,0,15.1,0,113.05,7.4,174.44,1,0,77.84,335.87,1.63,538.65,1,39.3,58.62,1.3,2,1,0.0,803.17,0,3,452.21,2,1,2,0.0,2,0.0,2,0,64.85
3,5.0,3,1,3,1,24.0,1461,31.0,0,38.4,688.36,30.6,189.31,11.26,1.0,226.0,22.5,98,1,465.91,46.59,40,80.5,27.39,219.0,1,296.67,3,761.71,1,1,13.57,58,132.13,7.1,166.79,1,0,60.82,291.07,1.63,495.45,1,37.5,59.15,1.16,2,4,0.0,759.42,0,3,479.64,2,1,2,0.0,2,0.0,2,0,60.1
3,5.0,3,1,9,1,24.0,20311,21.4,0,40.0,618.31,38.6,210.24,10.1,1.0,119.0,11.6,58,1,536.12,46.0,40,81.5,27.48,252.0,1,217.24,3,680.72,1,1,13.08,71,205.95,7.1,195.59,1,0,60.82,209.46,1.63,410.88,1,37.1,59.37,1.56,2,4,0.0,675.2,0,3,497.81,2,1,2,0.0,2,0.0,2,0,60.1
3,5.0,3,1,8,1,24.0,20096,24.6,0,36.4,586.96,38.9,185.58,10.45,1.0,222.0,25.9,100,1,574.57,45.66,40,82.0,27.19,222.0,1,185.58,3,642.59,1,0,14.59,57,250.38,6.3,226.5,1,0,107.03,176.38,1.63,360.52,1,38.8,58.95,1.45,2,4,0.0,635.16,0,3,448.87,2,2,2,0.0,2,0.0,2,0,58.35
3,5.0,3,1,7,1,24.0,440,22.5,0,43.2,558.63,34.3,163.66,9.55,1.0,135.0,11.8,99,1,558.63,44.97,40,82.5,27.42,241.5,1,163.66,3,606.45,1,0,16.88,46,296.92,7.4,263.75,1,0,156.15,153.13,1.63,310.35,1,38.0,58.84,1.79,2,4,0.0,596.88,1,3,400.45,2,1,2,0.0,2,0.0,2,0,58.1
3,5.0,3,1,7,1,24.0,438,16.6,0,46.9,533.78,36.5,155.67,9.34,1.0,133.0,11.0,97,1,533.78,44.1,40,83.0,27.66,246.0,1,155.67,3,572.67,1,0,16.12,80,344.72,7.4,246.86,1,0,206.11,144.55,1.67,260.44,1,41.9,59.86,2.54,2,4,0.0,560.71,0,3,352.75,2,1,2,0.0,2,0.0,2,0,58.1
3,4.9,3,1,7,1,24.0,1165,16.6,0,45.1,512.94,38.2,163.66,10.1,1.0,158.0,14.8,97,1,512.94,44.46,40,83.5,27.41,238.5,1,163.66,3,541.69,1,1,14.88,72,393.32,6.9,199.18,1,0,256.42,153.13,1.67,211.01,1,41.2,61.1,2.35,2,4,0.0,527.09,0,3,306.13,2,1,2,0.0,2,0.0,2,0,60.1
3,4.9,3,1,8,1,24.0,3179,20.2,0,46.6,479.37,33.3,185.58,10.1,1.0,180.0,15.3,93,1,496.59,44.46,40,84.0,27.41,241.5,1,185.58,3,514.02,1,6,14.88,54,441.36,7.2,153.59,1,0,306.91,143.52,1.53,162.47,1,37.7,61.1,2.35,2,4,0.0,496.54,2,3,261.16,2,1,2,0.0,2,0.0,2,0,60.1
3,5.5,0,1,43,1,24.0,4694,20.0,1,51.9,448.02,28.1,367.09,10.64,1.0,173.0,20.6,77,1,439.46,40.94,20,89.5,27.91,193.5,3,260.44,4,541.69,1,0,16.79,63,233.65,6.0,248.04,2,0,239.05,315.92,1.38,315.37,1,18.1,77.66,3.32,2,4,0.0,244.81,1,3,191.97,2,2,1,0.0,2,0.0,2,0,56.8
3,6.2,3,1,100,3,24.0,14346,32.6,1,38.4,674.1,29.0,302.93,13.55,1.0,457.0,36.1,20,1,143.04,32.6,0,92.5,25.58,171.0,1,277.99,4,761.71,1,5,3.89,68,282.5,5.0,307.19,1,2,302.93,620.48,1.51,327.14,1,22.2,83.99,6.03,2,1,0.0,465.88,7,3,446.69,2,3,1,0.0,2,0.0,1,1,56.55
3,6.2,3,1,100,3,24.0,573,31.6,1,41.5,807.83,26.9,295.33,5.37,1.0,565.0,48.8,98,1,59.18,34.34,0,94.0,23.07,163.5,1,316.27,4,891.76,1,0,5.12,38,295.62,5.4,278.71,1,2,295.33,772.85,1.51,315.37,1,18.9,75.51,2.73,2,1,0.0,605.22,3,3,592.66,2,3,1,0.0,2,0.0,1,1,56.05
3,5.9,3,1,100,3,24.0,359,32.6,1,37.7,947.77,29.7,282.5,3.07,1.0,189.0,26.8,99,1,181.1,36.65,20,95.5,28.54,187.5,1,410.22,4,1028.6,1,0,6.03,62,374.8,5.4,326.34,1,2,357.96,925.22,1.51,370.51,1,18.2,59.98,6.69,2,1,0.0,750.09,0,3,741.52,2,3,1,0.0,2,0.0,1,1,55.55
3,5.9,3,1,100,3,24.0,437,34.4,1,39.7,1091.54,25.9,343.11,4.53,1.0,243.0,34.2,86,1,329.15,36.93,20,97.0,29.2,180.0,1,531.06,4,1169.84,1,0,3.25,52,488.93,5.5,425.23,1,2,393.79,1077.58,1.73,469.56,1,20.3,59.66,6.55,2,1,0.0,897.81,3,3,891.82,2,2,1,0.0,2,0.0,1,1,58.3
3,5.0,3,1,23,1,24.5,10607,32.0,1,43.6,338.28,24.4,409.3,2.68,1.0,108.0,11.1,99,1,198.53,44.88,40,68.0,29.68,223.5,1,487.39,3,1639.31,4,1,16.09,56,904.06,7.7,444.42,2,1,338.28,1381.89,1.65,1694.97,0,13.6,55.49,2.76,1,1,0.0,1602.65,5,2,376.13,2,1,3,0.0,1,0.0,3,0,64.85
3,5.5,3,1,57,1,24.5,435,36.5,1,38.3,301.73,25.2,374.1,2.8,1.0,74.0,8.2,100,1,153.15,46.91,60,68.5,30.13,226.5,1,439.92,3,1599.74,4,0,13.72,62,855.02,7.6,415.77,2,1,301.73,1347.36,1.65,1665.95,0,14.3,51.26,2.09,2,1,0.0,1562.27,3,2,339.0,2,1,3,0.0,1,0.0,3,0,56.1
3,5.5,3,1,100,1,24.5,431,50.3,1,22.8,244.65,26.9,315.97,3.08,1.0,58.0,6.5,99,2,83.58,45.74,60,69.5,30.23,222.0,1,347.9,3,1522.88,4,0,17.48,33,757.39,7.8,373.23,2,1,244.65,1281.89,1.67,1570.23,0,12.3,49.13,2.35,2,1,0.0,1483.7,3,2,278.28,2,1,3,0.0,1,0.0,3,0,48.85
3,5.5,3,1,100,1,24.5,9562,45.2,1,29.0,228.16,25.8,295.47,3.58,1.0,76.0,6.2,51,2,80.44,44.78,40,70.0,30.16,225.0,1,304.23,3,1485.71,3,0,19.57,24,708.87,7.8,361.09,2,1,228.16,1243.45,1.71,1520.33,2,11.0,47.5,2.48,2,1,0.0,1445.63,17,2,257.89,2,1,3,0.0,1,0.0,3,0,52.35
3,5.5,3,1,100,1,24.5,14254,38.7,1,33.8,228.16,27.5,277.99,5.05,1.0,90.0,7.9,89,1,144.51,45.44,40,71.0,30.06,216.0,1,226.11,3,1414.21,3,5,15.3,68,612.64,7.6,358.17,2,1,228.16,1146.04,1.8,1420.78,2,21.0,46.4,2.56,2,1,0.0,1372.26,0,2,245.48,2,1,3,0.0,1,0.0,3,0,59.1
3,5.5,3,1,100,1,24.5,8130,38.6,1,42.1,244.65,19.4,282.46,5.05,1.0,136.0,8.3,95,1,189.23,45.44,40,71.5,30.06,223.5,1,195.39,3,1380.04,3,3,15.3,64,565.07,7.3,367.57,2,1,244.65,1097.66,1.8,1371.15,2,22.5,46.4,2.56,1,1,0.0,1337.12,1,2,254.84,2,1,3,0.0,1,0.0,3,0,64.35
1,5.5,3,1,9,1,24.5,152479,47.1,1,33.5,301.73,19.4,315.97,7.45,1.0,149.0,9.5,76,2,195.77,44.42,40,72.5,28.58,222.0,1,166.79,3,1315.25,1,6,13.64,69,471.6,7.4,405.55,2,0,279.67,1001.75,1.7,1272.22,2,32.3,48.36,2.54,1,1,0.0,1270.34,8,2,299.89,2,1,3,0.0,1,0.0,1,0,68.35
1,4.6,3,1,4,1,24.5,117422,35.2,1,32.9,999.0,31.9,374.1,7.19,0.0,184.0,12.7,63,1,243.05,43.75,40,73.5,26.93,225.0,1,195.39,3,1255.82,1,12,13.5,61,381.68,7.3,463.48,2,0,308.08,907.24,1.68,1173.84,2,39.3,49.7,2.55,2,1,0.0,999.0,2,2,368.44,2,1,3,0.0,1,0.0,1,0,70.3
1,4.6,3,1,2,1,24.5,11326,32.3,1,29.7,999.0,38.0,447.34,7.9,0.0,122.0,9.3,100,1,273.55,45.1,40,74.5,27.69,243.0,1,263.15,3,1202.54,1,0,12.96,63,298.57,7.3,534.9,2,0,261.29,814.63,1.68,1076.18,2,39.0,49.99,2.43,2,1,0.0,999.0,3,0,406.18,2,1,3,0.0,2,0.0,2,0,68.3
3,0.0,3,1,0,1,24.5,68623,34.0,1,30.7,999.0,35.3,529.46,8.79,0.0,141.0,9.4,77,1,269.86,44.69,40,75.5,27.82,243.0,1,228.16,3,1156.26,1,0,15.85,65,229.77,7.3,556.19,1,0,194.76,724.66,1.66,979.45,2,32.3,52.74,2.38,2,1,0.0,999.0,6,0,399.5,2,1,3,0.0,2,0.0,2,0,65.55
3,0.0,3,1,0,1,24.5,26320,36.3,1,35.1,999.0,28.7,529.29,9.27,0.0,113.0,8.0,99,1,281.69,46.05,60,76.0,28.21,243.0,1,222.39,3,1136.03,1,0,14.31,51,205.41,7.3,509.88,1,1,174.21,680.99,1.66,931.52,1,27.9,52.29,1.99,2,1,0.0,999.0,4,0,374.34,2,1,2,0.0,2,0.0,2,0,66.05
3,0.0,3,1,0,1,24.5,885,35.8,1,36.9,999.0,27.3,441.34,9.87,0.0,122.0,8.4,91,1,304.37,45.93,60,77.0,27.96,243.0,1,244.65,3,1097.82,1,1,13.46,75,190.1,7.2,420.49,1,1,174.21,597.25,1.67,836.81,1,32.2,52.97,2.26,2,1,0.0,999.0,2,0,340.84,2,1,2,0.0,2,0.0,2,0,66.8
3,4.7,3,1,1,1,24.5,704,28.1,1,40.2,999.0,31.7,294.11,10.89,0.0,112.0,8.8,100,1,335.65,45.71,40,79.0,27.63,243.0,1,282.46,3,919.55,1,0,13.2,55,185.6,7.3,269.91,1,1,103.52,413.11,1.67,654.25,1,27.9,56.28,1.77,2,1,0.0,999.0,8,0,357.98,2,1,2,0.0,2,0.0,2,0,65.8
3,4.7,3,1,2,1,24.5,13071,32.8,1,31.6,800.99,35.5,269.15,11.17,1.0,176.0,15.4,100,1,360.8,46.09,40,79.5,27.56,229.5,1,295.47,3,876.85,1,0,13.62,54,169.56,7.1,244.65,1,1,55.23,364.03,1.67,610.8,1,29.6,57.69,1.44,2,1,0.0,874.94,4,0,378.98,2,1,2,0.0,2,0.0,2,0,66.1
3,5.0,3,1,3,1,24.5,2073,16.0,0,50.5,727.46,33.5,244.84,10.68,1.0,123.0,10.4,99,1,424.53,46.85,40,80.5,27.56,241.5,1,271.18,3,794.56,1,0,13.55,60,181.37,7.6,222.39,1,0,55.23,267.37,1.63,519.9,1,39.0,58.2,1.01,2,4,0.0,789.96,1,3,435.38,2,1,2,0.0,2,0.0,2,0,60.1
3,5.0,3,1,8,1,24.5,3061,25.9,0,42.9,693.5,31.2,225.1,9.59,1.0,148.0,10.6,90,1,461.26,47.11,40,81.0,27.8,240.0,1,225.1,3,755.31,1,1,14.35,46,206.72,7.4,228.16,1,0,88.96,220.46,1.63,470.42,1,34.7,57.77,0.86,2,4,0.0,749.14,7,3,469.04,2,1,2,0.0,2,0.0,2,0,58.6
3,5.0,3,1,7,1,24.5,4342,27.5,0,41.2,632.74,31.4,142.05,9.88,1.0,214.0,13.5,100,1,541.14,46.87,40,82.0,27.79,244.5,1,142.05,3,681.67,1,0,13.89,63,279.2,7.3,269.91,1,0,134.97,134.48,1.63,372.5,1,34.7,58.2,0.77,2,4,0.0,671.86,0,3,467.66,2,1,2,0.0,2,0.0,2,0,60.1
3,5.0,3,1,7,1,24.5,3649,27.7,0,39.2,606.64,33.1,112.05,8.87,1.0,126.0,11.9,99,1,583.41,46.75,40,82.5,27.86,238.5,1,112.05,3,647.84,1,0,15.61,61,321.44,7.3,301.73,1,0,176.33,102.26,1.63,324.39,1,35.0,58.05,1.02,2,4,0.0,635.93,1,3,421.59,2,1,2,0.0,2,0.0,2,0,58.1
3,5.0,3,1,8,1,24.5,707,21.0,0,40.3,583.93,38.7,100.08,8.48,1.0,146.0,11.3,97,1,583.93,45.71,40,83.0,28.09,246.0,1,100.08,3,616.46,1,0,16.53,81,365.9,7.3,269.21,1,0,221.64,88.96,1.67,277.22,1,40.8,58.1,2.01,2,4,0.0,602.24,0,3,376.77,2,1,2,0.0,2,0.0,2,0,58.1
3,4.9,3,1,7,1,24.5,179,22.2,0,42.3,554.58,35.6,112.05,9.23,1.0,152.0,12.1,100,1,565.01,45.55,40,83.5,27.92,228.0,1,112.05,3,587.9,1,0,15.74,71,411.84,7.3,226.47,1,0,268.89,102.26,1.67,231.6,1,37.9,59.69,1.9,2,4,0.0,571.19,0,3,333.7,2,1,2,0.0,2,0.0,2,0,58.1
3,4.5,3,1,4,1,24.5,6975,30.2,1,37.1,449.71,32.7,271.18,9.44,1.0,140.0,24.6,91,1,534.13,45.02,40,85.5,26.88,216.0,1,188.63,3,510.84,1,3,13.63,46,436.93,6.3,134.97,1,0,459.89,113.04,1.44,111.19,1,26.9,66.26,1.14,2,4,0.0,413.75,8,3,202.03,2,2,2,0.0,2,0.0,2,0,59.85
3,4.7,3,1,7,1,24.5,554,40.4,1,30.8,434.83,28.8,318.57,9.63,1.0,144.0,18.0,98,2,538.58,44.87,40,86.0,26.84,223.5,1,150.61,3,503.01,1,0,14.1,58,398.86,6.7,151.22,1,0,421.38,87.78,1.43,122.25,1,20.9,67.97,1.32,2,4,0.0,377.48,1,3,190.13,2,1,1,0.0,2,0.0,2,0,58.3
3,4.7,0,1,9,1,24.5,4964,38.1,1,32.4,425.65,29.4,366.44,9.63,1.0,140.0,17.5,99,1,547.85,44.87,40,86.5,26.84,210.0,3,122.25,3,500.38,1,0,14.1,40,363.97,6.6,180.79,2,0,385.81,78.49,1.43,150.61,1,16.1,67.97,1.32,2,4,0.0,344.99,1,3,191.48,2,1,1,0.0,2,0.0,2,0,58.55
3,4.7,3,1,5,1,24.5,713,22.3,0,41.8,522.81,35.9,142.05,9.23,1.0,136.0,10.6,28,1,550.27,45.55,40,84.0,27.92,234.0,1,142.05,3,562.6,1,0,15.74,50,458.82,7.3,187.8,1,0,317.23,134.48,1.53,188.63,1,39.3,59.69,1.9,2,4,0.0,537.19,0,3,293.15,2,1,2,0.0,2,0.0,2,0,58.1
3,3.8,3,3,1,1,24.5,708,19.8,0,39.7,494.33,40.5,181.34,9.77,1.0,129.0,15.8,95,1,540.06,45.54,40,84.5,28.06,229.5,1,181.34,3,541.03,1,0,14.95,46,506.56,7.0,156.26,1,0,366.21,137.72,1.53,150.61,1,43.1,60.57,1.97,3,4,0.0,494.19,0,3,256.34,2,1,2,0.0,2,0.0,2,0,55.6
3,5.0,0,1,11,1,24.5,646,37.1,1,37.8,422.54,25.1,340.24,9.62,1.0,176.0,21.1,81,1,561.71,44.29,40,87.0,27.21,207.0,3,111.19,3,503.01,1,1,15.96,56,333.3,6.4,218.34,2,0,354.05,98.82,1.36,188.63,1,20.7,69.06,1.65,2,4,0.0,317.42,0,3,205.84,2,2,1,0.0,2,0.0,2,0,67.55
3,5.0,0,1,13,1,24.5,616,42.5,1,34.7,425.65,22.8,319.76,9.06,1.0,247.0,29.2,82,2,579.83,44.09,40,87.5,27.46,201.0,3,122.25,3,510.84,1,0,14.55,56,308.08,6.1,260.43,2,0,327.23,136.07,1.36,231.6,1,17.9,70.57,1.93,1,4,0.0,296.16,0,3,230.33,2,2,1,0.0,2,0.0,2,0,56.8
3,4.5,3,1,3,1,24.5,2776,19.2,1,48.2,469.76,32.6,225.1,9.59,1.0,169.0,16.5,90,1,534.63,45.43,40,85.0,27.52,216.0,1,225.1,3,523.63,1,4,14.06,56,477.44,7.1,136.87,1,0,415.62,115.3,1.44,122.25,1,29.1,62.71,1.41,2,4,0.0,452.88,0,3,225.1,2,1,2,0.0,2,0.0,2,0,63.1
3,5.0,0,1,19,1,24.5,11841,21.3,1,50.2,434.83,28.4,306.17,8.6,1.0,188.0,17.7,94,1,586.82,43.01,40,88.0,28.03,195.0,3,150.61,3,523.63,1,0,15.74,72,289.75,6.5,305.19,2,0,306.64,180.03,1.35,274.69,1,19.5,72.13,2.63,2,4,0.0,282.64,1,3,215.17,2,1,1,0.0,2,0.0,2,0,69.3
3,5.3,0,1,66,1,24.5,2404,22.1,1,42.1,494.33,35.8,313.44,10.53,1.0,150.0,21.0,66,1,435.07,41.05,20,89.5,27.8,192.0,3,277.22,4,587.9,1,6,15.83,50,287.04,6.3,303.0,2,0,272.62,324.01,1.38,260.61,1,20.6,77.54,2.7,2,4,0.0,296.16,0,3,239.18,2,2,2,0.0,2,0.0,1,0,53.85
3,5.5,0,1,93,1,24.5,2747,36.6,1,45.5,522.81,17.9,331.29,12.47,1.0,122.0,18.2,69,1,384.48,40.24,20,90.0,27.59,196.5,3,324.39,4,616.46,1,6,14.46,43,303.81,7.1,314.01,2,0,254.5,373.45,1.35,274.69,1,17.8,79.66,2.67,1,3,0.0,317.42,0,3,266.89,2,1,1,0.0,2,0.0,1,0,64.55
3,5.7,0,1,100,3,24.5,3141,35.1,1,35.8,554.58,29.1,355.35,15.16,1.0,149.0,23.3,70,1,333.9,40.14,20,90.5,27.39,187.5,3,299.57,4,647.84,1,1,13.37,60,327.77,5.8,332.59,1,0,245.45,423.2,1.35,296.66,1,18.1,81.2,2.69,2,3,0.0,344.99,1,3,300.75,2,2,1,0.0,2,0.0,1,0,55.55
3,5.7,0,1,100,3,24.5,34584,38.9,1,32.6,625.94,28.5,301.42,18.64,1.0,232.0,21.1,20,1,232.72,37.45,20,91.5,27.36,183.0,3,243.98,5,717.59,1,11,14.32,85,268.55,5.8,320.52,1,0,257.44,523.25,1.49,324.94,1,21.6,82.09,4.79,2,3,0.0,413.75,7,3,380.09,2,2,1,0.0,2,0.0,1,0,51.55
3,6.7,3,1,100,3,24.5,48460,40.8,1,33.6,664.7,25.6,272.49,19.14,1.0,204.0,20.7,60,2,182.13,37.4,10,92.0,26.98,190.5,1,227.98,5,755.31,1,19,13.94,69,243.98,5.6,286.51,1,0,272.49,573.46,1.51,296.66,1,19.0,83.86,4.22,2,1,0.0,452.88,12,3,423.4,2,2,1,0.0,2,0.0,1,0,52.55
3,5.7,3,1,100,3,24.5,79909,39.3,1,33.0,705.06,27.7,250.35,16.08,1.0,438.0,29.3,81,1,131.54,38.09,20,92.5,26.81,177.0,1,222.39,5,794.56,1,0,6.57,57,227.98,5.1,257.83,1,2,250.35,623.74,1.51,274.69,1,15.5,82.54,4.98,2,1,0.0,494.19,2,3,468.25,2,3,1,0.0,2,0.0,1,1,51.8
3,6.2,3,1,100,3,24.5,15442,30.8,1,38.9,746.76,30.3,236.93,9.69,1.0,385.0,30.9,10,1,80.95,34.57,0,93.0,25.33,169.5,1,227.98,5,835.14,1,4,4.86,79,222.39,5.1,236.44,1,2,236.93,674.1,1.55,260.61,1,18.7,79.7,4.74,2,1,0.0,537.19,5,3,514.24,2,3,2,0.0,2,0.0,1,1,53.1
3,6.2,3,1,100,3,24.5,8811,27.5,1,40.1,789.6,32.4,233.72,7.04,1.0,335.0,33.0,87,1,30.35,33.29,0,93.5,23.0,168.0,1,243.98,5,876.85,1,0,5.98,65,227.98,5.3,224.42,1,2,233.72,724.5,1.55,255.75,1,19.6,79.36,2.83,2,1,0.0,581.49,1,3,561.09,2,3,2,0.0,2,0.0,1,1,53.85
3,6.2,3,1,100,3,24.5,21078,35.1,1,36.2,833.39,28.7,241.14,7.04,1.0,208.0,30.6,58,1,20.24,33.29,0,94.0,23.0,190.5,1,268.55,5,919.55,1,0,5.98,72,243.98,5.7,223.29,1,2,241.14,774.93,1.51,260.61,1,17.1,79.36,2.83,2,1,0.0,626.82,4,3,608.6,2,2,1,0.0,2,0.0,1,1,57.05
3,5.9,3,1,100,3,24.5,3523,31.3,1,38.7,877.99,30.0,227.98,6.0,1.0,188.0,22.4,97,1,70.83,36.46,10,94.5,25.61,195.0,1,299.57,5,963.1,1,0,5.58,66,268.55,5.7,233.22,1,2,258.27,825.4,1.51,274.69,1,20.1,71.51,4.04,2,1,0.0,672.97,1,3,656.62,2,2,1,0.0,2,0.0,1,1,56.55
3,5.9,3,1,100,3,24.5,28,32.3,1,37.8,923.28,29.9,222.39,4.68,1.0,171.0,28.6,22,1,121.42,38.02,20,95.0,28.54,190.5,1,335.26,5,1007.39,1,2,4.37,25,299.57,5.7,252.9,1,2,283.35,875.9,1.51,296.66,1,21.6,64.39,6.25,2,1,0.0,719.78,0,3,705.05,2,2,1,0.0,2,0.0,1,1,56.55
3,5.9,3,1,100,3,24.5,123,33.0,1,36.0,969.18,31.0,227.98,4.14,1.0,181.0,27.8,7,1,172.01,37.93,20,95.5,28.24,186.0,1,374.29,5,1052.32,1,1,6.52,23,335.26,5.5,280.29,1,2,314.49,926.42,1.51,324.94,1,20.3,62.19,6.1,2,1,0.0,767.14,2,3,753.81,2,2,2,0.0,2,0.0,1,1,56.1
3,5.9,3,1,100,3,24.5,2005,32.3,1,39.0,1015.58,28.6,243.98,3.98,1.0,253.0,31.8,98,1,222.6,36.38,20,96.0,28.78,177.0,1,415.72,5,1097.82,1,1,3.83,65,374.29,5.3,313.37,1,2,335.97,976.95,1.7,358.03,1,25.4,59.99,7.02,2,1,0.0,814.94,3,3,802.85,2,3,1,0.0,2,0.0,1,1,52.3
3,5.9,3,1,100,3,24.5,503,32.2,1,42.1,1062.44,25.7,268.55,3.98,1.0,292.0,35.2,98,1,273.19,36.38,20,96.5,28.78,187.5,1,458.89,5,1143.82,1,0,3.83,63,415.72,5.6,350.53,1,2,333.73,1027.49,1.7,394.73,1,23.7,59.99,7.02,2,1,0.0,863.11,1,3,852.1,2,2,1,0.0,2,0.0,1,1,56.55
3,5.9,3,1,100,3,24.5,416,32.7,1,35.5,1109.68,31.8,299.57,4.41,1.0,404.0,41.2,67,1,323.78,36.25,20,97.0,29.53,175.5,1,503.36,5,1190.26,1,2,3.32,41,458.89,5.3,390.61,1,2,338.93,1078.05,1.73,434.11,1,21.2,58.68,7.81,2,1,0.0,911.59,3,3,901.54,2,3,2,0.0,2,0.0,1,1,51.85
3,5.0,3,1,27,1,25.0,14970,36.8,1,35.4,376.83,27.8,373.27,2.3,1.0,52.0,4.2,88,1,225.89,45.59,40,68.0,29.56,222.0,1,508.29,3,1674.02,4,4,14.25,64,892.3,8.0,489.79,1,1,376.83,1422.47,1.61,1728.77,0,15.9,52.99,2.36,2,1,0.0,1636.24,4,2,414.06,2,1,3,0.0,1,0.0,3,0,64.1
3,5.0,3,1,25,1,25.0,195,18.9,1,56.6,344.53,24.5,334.47,2.35,1.0,84.0,8.4,95,1,187.44,48.26,60,68.5,30.32,220.5,1,463.16,3,1635.43,4,0,14.38,73,842.79,8.0,464.05,1,1,344.53,1389.07,1.61,1679.13,0,14.9,47.63,1.32,1,1,0.0,1596.85,3,2,380.79,2,1,3,0.0,1,0.0,3,0,66.35
3,5.4,3,1,44,1,25.0,531,42.8,1,30.5,317.14,26.7,299.0,2.35,1.0,35.0,5.3,98,2,156.1,48.26,60,69.0,30.32,210.0,1,419.33,3,1597.6,4,1,14.38,67,793.34,7.9,442.73,1,1,317.14,1355.5,1.62,1629.57,0,15.6,47.63,1.32,2,1,0.0,1558.2,2,2,351.77,2,1,3,0.0,1,0.0,3,0,56.6
3,5.8,3,1,100,1,25.0,444,32.9,1,32.5,296.03,34.6,268.19,2.53,1.0,46.0,7.2,98,1,136.85,47.64,60,69.5,30.56,222.0,1,377.24,3,1560.6,4,1,17.49,43,743.99,8.0,426.51,1,1,296.03,1307.06,1.62,1580.1,0,11.8,45.29,1.47,2,1,0.0,1520.35,4,2,328.12,2,1,3,0.0,1,0.0,3,0,56.6
3,5.5,3,1,100,1,25.0,9649,45.8,1,28.0,282.61,26.2,243.81,2.89,1.0,48.0,5.4,48,2,134.96,46.14,40,70.0,30.33,220.5,1,337.55,3,1524.47,3,0,16.83,24,694.74,7.9,415.97,1,1,282.61,1258.83,1.69,1530.71,2,12.7,44.2,1.7,2,1,0.0,1483.35,14,2,311.08,2,1,3,0.0,1,0.0,3,0,54.85
3,5.8,3,1,100,1,25.0,12,45.0,1,28.7,282.61,26.4,222.39,3.95,1.0,112.0,8.5,9,2,180.47,45.14,40,71.0,30.1,219.0,1,269.57,3,1455.14,3,0,17.37,12,596.67,7.8,413.45,2,1,282.61,1163.08,1.67,1432.28,2,17.8,43.39,2.56,2,1,0.0,1412.21,0,2,300.92,2,1,3,0.0,1,0.0,3,0,53.85
3,5.8,3,1,34,1,25.0,3084,53.1,1,27.5,296.03,19.4,227.93,3.95,1.0,135.0,7.2,100,2,217.8,45.14,40,71.5,30.1,222.0,1,244.49,3,1422.07,3,0,17.37,41,547.92,7.7,421.58,2,1,296.03,1115.64,1.67,1383.25,2,21.1,43.39,2.56,1,1,0.0,1378.21,1,2,308.57,2,1,3,0.0,1,0.0,3,0,61.6
3,5.5,3,1,10,1,25.0,552,49.0,1,30.2,317.14,20.8,243.81,4.78,1.0,125.0,8.2,99,2,244.63,46.04,40,72.0,29.91,214.5,1,228.12,3,1390.17,1,1,14.63,47,499.45,7.6,435.6,2,1,317.14,1068.52,1.71,1334.37,2,23.0,43.87,1.91,1,1,0.0,1345.37,0,2,324.15,2,1,3,0.0,1,0.0,3,0,64.85
1,4.6,3,1,6,1,25.0,6241,41.9,1,35.5,344.53,22.6,268.19,6.2,1.0,139.0,9.0,92,2,249.85,45.91,40,72.5,28.7,223.5,1,222.39,3,1359.52,1,4,14.2,62,451.34,7.5,454.95,2,0,334.98,1021.79,1.71,1285.65,2,23.4,46.6,1.37,1,1,0.0,1313.76,3,2,346.57,2,1,3,0.0,1,0.0,1,0,69.1
1,4.6,3,1,5,1,25.0,51312,42.0,1,34.0,376.83,24.0,299.0,6.43,1.0,134.0,9.5,84,2,264.91,45.0,40,73.0,27.92,223.5,1,228.12,3,1330.2,1,9,13.11,68,403.72,7.4,479.0,2,0,343.41,975.49,1.71,1237.11,2,28.1,47.12,1.84,1,1,0.0,999.0,6,2,374.61,2,1,1,0.0,1,0.0,1,0,69.55
1,4.6,3,1,3,1,25.0,40616,38.1,1,26.9,999.0,35.0,334.47,6.38,0.0,162.0,13.3,86,1,265.0,43.81,40,73.5,26.5,228.0,1,244.49,3,1302.31,1,7,12.92,55,356.79,7.1,507.08,2,0,320.95,929.69,1.71,1188.78,2,36.3,48.46,1.58,2,1,0.0,999.0,1,2,407.12,2,1,2,0.0,1,0.0,2,0,71.05
1,4.6,3,1,3,1,25.0,7223,35.9,1,28.2,999.0,35.9,414.47,7.31,0.0,107.0,8.4,93,1,219.62,45.91,40,74.5,27.48,237.0,1,301.21,3,1251.2,1,3,12.36,54,266.45,7.3,572.86,2,0,229.46,839.93,1.68,1092.85,2,37.4,48.07,1.03,2,1,0.0,999.0,3,2,423.19,2,1,2,0.0,2,0.0,2,0,69.05
1,4.6,3,1,1,1,25.0,48606,34.8,1,33.0,999.0,32.3,457.42,8.19,0.0,109.0,8.4,97,1,211.51,45.94,40,75.0,27.56,243.0,1,296.03,3,1228.17,1,0,15.49,65,224.46,7.3,609.52,1,0,187.15,796.17,1.66,1045.31,2,27.9,49.66,1.12,2,1,0.0,999.0,2,2,386.99,2,1,2,0.0,1,0.0,2,0,71.55
3,4.6,3,1,1,1,25.0,37876,40.4,1,27.2,999.0,32.4,501.66,8.44,0.0,159.0,13.5,77,2,215.02,45.95,40,75.5,27.9,238.5,1,282.61,3,1206.95,1,8,16.47,50,186.54,7.3,579.79,1,0,149.79,753.34,1.66,998.12,2,25.9,50.45,1.37,2,1,0.0,999.0,15,2,354.12,2,1,2,0.0,2,0.0,2,0,58.55
3,0.0,3,1,0,1,25.0,56938,46.1,1,27.2,999.0,26.7,546.89,8.72,0.0,143.0,8.9,85,2,229.63,46.86,60,76.0,28.45,223.5,1,277.99,3,1187.64,1,4,14.92,58,155.69,7.2,535.7,1,1,121.99,705.28,1.63,951.32,1,19.9,50.71,1.46,2,1,0.0,999.0,4,2,325.59,2,1,1,0.0,2,0.0,2,0,61.25
3,0.0,3,1,0,1,25.0,1978,45.3,1,27.2,999.0,27.5,514.27,8.72,0.0,118.0,7.9,79,2,253.43,46.86,60,76.5,28.45,232.5,1,282.61,3,1167.5,1,2,14.92,60,136.78,7.5,492.91,1,1,111.19,655.03,1.63,904.98,1,27.2,50.71,1.46,2,1,0.0,999.0,2,2,302.65,2,1,1,0.0,2,0.0,2,0,62.0
3,0.0,3,1,0,1,25.0,332,40.9,1,28.7,999.0,30.4,473.86,8.82,0.0,100.0,7.9,97,1,249.67,45.89,60,77.0,27.97,240.0,1,268.19,3,1122.65,1,0,13.62,70,134.93,7.3,451.81,1,1,121.99,604.79,1.64,859.17,1,27.8,51.88,2.19,2,1,0.0,999.0,2,2,286.62,2,1,2,0.0,2,0.0,2,0,66.8
3,0.0,3,1,0,1,25.0,773,37.3,1,32.6,999.0,30.1,400.31,8.68,0.0,123.0,9.2,98,1,249.67,45.69,40,78.0,27.74,232.5,1,227.93,3,1034.73,1,0,13.42,55,179.68,7.1,376.83,1,1,187.15,504.34,1.53,769.52,1,31.5,53.85,1.75,2,1,0.0,999.0,3,2,279.59,2,1,2,0.0,2,0.0,2,0,69.05
3,0.0,3,1,0,1,25.0,406,40.7,1,38.0,999.0,21.4,341.59,9.08,0.0,131.0,10.5,100,2,286.83,46.01,40,79.0,28.14,220.5,1,227.93,3,949.76,1,0,13.12,55,236.77,7.5,317.14,1,1,106.27,403.98,1.52,679.68,1,22.6,54.46,1.95,1,1,0.0,999.0,1,2,306.73,2,1,1,0.0,2,0.0,2,0,70.25
3,0.0,3,1,0,1,25.0,808,45.3,1,30.7,838.26,24.0,320.45,9.21,1.0,110.0,9.4,94,2,315.78,46.74,60,79.5,28.3,234.0,1,243.81,3,908.65,1,0,12.76,49,224.47,7.2,296.03,1,1,60.48,353.85,1.52,630.68,1,21.7,55.11,1.68,1,1,0.0,904.69,1,2,330.89,2,1,1,0.0,2,0.0,2,0,66.8
3,5.0,3,1,2,1,25.0,44882,37.0,1,39.8,802.53,23.2,305.09,9.66,1.0,116.0,9.1,60,1,349.5,47.07,60,80.0,28.36,237.0,1,268.19,3,868.62,1,15,12.8,65,223.32,7.3,282.61,1,0,33.36,303.79,1.44,581.96,1,24.5,55.55,1.71,1,1,0.0,863.35,3,3,360.38,2,1,1,0.0,2,0.0,2,0,68.8
3,5.0,3,1,2,1,25.0,1249,41.8,1,34.1,768.58,24.2,255.43,9.64,1.0,196.0,17.8,99,2,386.73,47.06,60,80.5,28.15,231.0,1,255.43,3,829.83,1,0,14.03,71,233.48,7.0,277.99,1,0,60.48,253.83,1.44,533.6,1,15.3,56.34,1.42,1,4,0.0,823.12,2,3,393.99,2,1,1,0.0,2,0.0,2,0,60.55
3,5.0,3,1,2,1,25.0,1557,46.6,1,32.9,736.65,20.5,206.08,8.84,1.0,144.0,10.3,96,2,426.57,47.45,60,81.0,28.35,228.0,1,206.08,3,792.47,1,2,14.48,67,253.6,7.3,282.61,1,0,106.27,204.05,1.44,485.72,1,20.0,56.13,1.09,1,4,0.0,784.18,5,3,430.75,2,1,1,0.0,2,0.0,2,0,59.8
3,5.0,3,1,3,1,25.0,5605,33.0,1,39.8,707.01,27.1,157.33,8.84,1.0,152.0,9.0,60,1,468.33,47.45,60,81.5,28.35,237.0,1,157.33,3,756.75,1,11,14.48,63,281.56,7.3,296.03,1,0,153.17,154.62,1.44,438.46,1,22.7,56.13,1.09,2,4,0.0,746.73,1,3,469.94,2,1,1,0.0,2,0.0,2,0,60.55
3,5.0,3,1,6,1,25.0,2795,37.3,1,33.7,679.97,29.0,110.0,9.01,1.0,151.0,9.6,75,1,511.56,47.6,60,82.0,28.49,223.5,1,110.0,3,722.91,1,3,14.81,77,315.26,7.5,317.14,1,0,176.51,106.04,1.44,392.06,1,26.0,56.7,0.99,2,4,0.0,711.01,2,3,492.04,2,1,1,0.0,2,0.0,2,0,60.55
3,5.0,3,1,6,1,25.0,2509,35.7,1,35.8,655.85,28.5,67.15,8.25,1.0,140.0,11.9,86,1,555.91,47.37,60,82.5,28.61,234.0,1,67.15,3,691.23,1,3,14.81,49,353.08,7.3,341.22,1,0,209.72,60.38,1.44,346.86,1,37.4,56.36,1.18,2,4,0.0,677.29,0,3,448.66,2,1,1,0.0,2,0.0,2,0,60.55
3,4.6,3,1,2,1,25.0,2275,27.9,1,43.8,568.37,28.4,110.0,8.55,1.0,193.0,19.1,16,1,604.29,46.2,60,84.0,28.39,213.0,1,110.0,3,612.37,1,3,14.79,45,481.08,7.4,230.5,1,0,336.52,106.04,1.4,225.71,1,28.2,57.85,1.84,2,4,0.0,567.23,0,3,331.44,2,1,1,0.0,2,0.0,2,0,60.55
3,3.8,3,1,1,1,25.0,4241,28.8,1,40.7,542.39,30.4,157.33,9.01,1.0,178.0,19.9,28,1,595.04,45.95,60,84.5,28.52,208.5,1,157.33,3,592.69,1,4,14.74,51,526.63,7.5,205.72,1,0,382.88,154.62,1.4,195.19,1,27.7,59.56,2.46,2,4,0.0,526.86,1,3,299.51,2,1,2,0.0,2,0.0,2,0,62.6
3,3.8,3,1,1,1,25.0,2014,27.0,1,44.7,520.18,28.3,206.08,8.94,1.0,169.0,17.6,90,1,590.14,46.27,60,85.0,28.33,213.0,1,206.08,3,576.91,1,2,14.5,51,511.24,7.5,191.47,1,0,430.2,169.54,1.41,174.32,1,22.0,61.43,1.98,2,4,0.0,488.47,0,3,273.35,2,1,1,0.0,2,0.0,2,0,63.05
3,4.5,3,1,2,1,25.0,13553,26.1,1,44.6,502.22,29.3,255.43,8.89,1.0,162.0,17.8,90,1,589.69,45.73,40,85.5,28.04,210.0,1,225.71,3,565.38,1,1,14.0,54,473.78,7.0,190.12,1,0,478.2,161.59,1.41,166.79,1,20.1,63.22,1.77,2,4,0.0,452.58,1,3,254.77,2,1,1,0.0,2,0.0,2,0,63.55
3,4.5,3,1,5,1,25.0,1943,28.1,1,46.1,488.99,25.8,305.09,9.18,1.0,199.0,22.8,90,1,593.71,45.24,40,86.0,27.86,202.5,1,195.19,3,558.34,1,1,14.76,55,439.06,7.0,201.93,1,0,460.91,139.45,1.39,174.32,1,19.3,64.52,1.73,2,4,0.0,419.81,1,3,245.47,2,1,1,0.0,2,0.0,2,0,63.55
3,5.0,0,1,9,1,25.0,21907,33.1,1,42.7,480.87,24.1,322.19,9.18,1.0,156.0,19.3,64,1,602.1,45.24,40,86.5,27.86,198.0,3,174.32,3,555.97,1,3,14.76,67,407.76,6.7,224.85,1,0,428.76,133.82,1.39,195.19,1,18.8,64.52,1.73,1,4,0.0,390.97,2,3,246.52,2,1,1,0.0,2,0.0,2,0,66.3
3,5.0,0,1,11,1,25.0,22921,28.5,1,43.6,478.14,27.9,292.17,9.34,1.0,180.0,21.0,38,1,614.69,44.92,40,87.0,27.81,196.5,3,166.79,3,558.34,1,4,16.45,62,380.73,6.8,255.89,1,0,400.54,146.61,1.38,225.71,1,18.4,66.66,1.68,2,4,0.0,366.97,1,3,257.79,2,1,1,0.0,2,0.0,2,0,59.05
3,5.0,0,1,11,1,25.0,2297,47.9,1,32.0,480.87,20.0,268.15,9.05,1.0,161.0,22.2,61,2,631.23,43.64,40,87.5,27.63,201.0,3,174.32,3,565.38,1,4,14.59,57,358.95,6.4,292.49,2,0,371.83,173.81,1.38,250.14,1,17.2,69.11,1.9,1,4,0.0,348.82,0,3,278.04,2,2,1,0.0,2,0.0,1,0,56.8
3,5.0,0,1,17,1,25.0,53442,24.2,1,49.2,488.99,26.6,251.86,9.1,1.0,125.0,19.6,98,1,588.28,42.59,40,88.0,27.82,198.0,3,195.19,3,576.91,1,1,15.29,66,343.41,6.7,332.82,2,0,329.73,209.89,1.36,223.75,1,17.5,72.0,2.49,2,4,0.0,337.46,0,3,269.95,2,1,1,0.0,2,0.0,1,0,69.3
3,5.0,0,3,29,1,25.0,13834,22.5,1,37.2,502.22,40.3,244.83,9.66,1.0,162.0,19.8,94,1,538.04,43.47,40,88.5,27.53,196.5,3,225.71,4,592.69,1,1,15.49,63,334.98,6.7,361.05,2,0,290.16,251.04,1.36,206.3,1,16.9,75.26,1.73,3,4,0.0,333.58,1,3,267.06,2,1,2,0.0,2,0.0,1,0,60.6
3,5.3,0,1,57,1,25.0,4542,25.2,1,37.9,520.18,36.8,247.87,9.66,1.0,133.0,16.3,67,1,487.86,43.47,40,89.0,27.53,192.0,3,262.54,4,612.37,1,4,15.49,51,334.21,6.4,355.97,2,0,254.3,295.16,1.38,200.15,1,16.1,75.26,1.73,2,4,0.0,337.46,1,3,273.76,2,2,2,0.0,2,0.0,1,0,63.35
3,5.3,0,1,74,1,25.0,2305,22.0,1,42.8,542.39,35.2,260.61,11.0,1.0,157.0,16.0,71,1,437.74,41.93,20,89.5,27.56,195.0,3,303.4,4,635.61,1,2,14.91,55,341.13,6.1,358.16,2,0,223.94,341.08,1.38,206.3,1,19.3,78.13,1.98,2,4,0.0,348.82,2,3,289.38,2,2,2,0.0,2,0.0,1,0,55.85
3,5.3,0,1,100,1,25.0,7786,28.3,1,43.1,568.37,28.6,281.75,13.08,1.0,162.0,18.2,71,1,387.72,40.46,20,90.0,27.37,192.0,3,300.84,4,662.01,1,1,13.87,76,343.63,5.9,367.48,1,0,201.59,388.18,1.34,223.75,1,19.8,79.73,2.38,2,3,0.0,366.97,2,3,312.59,2,2,1,0.0,2,0.0,1,0,60.05
3,5.7,0,1,100,3,25.0,7950,36.8,1,39.3,597.61,23.9,309.57,16.98,1.0,153.0,16.8,47,1,337.83,39.1,20,90.5,27.02,195.0,3,260.65,4,691.23,1,0,12.52,70,300.84,5.7,370.19,1,0,190.09,436.07,1.34,250.14,1,20.4,81.23,3.16,1,3,0.0,390.97,0,3,341.84,2,2,1,0.0,2,0.0,1,0,60.8
3,5.7,0,1,100,3,25.0,9195,31.0,1,40.6,629.67,28.4,298.95,22.63,1.0,221.0,30.0,88,1,288.15,36.0,10,91.0,26.87,180.0,3,224.47,4,722.91,1,0,15.1,76,260.65,5.8,326.27,1,0,191.4,484.51,1.38,282.98,1,25.3,82.96,4.99,2,3,0.0,419.81,0,3,375.73,2,2,1,0.0,2,0.0,1,0,54.8
3,5.7,0,1,100,3,25.0,10666,40.1,1,33.8,664.13,26.2,260.44,22.63,1.0,185.0,21.6,13,2,238.81,36.0,10,91.5,26.87,180.0,3,194.55,5,756.75,1,2,15.1,82,224.47,5.6,284.39,1,0,205.28,533.36,1.38,282.98,1,20.0,82.96,4.99,2,3,0.0,452.58,1,3,413.11,2,2,1,0.0,2,0.0,1,0,47.05
3,6.7,3,1,100,3,25.0,9094,50.4,1,22.3,700.64,27.3,226.48,23.38,1.0,179.0,20.3,20,2,190.08,35.41,0,92.0,26.49,189.0,1,174.15,5,792.47,1,3,13.69,84,194.55,5.5,245.59,1,0,226.48,582.51,1.41,250.14,1,21.4,84.71,4.22,2,1,0.0,488.47,1,3,453.13,2,2,1,0.0,2,0.0,1,0,55.3
3,6.0,3,1,100,3,25.0,11490,43.0,1,32.4,738.9,24.5,199.42,17.96,1.0,205.0,26.8,56,2,142.56,33.64,0,92.5,25.61,190.5,1,166.79,5,829.83,1,4,10.75,77,174.15,5.0,211.59,1,2,199.42,631.89,1.41,223.75,1,17.2,84.57,5.18,1,1,0.0,526.86,3,3,495.14,2,3,1,0.0,2,0.0,1,1,54.8
3,5.5,3,1,100,3,25.0,14663,31.6,1,36.9,778.64,31.5,182.36,10.1,1.0,683.0,42.9,50,1,98.07,34.22,0,93.0,24.65,165.0,1,174.15,5,868.62,1,4,4.17,90,166.79,5.1,185.04,1,2,182.36,681.45,1.47,206.3,1,20.5,82.79,4.78,2,1,0.0,567.23,1,3,538.68,2,3,2,0.0,2,0.0,1,1,53.85
3,5.5,3,1,100,3,25.0,2199,39.3,1,30.5,819.66,30.1,178.19,7.53,1.0,600.0,51.9,92,1,63.32,32.24,0,93.5,22.14,166.5,1,194.55,5,908.65,1,0,5.62,63,174.15,5.1,169.48,1,2,178.19,731.15,1.47,200.15,1,21.4,81.08,3.01,2,1,0.0,609.2,0,3,583.4,2,3,2,0.0,2,0.0,1,1,53.85
3,5.5,3,1,100,3,25.0,14735,33.9,1,34.4,861.77,31.7,187.78,7.53,1.0,438.0,37.3,60,1,59.15,32.24,0,94.0,22.14,177.0,1,224.47,5,949.76,1,0,5.62,73,194.55,5.5,167.99,1,2,187.78,780.97,1.45,206.3,1,19.6,81.08,3.01,2,1,0.0,652.44,1,3,629.05,2,2,2,0.0,2,0.0,1,1,57.35
3,5.9,3,1,100,3,25.0,6988,34.4,1,37.9,904.81,27.8,174.15,6.73,1.0,759.0,42.8,96,1,89.93,35.37,0,94.5,21.59,166.5,1,260.65,5,991.83,1,1,5.65,41,224.47,5.4,180.93,1,2,209.23,830.88,1.45,223.75,1,21.2,77.23,0.96,2,1,0.0,696.73,1,3,675.44,2,3,1,0.0,2,0.0,1,1,54.3
3,5.9,3,1,100,3,25.0,204,36.7,1,32.3,993.21,31.0,174.15,4.82,1.0,258.0,32.3,98,1,180.44,37.88,20,95.5,28.16,186.0,1,343.63,5,1078.36,1,0,4.97,80,300.84,5.5,238.34,1,2,275.4,930.92,1.57,282.98,1,23.6,64.36,6.55,2,1,0.0,787.73,2,3,769.92,2,2,2,0.0,2,0.0,1,1,56.1
3,5.9,3,1,100,3,25.0,3006,34.5,1,36.8,1038.38,28.7,194.55,3.97,1.0,202.0,43.6,100,1,229.01,37.35,20,96.0,28.23,178.5,1,388.17,5,1122.65,1,0,4.18,70,343.63,5.4,276.34,1,2,280.83,981.02,1.58,320.29,1,22.3,62.33,5.85,2,1,0.0,834.17,1,3,817.8,2,3,1,0.0,2,0.0,1,1,53.05
3,5.9,3,1,100,3,25.0,12922,32.8,1,35.0,1084.08,32.2,224.47,3.97,1.0,175.0,26.6,100,1,278.25,37.35,20,96.5,28.23,195.0,1,433.91,5,1167.5,1,0,4.18,69,388.17,6.1,317.7,1,2,278.17,1031.17,1.58,360.68,1,19.6,62.33,5.85,2,1,0.0,881.12,1,3,866.02,2,2,2,0.0,2,0.0,1,1,56.1
3,5.0,1,1,40,1,25.5,262,42.0,1,34.2,419.22,23.8,342.52,2.02,1.0,43.0,3.3,75,2,262.34,46.93,60,68.0,29.45,223.5,1,534.18,3,1709.81,4,0,15.63,41,883.86,8.2,537.08,1,1,419.22,1464.01,1.61,1738.92,0,11.5,48.14,1.53,1,1,0.0,1670.98,1,2,455.63,2,1,3,0.0,1,0.0,3,0,59.85
3,5.9,3,1,100,3,25.0,217,35.9,1,35.7,1130.24,28.4,260.65,4.24,1.0,316.0,50.1,100,1,327.88,37.57,20,97.0,28.95,181.5,1,480.52,5,1212.87,1,0,3.13,30,433.91,5.4,361.27,1,2,284.35,1081.36,1.67,403.24,1,23.4,60.17,6.38,2,1,0.0,928.48,4,3,914.52,2,3,1,0.0,2,0.0,1,1,52.3
3,5.0,1,1,23,1,25.5,16567,14.6,1,51.8,390.56,33.6,299.95,2.07,1.0,82.0,7.7,98,1,230.2,49.39,60,68.5,30.47,223.5,1,491.61,3,1672.18,4,0,15.06,54,834.06,8.0,513.81,1,1,390.56,1419.36,1.61,1689.78,0,13.9,44.2,0.74,2,1,0.0,1632.57,1,2,425.74,2,1,3,0.0,1,0.0,3,0,59.85
3,5.0,1,1,22,1,25.5,409,32.1,1,32.7,366.73,35.2,260.0,2.07,1.0,75.0,7.0,57,1,205.59,49.39,60,69.0,30.47,222.0,1,450.72,3,1635.34,4,1,15.06,50,784.28,7.9,494.72,1,1,366.73,1371.48,1.62,1640.73,0,14.3,44.2,0.74,2,1,0.0,1594.93,0,2,400.1,2,1,3,0.0,2,0.0,3,0,58.6
3,4.9,1,1,20,1,25.5,9725,34.6,1,29.7,348.7,35.7,224.04,2.27,1.0,63.0,6.4,31,1,191.45,48.95,60,69.5,30.74,216.0,1,412.02,3,1599.34,4,0,16.22,35,734.53,7.9,480.31,1,1,348.7,1323.82,1.62,1591.8,0,13.0,42.41,0.85,2,1,0.0,1558.1,0,2,379.56,2,1,3,0.0,2,0.0,3,0,58.6
3,5.1,1,1,20,1,25.5,0,43.4,1,26.4,337.43,30.2,194.33,2.59,1.0,36.0,6.0,0,2,190.11,47.41,60,70.0,30.54,219.0,1,376.16,3,1564.24,3,0,15.56,0,684.82,8.0,471.01,1,1,337.43,1276.41,1.69,1542.99,2,12.3,41.58,1.15,2,1,0.0,1522.16,0,2,365.0,2,1,3,0.0,1,0.0,3,0,55.85
3,5.5,1,1,17,1,25.5,20,44.4,1,26.3,333.58,29.4,174.09,2.98,1.0,41.0,4.4,14,2,201.83,45.54,40,70.5,29.97,223.5,1,344.06,3,1530.1,3,0,15.23,18,635.15,8.0,467.13,1,1,333.58,1229.28,1.69,1494.32,2,11.6,41.49,1.79,2,1,0.0,1487.16,1,2,357.13,2,1,3,0.0,1,0.0,3,0,58.85
3,5.1,1,1,5,1,25.5,1348,52.7,1,26.8,348.7,20.5,174.09,3.3,1.0,60.0,8.0,100,2,255.43,44.72,40,71.5,29.81,222.0,1,295.89,3,1464.99,3,0,18.62,48,536.0,7.8,475.96,2,1,348.7,1136.02,1.67,1397.44,2,11.5,41.37,2.54,1,1,0.0,1420.28,1,2,362.87,2,1,3,0.0,1,0.0,3,0,61.6
3,4.6,3,1,5,1,25.5,354,54.1,1,27.7,366.73,18.2,194.33,3.82,1.0,99.0,5.5,100,2,291.82,45.63,40,72.0,29.95,223.5,1,282.57,3,1434.15,1,0,16.69,39,486.56,7.8,488.37,2,1,366.73,1089.98,1.71,1349.26,2,16.9,41.67,2.25,1,1,0.0,1388.54,0,2,376.15,2,1,3,0.0,1,0.0,3,0,62.85
1,4.6,3,1,3,1,25.5,0,46.2,2,29.0,999.0,24.7,299.95,5.39,0.0,129.0,7.1,0,2,222.97,44.16,40,73.5,27.58,220.5,1,295.89,3,1349.48,1,0,12.54,0,339.26,7.3,552.83,2,0,305.55,954.3,1.71,1206.07,2,23.9,46.0,2.21,1,1,0.0,999.0,0,2,449.35,2,1,1,0.0,1,0.0,2,0,70.25
1,4.6,3,1,3,1,25.5,1340,47.4,2,29.2,419.22,23.4,260.0,5.08,1.0,142.0,6.6,100,2,261.01,45.09,40,73.0,28.91,217.5,1,282.57,3,1376.32,1,0,14.16,60,388.13,7.4,527.3,2,0,354.91,999.32,1.71,1253.56,2,20.2,44.54,2.86,1,1,0.0,999.0,2,2,420.25,2,1,1,0.0,1,0.0,2,0,69.8
3,4.6,3,1,5,1,25.5,12825,39.3,2,36.1,999.0,24.7,478.73,7.48,0.0,109.0,9.2,65,1,160.71,47.22,60,75.5,28.38,229.5,1,337.43,3,1258.04,1,12,12.67,57,151.6,7.2,562.94,1,0,114.55,753.58,1.66,1019.45,2,20.0,48.0,0.89,1,1,0.0,999.0,1,2,312.05,40,1,1,0.0,2,0.0,2,0,66.75
3,4.3,3,1,2,1,25.5,2462,40.4,2,34.1,999.0,25.5,547.96,7.85,0.0,124.0,9.0,93,2,209.15,47.62,60,76.5,28.68,226.5,1,260.0,3,1193.28,1,4,13.36,64,83.42,7.6,508.51,1,1,55.6,653.21,1.63,928.83,1,24.4,49.21,0.98,2,1,0.0,999.0,0,2,252.42,40,1,1,0.0,2,0.0,2,0,58.75
3,4.3,3,1,2,1,25.5,0,43.6,2,29.1,999.0,27.3,510.38,7.58,0.0,112.0,8.7,0,2,195.49,46.46,60,77.0,28.09,234.0,1,224.04,3,1149.6,1,0,12.71,0,80.37,7.2,486.53,1,1,74.82,603.04,1.64,884.44,1,27.1,50.37,1.57,2,1,0.0,999.0,0,2,233.04,40,1,1,0.0,2,0.0,2,0,58.75
3,0.0,3,1,0,1,25.5,6553,37.9,2,33.3,999.0,28.8,475.27,7.6,0.0,128.0,9.5,84,1,189.03,45.94,40,77.5,27.58,231.0,1,194.33,3,1106.57,1,1,13.08,67,104.71,7.2,451.79,1,1,114.55,552.86,1.64,839.28,1,36.8,51.51,1.67,2,1,0.0,999.0,0,2,223.28,40,1,1,0.0,2,0.0,2,0,67.0
3,0.0,3,1,0,1,25.5,8501,41.5,1,31.6,999.0,26.9,414.93,7.62,0.0,133.0,9.7,87,2,213.68,46.96,60,78.5,28.69,217.5,1,166.79,3,1022.76,1,0,13.65,60,187.08,7.5,390.56,1,1,175.29,452.53,1.53,742.25,1,24.3,51.52,1.91,2,1,0.0,999.0,1,2,236.21,40,1,1,0.0,2,0.0,2,0,60.0
3,0.0,3,1,0,1,25.5,2592,46.1,1,31.4,999.0,22.5,391.22,7.62,0.0,124.0,12.6,99,2,240.97,46.96,60,79.0,28.69,213.0,1,174.09,3,982.18,1,0,13.65,51,233.5,7.6,366.73,1,1,134.36,402.38,1.52,694.16,1,24.4,51.52,1.91,1,1,0.0,999.0,1,2,257.27,40,1,1,0.0,2,0.0,2,0,65.25
3,0.0,3,1,0,1,25.5,0,45.6,1,30.2,877.46,24.2,351.58,7.74,1.0,139.0,13.2,0,2,274.67,47.47,60,79.5,28.77,216.0,1,194.33,3,942.64,1,0,13.98,0,279.65,7.4,348.7,1,1,102.22,352.25,1.52,646.46,1,17.7,52.84,1.78,1,1,0.0,936.78,0,2,285.54,40,1,1,0.0,2,0.0,2,0,64.8
3,0.0,3,1,0,1,25.5,1151,37.2,1,40.1,843.53,22.6,301.41,8.13,1.0,122.0,9.8,98,1,312.69,47.83,60,80.0,28.82,214.5,1,224.04,3,904.27,1,0,13.11,70,278.73,7.5,337.43,1,0,88.96,302.15,1.44,599.22,1,22.3,53.8,1.86,1,1,0.0,897.08,1,3,319.11,40,1,1,0.0,2,0.0,2,0,70.05
3,0.0,3,1,0,1,25.5,0,35.9,1,40.1,811.42,23.9,251.25,8.48,1.0,137.0,11.1,0,1,353.66,48.03,60,80.5,28.89,208.5,1,251.25,3,867.22,1,0,14.83,0,286.9,7.2,333.58,1,0,102.22,252.09,1.44,552.57,1,15.7,54.52,1.66,1,4,0.0,858.58,0,3,356.48,40,1,1,0.0,2,0.0,2,0,66.3
3,5.0,3,1,1,1,25.5,592,38.1,1,41.1,781.36,20.7,201.11,8.34,1.0,153.0,10.5,99,1,396.65,48.52,60,81.0,28.88,216.0,1,201.11,3,831.68,1,0,15.82,61,303.44,7.2,337.43,1,0,134.36,202.12,1.44,506.68,1,21.4,54.68,0.88,1,4,0.0,821.47,3,3,396.58,40,1,1,0.0,2,0.0,2,0,73.8
3,4.6,3,1,1,1,25.5,75454,33.2,1,45.2,728.38,21.6,101.02,8.39,1.0,136.0,14.3,76,1,486.56,48.29,60,82.0,28.79,204.0,1,101.02,3,765.96,1,13,16.28,33,356.39,7.2,366.73,1,0,220.16,102.88,1.44,418.15,1,17.7,55.64,1.0,1,4,0.0,752.22,0,3,482.19,40,1,1,0.0,2,0.0,2,0,74.55
3,5.0,3,1,2,1,25.5,0,35.7,1,45.0,753.59,19.3,151.02,8.34,1.0,138.0,9.5,0,1,441.08,48.52,60,81.5,28.88,210.0,1,151.02,3,797.85,1,0,15.82,0,327.07,7.2,348.7,1,0,175.29,152.3,1.44,461.77,1,14.0,54.68,0.88,1,4,0.0,785.95,0,3,438.65,40,1,1,0.0,2,0.0,2,0,74.55
3,4.6,3,1,1,1,25.5,1286,33.4,1,41.5,704.63,25.1,51.42,8.08,1.0,139.0,12.7,97,1,532.81,47.0,60,82.5,28.79,219.0,1,51.42,3,736.25,1,2,16.46,44,390.11,7.4,374.46,1,0,251.11,54.93,1.44,376.27,1,31.6,56.27,1.76,2,4,0.0,720.56,0,3,480.65,40,1,1,0.0,2,0.0,2,0,69.3
3,4.6,3,1,1,1,25.5,22201,28.8,1,42.3,672.38,28.8,11.12,8.03,1.0,140.0,12.3,62,1,579.64,46.54,60,83.0,28.83,210.0,1,11.12,3,709.0,1,3,15.71,51,427.2,7.2,337.75,1,0,284.5,22.24,1.52,336.8,1,27.7,56.13,2.18,2,4,0.0,681.63,0,3,442.17,40,1,1,0.0,2,2.0,2,0,65.05
3,4.6,3,1,3,1,25.5,510,32.5,1,38.7,642.57,28.8,51.42,8.47,1.0,150.0,12.9,97,1,626.94,46.33,60,83.5,28.66,217.5,1,51.42,3,684.5,1,0,15.7,45,466.85,7.3,305.06,1,0,322.39,54.93,1.52,300.67,1,27.5,57.64,2.16,2,4,0.0,640.53,0,3,406.4,40,1,1,0.0,2,0.0,2,0,69.3
3,3.9,3,1,2,1,25.5,0,30.0,1,39.4,615.58,30.6,101.02,8.47,1.0,152.0,14.2,0,1,658.58,46.33,60,84.0,28.66,208.5,1,101.02,3,663.07,1,0,15.7,0,508.46,7.5,277.79,1,0,363.37,102.88,1.4,269.24,1,27.8,57.64,2.16,2,4,0.0,600.92,0,3,374.09,40,1,2,0.0,2,0.0,2,0,71.35
3,3.9,3,1,2,1,25.5,957,26.1,1,42.7,591.77,31.2,151.02,8.82,1.0,159.0,15.0,84,1,650.13,46.2,60,84.5,28.4,210.0,1,151.02,3,645.01,1,2,15.38,62,551.59,7.4,257.69,1,0,406.51,152.3,1.4,244.32,1,26.2,59.76,2.11,2,4,0.0,563.13,1,3,346.23,40,1,2,0.0,2,0.0,2,0,71.35
3,4.3,3,1,3,1,25.5,12763,28.8,1,44.5,571.56,26.6,201.11,8.9,1.0,138.0,19.7,57,1,645.66,46.54,60,85.0,28.36,202.5,1,201.11,3,630.6,1,4,15.8,77,548.6,7.2,246.51,1,0,451.19,202.12,1.41,228.07,1,16.0,60.98,1.56,2,4,0.0,527.53,0,3,323.97,40,1,1,0.0,2,0.0,2,0,71.8
3,0.0,3,1,0,1,25.5,0,39.6,1,32.5,999.0,27.8,443.22,7.16,0.0,128.0,7.5,0,1,195.49,46.24,60,78.0,28.35,232.5,1,174.09,3,1064.26,1,0,14.01,0,143.1,7.5,419.22,1,1,160.19,502.69,1.53,790.64,1,25.6,50.57,2.14,2,1,0.0,999.0,0,2,224.38,40,1,1,0.0,2,0.0,2,0,65.25
3,4.3,3,1,5,1,25.5,6695,28.9,1,44.5,555.33,26.7,251.25,8.93,1.0,163.0,22.7,60,1,645.26,46.66,40,85.5,28.34,199.5,1,251.25,3,620.1,1,2,15.94,53,514.01,7.3,245.47,1,0,496.99,209.77,1.41,222.39,1,17.4,62.11,1.11,2,4,0.0,494.61,0,3,308.51,40,1,1,0.0,2,0.0,2,0,62.05
3,5.1,3,1,10,1,25.5,0,27.9,1,42.7,543.44,29.4,301.41,9.21,1.0,175.0,20.2,0,1,648.92,45.8,40,86.0,28.21,202.5,1,244.32,3,613.72,1,0,15.71,0,482.32,7.1,254.69,1,0,487.88,193.31,1.39,228.07,1,18.4,63.51,1.16,2,4,0.0,464.94,0,3,300.91,40,1,1,0.0,2,0.0,1,0,59.55
3,5.1,0,1,18,1,25.5,7486,26.3,1,46.3,536.18,27.4,218.51,9.96,1.0,148.0,18.9,32,1,644.49,43.93,40,87.5,27.67,199.5,3,228.07,3,620.1,1,9,15.77,51,411.05,6.8,330.85,1,0,346.26,219.29,1.38,208.11,1,17.7,69.15,1.56,2,4,0.0,402.26,3,3,327.92,40,1,1,0.0,2,0.0,1,0,56.3
3,5.1,0,1,41,1,25.5,7058,27.1,1,46.3,543.44,26.6,198.26,10.93,1.0,139.0,21.5,57,1,594.93,43.56,40,88.0,27.4,192.0,3,244.32,3,630.6,1,1,16.99,76,397.6,6.6,366.85,1,0,300.81,248.75,1.36,175.66,1,16.7,72.88,1.79,2,4,0.0,392.49,0,3,325.01,2,1,1,0.0,2,0.0,1,0,59.05
3,5.3,0,1,66,1,25.5,14567,22.1,1,39.7,555.33,38.2,189.29,11.66,1.0,144.0,19.1,85,1,545.52,42.75,20,88.5,27.31,195.0,3,269.24,4,645.01,1,0,15.22,65,390.38,6.7,405.98,1,0,257.02,284.2,1.36,152.93,1,17.4,75.4,1.81,2,4,0.0,389.18,0,3,322.63,2,1,2,0.0,2,0.0,1,0,58.1
3,5.5,0,1,78,1,25.5,0,21.1,1,43.7,571.56,35.2,193.19,11.66,1.0,171.0,19.4,0,1,496.31,42.75,20,89.0,27.31,190.5,3,300.67,4,663.07,1,0,15.22,0,389.71,6.2,411.55,1,0,215.91,323.68,1.38,144.55,1,19.5,75.4,1.81,2,4,0.0,392.49,0,3,328.17,2,2,2,0.0,2,0.0,1,0,56.35
3,5.5,0,1,88,1,25.5,1222,28.1,1,40.9,591.77,31.0,209.22,12.5,1.0,200.0,22.2,90,1,447.35,41.65,20,89.5,27.43,195.0,3,319.77,4,684.5,1,5,15.02,77,367.03,5.8,413.43,1,0,179.34,365.88,1.38,152.93,1,22.9,77.69,2.08,2,4,0.0,402.26,0,3,341.26,2,2,2,0.0,2,0.0,1,0,56.35
3,5.3,0,1,100,1,25.5,44648,36.6,1,33.6,615.58,29.7,234.93,13.26,1.0,180.0,20.6,85,1,398.75,40.18,10,90.0,26.45,192.0,3,273.47,4,709.0,1,2,10.18,55,319.77,5.2,395.7,1,0,150.63,409.97,1.34,175.66,1,19.0,80.33,1.49,2,3,0.0,418.04,0,3,361.07,2,3,1,0.0,2,0.0,1,0,57.8
3,5.3,0,1,100,3,25.5,0,38.2,1,33.1,642.57,28.8,267.52,15.57,1.0,258.0,53.8,0,1,350.65,37.42,10,90.5,25.31,172.5,3,228.72,4,736.25,1,0,6.92,0,273.47,5.0,348.03,1,3,134.92,455.4,1.34,208.11,1,25.3,81.65,2.76,2,3,0.0,439.18,0,3,386.57,2,3,1,0.0,2,0.0,1,0,50.3
3,5.7,0,1,100,3,25.5,3834,39.7,1,30.8,672.38,29.5,269.15,19.2,1.0,281.0,51.0,75,1,303.28,30.69,0,91.0,20.72,175.5,3,186.65,4,765.96,1,0,12.1,83,228.72,4.9,301.11,1,3,136.76,501.8,1.38,246.46,1,20.8,87.85,0.65,2,3,0.0,464.94,0,3,416.72,2,3,1,0.0,2,0.0,1,0,49.55
3,6.0,0,1,100,3,25.5,26407,33.1,1,32.4,704.63,34.5,225.8,19.2,1.0,786.0,69.2,14,1,257.07,30.69,0,91.5,20.72,154.5,3,149.51,5,797.85,1,1,12.1,82,186.65,5.2,255.34,1,3,155.52,548.93,1.38,246.46,1,25.4,87.85,0.65,2,3,0.0,494.61,0,3,450.59,2,3,2,0.0,2,0.0,1,0,60.35
3,6.7,3,1,100,3,25.5,53727,34.6,1,32.9,739.01,32.5,185.8,19.13,1.0,542.0,63.6,48,1,212.76,30.01,0,92.0,19.43,153.0,1,121.91,5,831.68,1,2,10.87,78,149.51,5.3,211.48,1,3,185.8,596.61,1.41,208.11,1,23.8,88.67,-0.1,2,3,0.0,527.53,0,3,487.4,2,3,2,0.0,2,0.0,1,0,61.6
3,6.7,3,1,100,3,25.5,0,38.0,1,33.1,775.24,28.9,151.8,14.29,1.0,388.0,63.4,0,1,171.83,34.58,0,92.5,21.67,165.0,1,111.19,5,867.22,1,0,6.35,0,121.91,5.1,171.01,1,3,151.8,644.72,1.41,175.66,1,25.6,88.01,1.89,2,3,0.0,563.13,0,3,526.53,2,3,1,0.0,2,0.0,1,1,61.8
3,6.0,3,1,100,3,25.5,1479,33.3,1,37.1,813.07,29.5,128.68,8.66,1.0,237.0,27.9,95,1,137.35,33.82,0,93.0,23.88,178.5,1,121.91,5,904.27,1,0,3.8,76,111.19,5.3,136.95,1,3,128.68,693.18,1.47,152.93,1,20.8,84.31,4.04,2,3,0.0,600.92,0,3,567.51,2,3,1,0.0,2,0.0,1,1,63.8
3,6.0,3,1,100,3,25.5,634,26.8,1,37.0,852.28,36.2,122.72,7.3,1.0,256.0,32.8,76,1,115.23,33.88,0,93.5,22.14,171.0,1,149.51,5,942.64,1,0,4.03,59,121.91,5.1,115.17,1,3,122.72,741.9,1.47,144.55,1,21.8,81.2,2.92,2,3,0.0,640.53,0,3,609.96,2,3,2,0.0,2,0.0,1,1,63.35
3,5.5,3,2,100,3,25.5,0,27.6,1,36.8,892.7,35.7,136.21,7.3,1.0,855.0,48.0,0,1,113.01,33.88,0,94.0,22.14,145.5,1,186.65,5,982.18,1,0,4.03,0,149.51,5.3,112.98,1,3,136.21,790.85,1.45,152.93,1,21.1,81.2,2.92,2,3,0.0,681.63,0,3,653.59,2,3,2,0.0,2,0.0,1,1,59.85
3,5.9,3,1,100,3,25.5,7781,32.0,1,38.6,934.16,29.4,121.91,7.38,1.0,619.0,36.9,93,1,131.68,34.41,0,94.5,19.9,154.5,1,228.72,5,1022.76,1,1,4.77,69,186.65,5.4,131.37,1,3,164.43,839.98,1.45,175.66,1,19.3,80.13,-0.05,2,3,0.0,723.97,0,3,698.18,2,3,1,0.0,2,0.0,1,1,62.55
3,5.9,3,1,100,3,25.5,31423,33.7,1,39.7,976.53,26.5,111.19,6.97,1.0,636.0,39.7,100,1,164.28,37.26,0,95.0,22.44,168.0,1,273.47,5,1064.26,1,0,5.15,41,228.72,5.5,163.54,1,3,201.26,889.26,1.57,208.11,1,20.9,74.75,1.58,2,3,0.0,767.35,0,3,743.56,2,2,1,0.0,2,0.0,1,1,67.3
3,5.9,3,1,100,3,25.5,2881,38.4,1,33.2,1019.7,28.4,121.91,5.85,1.0,260.0,42.6,100,1,204.24,39.98,40,95.5,28.26,180.0,1,319.77,5,1106.57,1,0,4.73,68,273.47,5.5,203.05,1,3,223.28,938.67,1.57,246.46,1,25.2,66.22,6.82,2,3,0.0,811.6,9,3,789.6,2,2,1,0.0,2,0.0,1,1,61.3
3,5.9,3,1,100,3,25.5,145,34.5,1,36.9,1063.57,28.6,149.51,4.21,1.0,323.0,41.8,47,1,248.02,39.13,20,96.0,27.27,190.5,1,367.03,5,1149.6,1,45,4.56,41,319.77,5.5,246.38,1,3,225.92,988.19,1.58,288.37,1,21.6,66.01,5.14,2,3,0.0,856.58,17,3,836.17,2,2,1,0.0,2,0.0,1,1,64.55
3,5.9,3,1,100,3,25.5,3971,36.3,1,33.5,1108.06,30.2,186.65,4.21,1.0,432.0,54.7,99,1,293.93,39.13,20,96.5,27.27,181.5,1,414.92,5,1193.28,1,0,4.56,37,367.03,5.4,291.84,1,3,222.61,1037.8,1.58,332.49,1,27.1,66.01,5.14,2,3,0.0,902.18,6,3,883.21,2,3,2,0.0,2,0.0,1,1,60.6
3,5.9,3,1,100,3,25.5,1462,37.0,1,34.7,1153.09,28.3,228.72,4.05,1.0,502.0,73.6,98,1,341.1,37.67,20,97.0,28.2,166.5,1,463.25,5,1237.53,1,0,3.61,55,414.92,5.2,338.58,1,3,230.26,1087.48,1.67,378.05,1,23.8,61.32,6.02,2,3,0.0,948.31,6,3,930.63,2,3,1,0.0,2,0.0,1,1,61.05
3,5.4,1,1,57,1,26.0,0,51.4,1,27.8,464.4,20.8,318.56,1.68,1.0,56.0,5.0,0,2,304.62,49.61,60,68.0,30.2,219.0,1,564.36,3,1746.61,4,0,15.07,0,878.85,8.2,585.83,1,1,464.4,1483.92,1.59,1750.73,0,11.7,42.21,0.72,1,1,0.0,1706.8,0,2,499.93,2,1,3,0.0,1,0.0,3,0,57.35
3,5.4,1,1,31,1,26.0,481,37.5,1,35.1,438.81,27.3,272.49,1.74,1.0,82.0,8.9,90,1,277.54,50.26,60,68.5,30.83,217.5,1,524.42,3,1709.93,4,2,14.83,45,828.96,8.1,564.66,1,1,438.81,1436.57,1.59,1702.13,0,13.9,40.46,0.54,2,1,0.0,1669.36,0,2,472.96,2,1,3,0.0,1,0.0,3,0,61.85
3,5.0,1,1,20,1,26.0,0,44.7,1,25.1,417.83,30.2,227.97,1.74,1.0,68.0,7.6,0,2,257.59,50.26,60,69.0,30.83,225.0,1,486.46,3,1674.05,4,0,14.83,0,779.08,8.0,547.41,1,1,417.83,1389.47,1.81,1653.65,0,15.0,40.46,0.54,2,1,0.0,1632.7,0,2,450.11,2,1,3,0.0,1,0.0,3,0,56.6
3,5.1,1,1,12,1,26.0,29,52.1,1,19.5,402.16,28.4,186.13,2.02,1.0,42.0,4.4,23,2,246.49,49.27,60,69.5,30.93,219.0,1,450.98,3,1639.03,4,0,15.06,25,729.19,8.0,534.48,1,1,402.16,1342.64,1.81,1605.31,0,10.4,39.6,0.62,2,1,0.0,1596.88,2,2,432.04,2,1,3,0.0,1,0.0,3,0,54.6
3,5.1,1,1,8,1,26.0,0,51.5,1,20.0,392.47,28.5,149.22,2.44,1.0,47.0,4.7,0,2,245.46,48.11,60,70.0,30.6,213.0,1,418.62,3,1604.93,3,0,14.68,0,679.31,8.0,526.17,1,1,392.47,1296.11,1.67,1557.13,2,10.2,39.46,0.78,2,1,0.0,1561.96,0,2,419.35,2,1,3,0.0,1,0.0,3,0,57.85
3,5.1,1,1,2,1,26.0,0,48.6,1,26.2,389.18,25.1,121.82,2.91,1.0,37.0,4.4,0,2,254.61,46.18,40,70.5,29.94,214.5,1,390.15,3,1571.8,3,0,13.93,0,629.42,8.1,522.72,1,1,389.18,1249.92,1.67,1509.1,2,10.3,39.77,1.41,2,1,0.0,1528.0,0,2,412.55,2,1,3,0.0,1,0.0,3,0,60.85
3,5.1,1,1,3,1,26.0,808,53.9,1,20.5,392.47,25.6,111.19,3.21,1.0,41.0,3.8,98,2,272.93,44.92,40,71.0,29.5,225.0,1,366.48,3,1539.71,3,1,17.29,62,579.54,7.8,524.2,1,1,392.47,1204.1,1.66,1461.27,2,7.9,40.02,2.23,2,1,0.0,1495.07,6,2,411.92,2,1,3,0.0,1,0.0,3,0,57.35
1,4.6,3,1,3,1,26.0,5949,48.7,2,26.3,999.0,25.0,272.49,4.57,0.0,134.0,5.4,98,2,188.11,44.78,40,73.5,28.37,217.5,1,348.59,3,1397.26,1,2,13.75,64,330.27,7.6,600.25,1,0,299.82,955.22,1.69,1225.62,2,13.4,44.22,2.67,1,1,0.0,999.0,3,2,449.12,2,1,1,0.0,1,0.0,2,0,72.0
1,4.6,3,1,2,1,26.0,0,41.6,2,36.6,999.0,21.7,318.56,4.57,0.0,122.0,6.8,0,2,148.35,44.78,40,74.0,28.37,220.5,1,366.48,3,1372.9,1,0,13.75,0,280.47,7.6,626.85,1,0,249.85,905.3,1.66,1179.4,2,10.0,44.22,2.67,1,1,0.0,999.0,0,2,403.45,2,1,1,0.0,1,0.0,2,0,72.75
3,4.5,3,1,8,1,26.0,577,47.1,2,30.8,999.0,22.1,461.37,6.59,0.0,151.0,10.5,98,2,107.71,47.76,40,75.5,28.24,223.5,1,318.56,3,1307.82,1,0,12.27,55,131.7,7.4,519.63,1,0,99.94,755.69,1.65,1043.3,2,19.0,46.99,0.23,1,1,0.0,999.0,1,2,274.83,40,1,1,0.0,2,0.0,2,0,64.5
1,4.6,3,1,6,1,26.0,0,23.5,2,55.5,999.0,21.0,365.59,5.34,0.0,118.0,7.6,0,1,116.55,45.63,40,74.5,27.48,231.0,1,390.15,3,1350.1,1,0,12.51,0,230.74,7.5,589.43,1,0,199.88,855.41,1.66,1133.57,2,19.7,45.67,1.23,1,1,0.0,999.0,0,2,358.84,2,1,1,0.0,1,0.0,2,0,78.0
3,4.5,3,1,10,1,26.0,3623,44.6,2,33.1,999.0,22.3,509.79,7.2,0.0,117.0,9.2,42,2,134.32,48.11,60,76.0,28.36,229.5,1,272.49,3,1264.14,1,41,13.13,46,82.92,7.5,488.43,1,1,49.97,705.88,1.61,998.48,1,23.1,48.62,0.27,1,1,0.0,999.0,10,2,237.3,40,1,1,0.0,2,0.0,2,0,60.0
3,4.5,3,1,8,1,26.0,258162,46.9,2,27.4,999.0,25.7,558.45,7.2,0.0,201.0,14.8,54,2,166.4,48.11,60,76.5,28.36,222.0,1,227.97,3,1221.02,1,40,13.13,51,37.31,7.1,460.38,1,1,0.0,656.1,1.61,950.12,1,17.1,48.62,0.27,2,1,0.0,999.0,5,2,204.98,40,1,1,0.0,2,0.0,2,0,48.0
1,4.6,3,1,6,1,26.0,0,27.9,2,53.0,999.0,19.2,413.26,6.05,0.0,118.0,8.0,0,1,100.57,47.12,40,75.0,27.93,219.0,1,365.59,3,1328.94,1,0,12.18,0,181.11,7.4,553.44,1,0,149.91,805.54,1.65,1088.19,2,21.2,45.93,0.27,1,1,0.0,999.0,0,2,315.73,2,1,1,0.0,1,0.0,2,0,78.0
3,4.5,3,1,5,1,26.0,18855,51.4,2,25.1,999.0,23.5,550.1,6.81,0.0,107.0,8.4,90,2,142.39,47.44,60,77.0,28.5,234.0,1,186.13,3,1178.54,1,10,13.17,63,29.89,7.3,436.09,1,1,49.97,606.38,1.6,901.99,1,21.8,48.08,1.12,1,1,0.0,999.0,2,2,180.69,40,1,1,0.0,2,0.0,2,0,60.0
3,4.7,3,1,5,1,26.0,3889,47.0,2,27.2,999.0,25.8,517.82,6.75,0.0,130.0,10.1,97,2,133.43,46.49,60,77.5,28.2,231.0,1,149.22,3,1136.78,1,0,12.83,58,73.35,7.3,416.22,1,1,99.94,556.73,1.6,854.13,1,21.4,49.29,1.65,2,1,0.0,999.0,3,2,167.97,40,1,1,0.0,2,0.0,2,0,55.5
3,4.0,3,1,2,1,26.0,14021,48.8,1,22.2,999.0,28.9,488.69,6.67,0.0,109.0,9.3,59,2,142.39,47.07,60,78.0,28.48,223.5,1,121.82,3,1095.8,1,0,12.89,66,121.87,7.4,401.42,1,1,149.91,507.16,1.49,806.58,1,26.7,49.49,1.4,2,1,0.0,999.0,1,2,169.43,40,1,1,0.0,2,0.0,2,0,60.0
3,0.0,3,1,0,1,26.0,5247,40.1,1,32.7,999.0,27.3,455.76,6.88,0.0,119.0,8.1,94,2,166.4,47.82,60,78.5,28.84,214.5,1,111.19,3,1055.7,1,0,12.64,56,171.2,7.6,392.28,1,1,199.88,457.71,1.49,759.41,1,24.1,50.15,1.38,2,1,0.0,999.0,0,2,184.74,40,1,1,0.0,2,0.0,2,0,60.0
3,0.0,3,1,0,1,26.0,1173,39.9,1,36.9,999.0,23.3,406.28,6.88,0.0,123.0,12.1,100,1,200.11,47.82,60,79.0,28.84,207.0,1,121.82,3,1016.6,1,0,12.64,59,220.8,7.8,389.18,1,1,176.05,408.42,1.48,712.68,1,19.5,50.15,1.38,1,1,0.0,999.0,1,2,210.9,40,1,1,0.0,2,0.0,2,0,70.5
3,0.0,3,1,0,1,26.0,0,37.3,1,39.8,918.35,23.0,356.96,7.03,1.0,143.0,15.6,0,1,239.46,47.97,60,79.5,28.95,205.5,1,149.22,3,978.6,1,0,12.99,0,270.52,7.5,392.28,1,1,153.04,359.35,1.48,666.5,1,21.2,50.95,1.65,1,1,0.0,970.99,0,2,244.46,40,1,1,0.0,2,0.0,2,0,70.05
3,0.0,3,1,0,1,26.0,368,33.5,1,46.8,855.72,19.7,259.22,8.02,1.0,135.0,14.7,99,1,326.75,49.17,60,80.5,28.62,202.5,1,227.97,3,906.47,1,0,14.28,58,341.02,7.3,389.18,1,0,153.04,262.4,1.41,576.29,1,20.4,54.06,0.45,1,4,0.0,896.08,1,3,324.2,40,1,1,0.0,2,0.0,2,0,66.3
3,0.0,3,1,0,1,26.0,3766,32.4,1,47.0,801.32,20.6,164.43,8.49,1.0,136.0,13.0,99,1,419.46,48.96,60,81.5,28.47,205.5,1,164.43,3,840.62,1,0,15.7,65,375.31,7.2,402.16,1,0,208.84,169.31,1.4,490.28,1,20.2,55.35,0.41,1,4,0.0,827.03,1,3,412.51,40,1,1,0.0,2,0.0,2,0,77.05
3,0.0,3,1,0,1,26.0,921,36.4,1,41.1,886.11,22.5,307.89,7.31,1.0,125.0,12.3,98,1,282.1,48.85,60,80.0,28.92,207.0,1,186.13,3,941.84,1,0,13.33,68,320.3,7.4,392.47,1,0,144.55,310.61,1.41,620.98,1,18.9,51.85,0.99,1,1,0.0,932.89,1,3,282.79,40,1,1,0.0,2,0.0,2,0,70.05
3,0.0,3,1,0,1,26.0,0,31.0,1,49.7,827.39,19.3,211.2,8.49,1.0,128.0,10.1,0,1,372.67,48.96,60,81.0,28.47,198.0,1,211.2,3,872.67,1,0,15.7,0,354.99,7.2,392.47,1,0,176.05,215.05,1.4,532.63,1,15.5,55.35,0.41,1,4,0.0,860.74,0,3,367.66,40,1,1,0.0,2,0.0,2,0,77.05
3,0.0,3,1,0,1,26.0,3133,28.6,1,46.2,777.75,25.3,120.37,8.54,1.0,151.0,16.9,96,1,466.85,47.93,60,82.0,28.42,208.5,1,120.37,3,810.53,1,1,16.3,48,401.01,7.3,417.83,1,0,247.55,126.91,1.38,449.61,1,21.4,56.19,1.35,2,4,0.0,795.18,0,3,458.35,40,1,1,0.0,2,0.0,2,0,71.8
3,0.0,3,1,0,1,26.0,482,34.6,1,36.0,747.07,29.4,83.43,8.55,1.0,135.0,18.2,98,1,514.68,47.41,60,82.5,28.41,201.0,1,83.43,3,782.62,1,0,16.37,54,431.14,7.5,412.53,1,0,289.83,92.58,1.38,411.12,1,24.7,56.87,1.46,2,4,0.0,754.33,0,3,504.91,40,1,1,0.0,2,0.0,2,0,71.8
3,3.9,3,1,1,1,26.0,1346,27.2,1,43.3,716.85,29.5,66.72,8.84,1.0,139.0,18.6,96,1,562.83,47.04,60,83.0,28.32,199.5,1,66.72,3,757.14,1,2,15.82,48,464.84,7.4,379.67,1,0,325.76,77.84,1.47,375.49,1,27.1,57.88,1.64,2,4,0.0,713.95,0,3,481.21,40,1,1,0.0,2,0.0,2,0,71.8
3,4.4,3,1,3,1,26.0,310,25.7,1,45.8,689.08,28.4,83.43,9.18,1.0,121.0,13.2,99,1,611.22,46.93,60,83.5,28.23,204.0,1,83.43,3,734.35,1,0,15.53,42,501.37,7.3,351.02,1,0,359.19,92.58,1.47,343.59,1,25.6,59.2,1.51,2,4,0.0,674.99,0,3,448.7,40,1,1,0.0,2,0.0,2,0,71.8
3,4.6,3,1,7,1,26.0,662,28.3,1,46.4,664.08,25.3,120.37,9.18,1.0,126.0,16.6,97,1,659.81,46.93,60,84.0,28.23,205.5,1,120.37,3,714.49,1,0,15.53,57,540.18,7.2,327.71,1,0,396.24,126.91,1.35,316.57,1,22.5,59.2,1.51,2,4,0.0,637.68,0,3,419.78,40,1,1,0.0,2,0.0,2,0,69.3
3,6.1,3,1,77,1,26.0,1988,30.1,1,43.3,623.66,26.6,211.2,9.49,1.0,136.0,17.7,85,1,701.2,47.16,40,85.0,28.26,199.5,1,211.2,3,684.58,1,7,14.72,57,588.84,7.1,301.75,1,0,477.76,215.05,1.38,282.53,1,15.9,60.7,0.81,2,4,0.0,569.34,2,3,375.99,40,1,1,0.0,2,0.0,2,0,59.05
3,6.3,3,1,100,1,26.0,10633,31.5,1,40.2,608.88,28.4,259.22,9.51,1.0,175.0,18.5,99,1,700.83,46.95,40,85.5,28.19,198.0,1,259.22,3,674.96,1,0,13.98,54,556.89,7.0,300.91,1,0,521.06,260.92,1.38,277.99,1,12.6,61.68,0.65,2,4,0.0,539.11,0,3,362.81,40,1,1,0.0,2,0.0,2,0,59.05
3,5.2,3,1,30,1,26.0,0,33.5,1,37.4,642.17,29.1,164.43,9.35,1.0,136.0,15.9,0,1,705.3,46.92,60,84.5,28.23,208.5,1,164.43,3,697.83,1,0,15.2,0,580.8,7.1,310.92,1,0,435.99,169.31,1.35,295.76,1,16.1,60.06,1.27,2,4,0.0,602.34,0,3,395.26,40,1,1,0.0,2,0.0,2,0,69.3
3,5.5,3,1,100,1,26.0,7967,30.9,1,39.3,598.1,29.8,290.9,9.47,1.0,175.0,20.6,88,1,704.18,45.82,40,86.0,28.05,198.0,1,295.76,3,669.13,1,0,14.11,64,527.9,7.0,308.45,1,0,474.71,247.93,1.37,282.53,1,17.8,63.26,0.85,2,4,0.0,512.13,0,3,356.4,40,1,1,0.0,2,0.0,1,0,59.05
3,6.3,0,1,80,1,26.0,507,31.4,1,46.1,589.33,22.4,207.63,10.22,1.0,188.0,20.5,98,1,703.82,45.02,40,87.0,27.7,204.0,3,277.99,3,669.13,1,0,15.67,54,480.87,6.7,345.9,1,0,376.79,252.0,1.34,218.15,1,16.3,66.33,1.08,1,4,0.0,470.14,0,3,364.93,40,1,1,0.0,2,0.0,1,0,59.8
3,5.3,0,1,69,1,26.0,1634,34.6,1,47.0,591.54,18.4,172.53,11.51,1.0,141.0,20.1,63,1,655.1,43.74,40,87.5,27.46,202.5,3,282.53,3,674.96,1,1,16.57,68,463.96,6.6,373.57,1,0,328.21,268.61,1.34,173.87,1,14.2,68.99,1.44,1,4,0.0,456.22,1,3,379.38,40,1,1,0.0,2,0.0,1,0,59.8
3,6.9,0,1,94,1,26.0,1499,32.3,1,39.6,608.88,28.0,133.8,14.89,1.0,194.0,21.6,99,1,558.45,42.13,20,88.5,27.05,187.5,3,316.57,4,697.83,1,0,15.37,52,445.82,6.0,441.23,1,0,232.62,323.56,1.29,101.95,1,19.3,75.18,1.67,2,4,0.0,444.78,0,3,378.2,2,2,1,0.0,2,0.0,1,0,56.8
3,5.3,0,1,100,1,26.0,863,32.4,1,40.0,623.66,27.5,139.23,14.89,1.0,195.0,19.3,88,1,510.7,42.13,20,89.0,27.05,192.0,3,343.59,4,714.49,1,1,15.37,55,402.75,5.8,467.13,1,0,186.42,358.6,1.31,88.96,1,17.7,75.18,1.67,2,4,0.0,447.67,0,3,382.92,2,2,1,0.0,2,0.0,1,0,56.8
3,5.3,0,1,100,1,26.0,1658,43.5,1,27.2,642.17,29.3,160.66,14.62,1.0,167.0,21.9,83,2,463.47,41.92,20,89.5,27.06,186.0,3,304.3,4,734.35,1,1,13.12,60,353.43,5.7,432.4,1,0,142.67,396.96,1.31,101.95,1,19.3,78.02,1.23,2,4,0.0,456.22,0,3,394.15,2,2,1,0.0,2,0.0,1,0,53.55
3,5.5,0,1,100,3,26.0,0,42.4,1,27.9,689.08,29.6,231.27,13.43,1.0,246.0,34.5,0,2,371.42,36.98,0,90.5,26.19,177.0,3,207.06,4,782.62,1,0,9.28,0,255.44,5.1,333.75,1,3,80.35,480.41,1.31,173.87,1,20.8,83.95,2.7,2,3,0.0,488.95,0,3,433.82,2,3,1,0.0,2,0.0,1,0,46.3
3,6.0,0,1,100,3,26.0,2382,35.9,1,37.3,716.85,26.8,248.37,13.21,1.0,222.0,18.1,79,1,327.27,35.28,0,91.0,26.32,195.0,3,159.59,4,810.53,1,0,11.59,59,207.06,5.9,284.71,1,3,83.38,524.43,1.37,218.15,1,17.8,82.15,4.01,2,3,0.0,512.13,0,3,460.79,2,2,1,0.0,2,0.0,1,0,55.05
3,6.0,0,1,100,3,26.0,350051,35.5,1,36.2,747.07,28.3,200.81,13.21,1.0,167.0,17.6,31,1,285.16,35.28,0,91.5,26.32,190.5,3,114.18,5,840.62,1,6,11.59,64,159.59,5.6,236.01,1,3,111.41,569.51,1.37,218.15,1,17.6,82.15,4.01,2,3,0.0,539.11,0,3,491.51,2,2,1,0.0,2,0.0,1,0,66.3
3,6.7,3,1,100,3,26.0,0,32.4,1,40.1,813.75,27.5,111.8,9.64,1.0,385.0,35.0,0,1,211.92,38.05,10,92.5,25.06,166.5,1,55.6,5,906.47,1,0,6.35,0,74.68,5.4,141.06,1,3,111.8,661.98,1.37,133.54,1,21.8,83.17,3.29,2,3,0.0,602.34,0,3,561.68,2,3,1,0.0,2,0.0,1,1,62.55
3,6.0,3,1,100,3,26.0,0,34.1,1,36.0,887.17,29.9,67.46,8.03,1.0,258.0,30.3,0,1,169.5,34.0,0,93.5,24.65,180.0,1,114.18,5,978.6,1,0,4.88,0,74.68,5.3,63.14,1,3,67.46,756.58,1.41,88.96,1,19.0,80.24,5.59,2,3,0.0,674.99,0,3,640.24,2,3,1,0.0,2,0.0,1,1,65.05
3,6.0,3,1,100,3,26.0,13160,32.0,1,34.0,925.92,34.0,89.6,8.03,1.0,572.0,40.7,13,1,168.0,34.0,0,94.0,24.65,171.0,1,159.59,5,1016.6,1,1,4.88,85,114.18,5.3,59.07,1,3,89.6,804.45,1.42,101.95,1,22.6,80.24,5.59,2,3,0.0,713.95,2,3,681.78,2,3,2,0.0,2,0.0,1,1,64.6
3,5.5,3,1,100,3,26.0,11406,30.9,1,37.4,965.8,31.7,74.68,8.77,1.0,1305.0,62.3,66,1,181.04,36.05,0,94.5,21.94,150.0,1,207.06,5,1055.7,1,0,4.8,66,159.59,5.1,89.24,1,3,128.35,852.6,1.42,133.54,1,25.1,80.22,2.58,2,3,0.0,754.33,0,3,724.47,2,3,2,0.0,2,0.0,1,1,59.85
3,5.9,3,1,100,3,26.0,33243,32.6,1,36.9,1006.68,30.4,55.6,8.85,1.0,915.0,42.6,100,1,205.87,36.02,0,95.0,19.18,159.0,1,255.44,5,1095.8,1,0,4.58,39,207.06,5.4,131.96,1,3,169.43,901.0,1.53,173.87,1,22.1,80.9,-0.6,2,3,0.0,795.89,0,3,768.13,2,3,2,0.0,2,0.0,1,1,62.1
3,5.9,3,1,100,3,26.0,0,36.4,1,32.5,1048.45,31.1,74.68,7.77,1.0,696.0,79.2,0,1,238.85,37.61,20,95.5,25.49,159.0,1,304.3,5,1136.78,1,0,3.91,0,255.44,5.1,178.42,1,3,167.97,949.6,1.53,218.15,1,20.9,73.95,5.24,2,3,0.0,838.46,0,3,812.59,2,3,2,0.0,2,0.0,1,1,62.1
3,5.4,1,1,74,1,26.5,514,41.8,1,33.1,511.64,25.1,303.02,1.28,1.0,126.0,6.6,93,2,350.64,51.9,60,68.0,31.14,210.0,1,598.19,3,1784.36,4,0,14.21,35,877.31,8.1,635.7,1,1,511.64,1502.23,1.59,1764.18,0,13.1,36.98,0.54,2,1,0.0,1743.63,1,2,546.3,2,1,3,0.0,1,0.0,3,0,54.1
3,5.1,1,1,12,1,26.5,1,57.1,1,13.0,456.14,29.8,158.98,1.67,1.0,39.0,5.3,0,2,301.74,49.4,60,69.5,30.9,217.5,1,493.14,3,1679.61,4,0,14.94,0,728.05,8.0,588.92,1,1,456.14,1356.29,1.81,1620.58,0,11.3,37.24,0.42,2,1,0.0,1636.61,0,2,485.2,2,1,3,0.0,1,0.0,3,0,56.6
3,5.4,1,1,26,1,26.5,132,50.9,1,20.4,469.95,28.7,206.22,1.34,1.0,44.0,5.0,0,2,310.83,50.62,60,69.0,31.01,222.0,1,525.65,3,1713.67,4,0,14.05,16,777.8,8.1,600.63,1,1,469.95,1406.0,1.81,1668.29,0,13.6,37.35,0.65,2,1,0.0,1671.44,0,2,501.3,2,1,3,0.0,1,0.0,3,0,56.6
3,5.1,1,1,8,1,26.5,0,55.0,1,18.6,447.65,26.4,113.8,2.23,1.0,36.0,3.3,0,2,300.9,48.36,60,70.0,30.6,217.5,1,463.85,3,1646.47,3,0,14.51,0,678.3,8.0,581.42,1,1,447.65,1306.6,1.67,1573.06,2,8.7,37.51,0.53,2,1,0.0,1602.68,0,2,473.99,2,1,3,0.0,1,0.0,3,0,57.85
3,5.1,1,1,3,1,26.5,3658,57.2,1,18.0,447.65,24.8,55.6,3.16,1.0,36.0,3.8,88,2,323.6,45.29,40,71.0,29.23,216.0,1,417.61,3,1583.2,3,5,15.4,48,578.83,8.0,579.64,1,1,447.65,1207.25,1.66,1478.64,2,7.9,39.07,1.76,1,1,0.0,1537.81,13,2,467.46,2,1,3,0.0,1,0.0,3,0,62.6
3,5.1,1,1,2,1,26.5,0,54.8,1,21.7,444.78,23.5,74.54,2.84,1.0,44.0,4.4,0,2,308.38,46.65,40,70.5,29.78,217.5,1,438.44,3,1614.32,3,0,14.8,0,628.56,8.0,578.3,1,1,444.78,1256.92,1.67,1525.74,2,8.2,38.51,1.05,1,1,0.0,1569.73,0,2,468.0,2,1,3,0.0,1,0.0,3,0,66.1
3,5.1,1,1,4,1,26.5,0,55.6,1,20.9,456.14,23.5,74.54,3.16,1.0,35.0,4.3,0,2,345.55,45.29,40,71.5,29.23,225.0,1,402.06,3,1553.2,3,0,15.4,0,529.12,7.8,585.4,1,1,456.14,1157.61,1.66,1431.77,2,8.4,39.07,1.76,1,1,0.0,1507.0,0,2,472.36,2,1,3,0.0,1,0.0,3,0,64.1
3,5.591710405234487,0,1,100,3,25.770723986913783,1758,41.16190952933443,1,29.229800875900057,681.4221811629204,29.55414479738276,248.6399507514118,16.075845191014945,1.0,262.0493209160352,42.066108431845166,34,1,340.1742649366103,34.095707755375386,0,90.72927601308622,23.681720416836782,176.31217196074135,3,197.70095314582065,4,774.9805232439672,1,0,10.573116713806264,38,243.1874898606725,5.008289594765513,318.7828618657318,1,3,106.216919796387,490.2184278398284,1.3420986418320704,207.156291579857,1,20.8,85.73835290207249,1.75996834634651,2,3,0.0,477.94016585159983,0,3,425.9787603524514,2,3,1,0.0,2,0.0,1,0,47.79029408506041
3,4.7695784399345085,0,2,6,1,22.0,293599,10.454498690020245,0,52.02442330670517,318.1422093960948,37.45149956334008,412.9922847601242,12.693615775318886,1.0,360.0512795613598,34.612038564977375,19,1,462.36439969234345,37.753181597776376,26,86.06627519476066,28.040604031161703,108.63234009823768,2,265.1937862784607,2,412.85322236984496,1,10,16.42548869250274,49,44.56798537735997,6.4783137597380325,62.683085185332935,2,0,47.32279368431627,217.179921703476,1.5795480280851393,370.27506583982057,5,25.26292989133008,75.0722242708296,6.059795528705763,2,4,2.7831375973803287,203.85791615486696,2,3,215.10019865773336,2,1,2,0.0,2,0.0,2,0,46.21234268347106
3,5.65998501525811,0,1,100,3,25.20007492370945,0,41.09726487575539,1,27.78572498910135,726.0479660257132,31.01701013514326,280.06771515394144,10.627976732765106,1.0,223.60209786386463,34.97995504577433,0,1,344.54480293685555,36.712596474497154,4,91.52847509808784,27.36474711203812,136.54664614187794,2,276.67176563902154,4,814.8226980712395,1,0,10.429606609640416,0,308.7332940826944,5.419970030516219,362.8421322745783,1,2,172.54707879303066,574.2320694480095,1.412847509808785,248.76812764319305,1,20.48002996948378,76.47869978744627,4.176433140810556,2,2,0.0,530.6032414725579,0,3,489.5839198183231,2,2,1,0.0,2,0.0,1,0,47.11135257738041
3,5.569981970838374,3,1,100,1,20.66297326549267,113176,48.8178560759421,1,28.73241436148228,0.0,22.449729562575616,130.951153971333,8.742455673936464,4.0,147.41098232683615,14.013296244226389,48,2,337.7018253595433,35.48785308858,33,74.43648585965856,29.21618915157952,226.57729871810724,1,407.51400678311103,3,1083.4501752617928,3,1,17.084403543985303,71,835.9142184038644,6.767585638517721,314.3782361151933,2,0,206.43631667757896,1098.7850636126811,1.7659855766706996,1352.7186066054128,2,24.267585638517723,64.72589841822469,8.447954463243274,1,1,0.0,1243.852329574794,1,2,254.5197240841372,2,1,1,0.1749549270959361,1,0.0,2,0,48.241522691069584
3,5.696433668665887,0,1,100,2,24.95542085832359,12416,40.28009973237271,1,33.70370905397895,652.2874618553781,26.11440804798129,258.6261638834702,22.36199020024141,1.0534949700116931,183.3594875863081,21.346790475277984,13,2,237.36010799611643,36.08452205261848,10,91.12553520991816,26.907624795574893,180.98965694521632,2,194.86989992066992,4,766.46379497129,1,1,15.128708967239607,81,234.003873555484,5.626747485005846,281.7052657716798,1,0,201.61951751866653,542.4951577123302,1.385884446701286,302.39136313500967,1,20.0820256206846,82.55860940834559,4.996597712968109,1,2,0.0,467.07588865720186,1,2,406.421523899438,2,1,1,0.0,1,0.0,1,0,47.09012122750877
3,5.331700519601885,2,2,49,1,16.908040967074633,77405,30.675692446402177,0,33.916451238897096,182.64628664104168,35.40785631470072,111.21104195499854,12.915905655513116,2.450092326186957,296.023098724358,36.31386267013856,41,1,756.6363321156249,28.97274603860493,30,87.57532314165435,29.17273560355293,196.12430755359784,1,720.1114968852567,3,258.1765743982069,2,2,16.933280843384537,75,724.0947305781859,5.716635891271015,684.5330018453993,1,0,681.551688408678,703.3549787849381,1.859510155880565,717.7823601567524,4,30.60452913644652,75.2599069867083,12.336302486340848,2,2,0.0,787.5660965337197,1,3,827.0658781713232,2,2,1,0.4833641087289857,2,0.0,2,0,44.85157126294015
3,5.317419577618714,2,1,76,1,22.3695854125848,98335,38.61918463752984,1,36.17270940994619,55.34534260726449,25.182023035040928,268.158705175343,9.011085835832512,3.217512475508773,167.33631482666658,13.894646453277185,39,1,225.82941893032228,39.26109857871158,34,75.19492514694736,28.836543953843275,190.50696734175443,1,216.2459401175579,2,1041.382888816878,2,1,17.05951109427275,61,569.1941948884961,6.969585412584795,116.08057465279067,3,0,13.758738972304076,837.8704378713547,1.6656590402788305,1105.0938735345126,2,23.40018579578012,65.85959708598268,5.941649059871812,1,1,1.043316699321636,935.428070960369,1,2,45.71185236574877,2,1,2,0.0,1,0.0,2,0,48.07410287829708
3,6.198126849878962,2,1,100,3,22.511238900726227,14,36.71123890072623,1,27.412737420823056,850.1614727218016,35.776398308474924,444.1220372884842,1.237545793364621,1.0,148.49825793219603,36.65394672348589,0,0,254.01525454697065,35.79081894276057,19,94.9850147990317,31.290251754431573,0.6574756924842688,1,510.4224898843279,4,922.9297329338584,1,0,14.301720676465012,0,487.6463365670845,6.494005919612679,460.44085420228487,1,2,482.45007127900215,889.4622396498035,1.7585764059080111,500.6242438822417,4,19.405244820338904,51.39707712585755,9.128118984939936,2,1,0.0,670.4272881120695,0,3,676.8318784697965,2,1,1,0.0,2,0.0,1,0,49.84887610992738
3,4.838038713582327,0,1,11,1,21.654193512887936,70895,7.06219367795903,1,57.23519990095734,204.8523321499692,35.60606448595475,558.3020108503093,13.048730326556552,1.1037419461336189,378.8990968664914,32.74609036837456,3,1,446.0286298231807,34.227961203882124,19,88.65561291920042,28.495703232551293,67.20154881841157,2,264.9394335834277,2,295.61768943847403,1,3,18.07766451896897,40,71.28838349787475,6.55158709180431,103.8194051953012,2,0,91.7289614207848,287.05908777694026,1.556944517868491,381.52325485717154,4,20.09336775152026,81.31794840023146,8.123233603126803,2,3,3.861677405155175,39.48141824655863,1,3,109.282386223676,2,1,1,0.0345806487112063,2,0.0,2,0,44.55331612423987
3,4.88834130927858,2,3,2,1,21.9417065463929,192911,17.591467268035487,0,37.96255981958935,456.7435686956295,44.445972912375154,131.00005921008994,11.894843702062154,1.0,193.2331738144284,22.52283882472801,34,1,456.7435686956295,45.511118013400655,51,81.6165869072142,27.467193769586007,222.2388758505552,1,253.57115957552185,2,550.9822887858348,1,7,14.715961715462814,65,179.40343771571568,6.730047855671483,130.78582444199867,1,0,131.00005921008994,136.45671513411813,1.6867488036082128,304.1693644502532,5,38.927583747425096,63.76319214380796,1.98780063195782,3,4,0.0,558.0775295982033,0,3,486.2906942873184,2,1,2,0.0,2,0.0,2,0,46.35
3,5.523472731362132,2,1,97,1,24.32395451478401,1044,48.49259968511583,1,23.96190020242554,272.9264258353924,27.54550011245863,333.7963658329712,5.129169447914128,1.0,102.24609861761894,10.091327898406206,96,1,112.52305140607692,44.71189436633862,54,72.0233186214292,29.854436298205886,218.47909029568012,1,355.4711295008557,3,1411.3587060253744,3,0,17.440096356684375,36,698.060324209075,7.541799955016547,357.188735387119,2,0,244.0068471606776,1187.514362648844,1.6758681828405328,1440.89055564838,0,13.168491060398887,53.55813077146622,2.560080945691082,2,1,0.0,1342.4129353850549,2,2,277.33170165296985,2,1,2,0.0,1,0.0,2,0,48.96736365681066
3,5.692422180824483,2,1,82,1,13.887071083413794,121469,35.41219054553965,1,35.564928322724484,40.04176131895729,29.00401042090172,109.12932075381968,13.918648038657656,3.433878674975862,399.09361518312414,42.76567830239621,22,1,1042.559166651654,15.315018088112588,3,92.1508180124638,29.97145649415138,161.5720863365224,1,1119.563681620897,4,102.17750533242054,3,1,18.69903431332689,77,977.7737079969428,5.464189951677931,958.2184066823158,1,0,967.2312345486806,1141.6755686919803,1.937533516912724,1091.3605736868133,4,22.19049080747828,84.19178369913689,20.10013638937593,2,1,0.7548284333655175,926.2693202644804,3,3,1047.527474336864,2,2,1,0.8112928916586206,2,0.0,2,0,43.50475459626086
3,5.5557742705184365,0,1,94,3,25.163385942223453,1578,40.30846485555863,1,29.23858249244247,632.329679747491,30.38083978725811,297.2481733097843,15.412775316930412,1.0,298.7066856399224,35.22506551673968,22,1,359.9221341326244,36.98,2,90.63943567629607,26.42425193617744,181.1830702888828,3,264.3262322548045,4,724.0681708097455,1,0,11.47192883137455,18,254.44442927124592,5.2394356762960905,306.6437045280399,1,2,124.64034821869032,479.67099091563074,1.4243372545627946,255.94741649493096,2,20.4932415121486,84.76151563604326,3.1015747477327418,2,3,0.0,430.6407888865007,0,3,388.1910692888672,2,2,1,0.0,2,0.0,1,0,47.289993301702246
3,4.710107348991832,2,2,3,1,22.84838976512253,94643,27.920302807737897,0,34.33354251673043,546.9400314874753,37.74615467553166,318.09419633164464,10.407638861275291,0.7003578299727713,196.79785302016336,24.04472335564058,55,1,297.45796072280467,46.66726287025609,60,80.70214697983663,28.17090338590735,211.49463255040845,1,174.8478585965653,2,679.6994260574456,1,14,14.537719238245272,61,207.7700922370728,6.469677953024506,302.0150874865569,1,0,150.75902647993874,265.93065292216914,1.6730322046975494,429.6070571859366,3,31.73747864643092,60.96730854241996,1.7267442863433644,2,3,0.0,618.8597770473792,1,2,346.8374784609848,13,1,1,0.0,2,0.0,2,0,46.84440958054493
3,5.838664456895323,3,1,100,1,13.610058006497788,129931,43.51137697631738,1,30.00865617025278,0.0,26.47996685342984,24.33794350393609,13.12869725881614,4.0,356.31161523611314,39.40379117660797,30,2,1029.5525098940327,15.323232510006054,6,89.54987570036188,30.12299254202172,192.3202817458464,1,1156.271641864462,4,246.2892852055548,3,1,18.521854844389978,83,1130.7126421055475,5.491343829747219,1007.5588989556646,1,0,999.0093481726668,1302.7486558406615,1.9809315655162576,1280.3422619238224,3,22.99134382974722,81.1423983163042,20.3035691605061,1,1,0.0,1160.7018172023202,3,2,1085.729297074214,2,2,1,0.8466611422383059,1,0.0,2,0,44.17770008945825
3,5.771837854060954,0,1,100,3,25.06897287563428,3283,39.26897287563428,1,30.31150259238552,698.0189301143544,30.40515696116801,294.3837646174506,16.60952698256201,1.0,261.8911308197863,48.93106980304453,64,0,296.17523623337166,31.42561962558417,2,91.57470283248765,22.24439926317344,150.28491322460522,2,233.3431683825387,4,788.5975445716878,1,0,12.417523314949417,71,266.0613165408838,5.129881132995052,324.0880559999367,1,2,186.61403396122068,557.7070915443967,1.4345967690863248,283.11454665606107,1,20.59885400862933,82.5929058398194,1.8726802761174337,2,2,0.0,494.5745515572247,0,3,454.23229063354887,2,2,1,0.0,2,0.0,1,0,49.59310271243657
3,4.90450812712219,3,1,45,1,24.584221555072336,197748,48.23487681950323,1,27.80450812712219,594.8963810049321,23.960615053374585,396.755966345447,7.361803250848876,1.6180325084887603,157.31312227080346,11.806639859295794,53,2,162.7998776686125,45.12877510310946,51,74.07295123726686,28.61079503881576,227.4608597161496,1,221.7082141921485,3,1253.5748140707938,1,24,14.57813909509744,58,329.2920563193392,7.1,328.28787108824883,1,1,0.0,813.6801860017204,1.650450812712219,1120.5999501756469,1,20.13381095341643,53.40533114385551,2.328946367051948,1,1,0.0,1106.8054609593348,3,2,137.44332309567915,24,1,1,0.0,1,0.0,2,0,48.525860565258846
3,4.878560930867328,0,1,18,1,22.05611495061952,73152,10.783007615013382,1,54.855548943076606,188.3759372560881,34.272666432033915,531.2105780381235,12.402836234296792,1.3366897037171208,346.0144781468736,29.50547545914789,8,1,390.0691327724087,35.70634354002536,22,86.47986177769728,28.491726445681472,82.35965796373443,2,225.27388942215785,2,416.1535136086576,1,3,17.89961193233969,42,112.655814082269,6.65611495061952,73.41724477931669,3,0,46.82987270964063,338.41795082208137,1.559079083210637,464.5796786008655,4,20.516257545699585,78.8623518483023,7.33972732023694,1,3,3.551080395043839,142.02806231701766,1,2,64.2003402124607,2,1,2,0.0,1,0.0,2,0,45.12748053582349
3,5.529814310246498,0,1,100,3,25.85092844876751,1589,42.05713543216528,1,28.779522152271674,685.3606647967495,29.093156725809543,235.6184171494517,14.801458271338882,1.0,236.90663537481828,32.57697698910091,1,2,351.6516215910599,36.83390987979216,1,90.64907155123248,26.29136865483809,177.44721465369747,3,205.1951148940816,4,778.7635189696156,1,0,10.147596428173076,12,250.8232540583299,5.174535775616243,326.3918282311644,1,2,98.97350889547464,488.30333863776025,1.3204350085862742,190.1351969549767,1,20.68074275901401,83.80241916427984,3.041373852322396,2,3,0.0,483.5282676816744,0,3,430.7327281739752,2,2,1,0.0,2,0.0,1,0,46.411803663424365
3,4.780690498266284,0,1,8,1,22.25746002311621,80842,8.445401737519056,1,56.21755782200519,262.83303019701634,35.243476941053665,577.0223546352858,12.636039316423703,0.9356349942209476,366.6073939771077,31.17361239886658,6,1,403.1811479874953,35.909319675358844,22,87.72761993065137,28.425494449595465,73.23403591886935,2,226.95951420624127,2,363.2391936481776,1,6,17.733324171567062,39,31.34064873687036,6.632182502889526,91.17843128041407,2,0,49.35474594515498,275.21235020259445,1.5445055504045335,388.5518764685872,4,19.813341483240748,79.09363176177627,7.118848157697336,2,3,3.74253997688379,64.30064077327336,1,2,76.35825734444637,4,1,1,0.0,2,0.0,2,0,44.81884101964878
3,5.5,0,1,100,2,25.678010976670915,92,44.095808856199845,1,26.805237320681112,593.67894557457,29.020419758007648,249.451646850649,11.208275739029316,1.0,205.6440424094214,28.48953823119042,21,2,309.6324530166376,38.860415896241854,12,85.9921536733928,27.057223769499668,186.6596706998725,2,237.29262269711217,3,941.5237296063922,1,0,11.040206660865662,7,363.188260173356,5.679580241992352,342.2247510940215,1,2,115.61853102197908,652.4551749451966,1.3872773655989803,473.6117284105337,0,18.97539553446852,76.47556147178751,2.6248692278898806,2,2,0.0,702.4823873044047,0,2,400.4318848742628,2,2,1,0.0,1,0.0,1,0,46.84738133965944
3,4.700696476414269,2,2,3,1,22.98955285378597,101967,28.770418297244404,0,34.02298372167086,567.1881512296068,37.206597981084734,328.85992086462386,10.263966206591167,0.6689882547142286,196.98607047171464,23.63064496222782,55,1,291.5877721046736,46.731884195288686,60,80.51392952828537,28.17937317122716,211.96517617928657,1,177.22724087992577,2,703.9455981662784,1,15,14.4746663919756,61,200.1350513148961,6.4979105707571945,309.1083758440186,1,0,144.00641170978486,283.4066432987032,1.6702089429242806,452.9212392138381,3,31.08185452352738,60.41426293061185,1.6614955698055955,2,3,0.0,635.8865551062111,1,2,340.483570992367,14,1,1,0.0,2,0.0,2,0,46.89616937972152
3,4.758068662143645,1,2,5,1,22.0,378709,12.215494692022244,0,49.68793841516003,358.2284634861116,38.03849823067408,350.44930322235507,12.573914086293913,1.0,353.2605106647508,35.486781677082945,26,1,478.5931863774599,38.76834399893047,28,85.14549297149163,27.89327887543866,125.8970067845318,2,279.685747494936,2,453.95003494989953,1,13,15.810866558470668,54,49.72781876100374,6.432274648574582,61.51138980622311,2,0,45.26944932642635,205.13724120089623,1.594510739213261,377.9762581596869,5,27.25412144914933,72.7576079570871,5.480853705825367,2,4,2.3227464857458187,280.9860881092173,3,3,270.939885610104,2,1,2,0.0,2,0.0,2,0,46.82236090638679
3,5.5,1,1,100,2,25.441575850157385,160,45.34103385583777,1,26.00135789053511,523.6263700569646,28.59483653028329,262.80235032777966,9.57687336608596,1.0,176.01083988639232,24.0760825362712,36,2,264.26212847286786,40.24119703508087,22,82.6820619022034,27.694022376909444,193.75272449527844,2,259.4923048425559,3,1058.206040774996,2,0,12.332718685806292,12,442.3073346756669,6.105163469716706,348.4477236238576,1,2,141.51605854609437,778.7871917439059,1.4440217959622277,693.7107639161557,0,17.635596484225186,70.98711406832011,2.56970103170339,2,2,0.0,859.2782820372939,1,2,375.9151384889865,2,2,1,0.0,1,0.0,1,0,47.24932105473244
3,5.5,2,1,100,1,24.589799836313333,405,49.82705419541645,1,23.10531944346533,271.2564941684895,27.061639705364,310.89930257617385,3.699618870561993,1.0,69.25491281793765,8.176263611182204,93,2,100.81198992295305,45.21556895593014,56,70.75719770838666,29.988139107529424,219.3060049106,1,339.4683940357535,3,1478.5631821137952,3,0,16.989094228153782,31,727.3399814416819,7.638360294636001,370.8664683082331,1,1,234.813924595813,1233.9081514610602,1.6484480392848002,1486.6347337103434,0,12.808865739108883,51.21455353362016,2.3709532951397776,2,1,0.0,1424.1477418848751,2,2,287.5916443601172,2,1,2,0.0,1,0.0,2,0,48.69734027826733
3,5.7,0,1,100,3,25.486831918377657,4013,39.71053446529788,1,30.879008489734048,672.1627266532314,29.413090661292543,268.9206120181388,19.290333039929266,1.0,278.4717283285105,50.22571680060633,73,1,301.58210755561527,30.82984502682927,0,91.01316808162234,20.8819674039548,175.61851273460107,3,186.858055689633,4,765.7174439365165,1,0,12.179008489734048,82,228.6080713062101,4.918435314271278,300.6696593505489,1,2,138.56455390552566,502.6311693120022,1.38,247.4217966816958,1,20.77893106940425,87.7212161617335,0.7642989484819234,2,3,0.0,464.6144850222957,0,3,416.6249264506867,2,2,1,0.0,2,0.0,1,0,49.48415959188829
3,5.5,0,1,100,2,25.574118537893803,122,44.64297570042598,1,26.452003028838924,562.8970011974282,28.833413368208845,255.3181065602633,10.49141791146723,1.0,192.6228567493565,26.55021270735096,28,2,289.6961866315679,39.4671477387002,17,84.53765953051322,27.33704073793936,189.776443863186,2,247.04743008202468,3,992.7953407591564,1,0,11.60815199284722,9,397.9541332694709,5.866586631791157,344.9592000826352,1,2,126.99821614936562,707.966982832584,1.4122115509054876,570.3258922844077,0,18.38667171473154,74.06387165964145,2.600627658841887,2,2,0.0,771.380389620094,0,2,389.65893158933454,2,2,1,0.0,1,0.0,1,0,47.023998485580535
3,5.7,0,1,93,3,24.736590349139018,4392,38.234253470346914,1,31.38019133465435,615.3380308876673,30.38555519499874,329.8288526890344,19.609187572861487,1.0,328.0260344930366,46.75544234121293,76,1,311.4973414818676,32.61073868156623,3,91.0,22.64684595877312,180.5385036956825,3,255.58894511135023,4,706.9331657954287,1,0,13.639033856135743,78,235.7891733669727,5.113754702241075,281.39570917616595,1,2,168.03231293786934,494.4590527973208,1.4838237125170937,314.1683287541624,2,20.464099753621166,87.54768977825904,1.715719872601933,2,3,0.0,408.42325672745966,0,3,371.9780871823395,2,2,1,0.0,2,0.0,1,0,49.641609158103314
3,5.7,0,1,100,3,25.25719312320689,7151,39.89424550143449,1,32.25684126075868,668.3736865329137,27.897474613165453,264.92030420626395,20.86565517480076,1.0,234.38107965572223,36.72295564456494,44,1,271.97248130629595,33.268609031542866,4,91.24280687679313,23.706524584555293,177.68526189113803,3,190.4863486533312,4,761.4874973294709,1,0,13.55684126075868,82,226.65614154725853,5.239929627510358,292.9905380400383,1,1,170.03425439572823,517.1259700631813,1.38,264.194614280969,1,20.41150899713102,85.47534874496334,2.757563690564224,2,3,0.0,458.9378140056742,0,3,414.96693434955375,2,2,1,0.0,2,0.0,1,0,48.33596561603443
3,5.58968482859725,0,1,90,3,24.654727571041256,2538,39.03681892760314,1,30.05243588633399,597.8256869022987,30.85558760036149,337.3626679891163,16.618295656632217,1.0,330.7521630244007,35.665902771764245,35,1,352.931472584677,36.98,4,90.72421207149311,26.56667628010845,183.7263621447937,3,299.1438977622259,4,688.4688669386076,1,0,12.804613763871904,30,253.8391258095391,5.324212071493124,290.1631733017368,1,1,151.5687223890758,479.22167602108647,1.4938538986243617,305.85019376371235,2,20.306733442715128,85.25491425608998,3.345730765900196,2,3,0.0,395.1889959430056,0,3,360.4488417245902,2,2,1,0.0,2,0.0,1,0,47.891905707601175
3,4.806096791128097,2,2,2,1,21.4473458948028,25288,19.924707091256536,0,37.26120223827574,351.5705467568034,42.81409067046772,214.0669134016053,11.793024962864571,1.0166276121675375,196.15839031433848,28.09533164309389,55,1,358.1522544810799,45.854182154040295,59,82.55819664258638,28.10241528375176,206.87529290874343,1,158.63292483527698,2,445.9222262090437,1,3,15.160562813713856,66,285.7842249724681,6.194457462610821,239.42309527951613,1,0,220.6067749685936,105.92988992306482,1.701829037338429,212.76796319199752,4,37.91519917794555,66.3533128969343,2.464508822460445,2,3,0.0,460.01940938028247,0,3,412.3406453269381,2,2,1,0.0055425373891793,2,0.0,2,0,46.33281813409354
3,5.7,0,1,96,3,25.06018686830664,4155,38.855558787148745,1,31.13425798008696,639.5171627998719,30.0101832327643,304.1081069595153,19.435739838587644,1.0,308.0924889123112,48.5546389877849,75,1,308.0141485495473,31.796569839340503,1,91.0,21.83008834439405,178.4027666691762,3,226.3668850444375,4,731.9536486574691,1,0,12.98666327349382,80,232.7926695994805,5.023147676874142,289.7522656871506,1,2,154.77650512668694,497.5707569256366,1.439814585910297,285.4679062761478,1,20.60648222205492,87.67583399984942,1.2639791318439353,2,3,0.0,432.3797542344769,0,3,390.94343197771536,2,2,1,0.0,2,0.0,1,0,49.6027775758032
3,4.816267827253968,1,2,3,1,21.52711304542328,24340,20.072937990594365,0,37.21685332736861,355.9168517654295,42.71020868203703,219.82583684928056,11.938340185271962,1.0,199.338087267725,28.16448580890124,56,1,353.1081210132137,45.88605645200722,59,82.65364059073192,28.07084011456755,206.7288695457672,2,156.82483639548394,2,450.3514672919493,1,3,15.176150727231043,66,280.1788872669645,6.189154781830688,234.3013925826796,1,0,215.6921819440471,105.84622472301469,1.7003615072723104,211.63273100546328,5,37.669220845835966,66.62253324411589,2.3823549008717824,2,3,0.0,453.0322288727668,0,3,405.0477103146805,2,2,2,0.0,2,0.0,2,0,46.413263772654325
3,5.697557486073374,3,1,100,1,17.31411599057394,121132,46.29823965005087,1,29.33839805884853,0.0,24.363362291100607,80.32918952608526,10.825125960147828,4.0,246.60094542204817,26.069182433933832,40,2,666.2055877017858,25.91331067019329,20,81.61260859162728,29.64675651549764,210.31142052564485,1,763.0382632521264,3,685.9503848925818,3,1,17.76693255049255,77,975.8900737197058,6.161601941151474,643.513497257849,2,0,582.7649502935419,1195.63082661545,1.8680459888586989,1318.3529521889848,2,23.66160194115148,72.52076239908314,14.077224072987622,1,1,0.0,1204.3708969974427,2,2,649.193716790893,2,1,1,0.4938937151834346,1,0.0,2,0,46.311943023140216
3,5.664235458155734,0,1,82,3,23.536468127663987,4649,36.24117031915996,1,31.841650995737623,521.9704213265404,31.89929641418028,425.5523352253258,19.26857053743635,1.0,401.2025079571689,36.63506095602455,65,1,337.56286030119537,36.98,8,90.91058864538934,26.87978892425409,189.3176593616801,3,375.6887566614001,4,610.2056160281102,1,0,15.734453505520356,55,252.5083970719201,5.510588645389335,253.9315673363132,1,0,210.7693773214685,478.2338801794365,1.6466826892192552,415.5589002219785,4,19.89670498014346,86.33962591616593,3.8824952987212864,2,3,0.0,317.25004027108764,0,3,299.4589716827938,2,2,1,0.0,2,0.0,1,0,49.21517938226428
3,5.129821906124574,0,1,41,1,23.09940635374858,47396,18.369879311192097,1,49.25816165617822,377.8119025043777,32.34525278954626,461.8142321324921,16.53542970768711,1.0,307.271524575508,28.3787840049634,6,1,353.2637493772605,35.41081596966206,16,89.59940635374858,27.85830869605073,105.8768477961946,3,215.0383995065903,3,470.0644543994358,1,3,16.968917085480562,54,101.85636856816672,6.233531215417139,145.893740997659,2,0,108.64748371242362,353.2153988961362,1.4813649944667424,325.38857956002335,3,20.0,81.83864974871166,6.637181160084564,2,3,2.5341248616685603,165.85644252651073,1,3,194.1616119518364,2,1,1,0.0,2,0.0,1,0,45.497848522228
3,5.751165895388688,0,1,100,2,21.674216799735312,42156,40.662824849275566,1,32.90459683069797,494.2259694775547,26.506995372332124,193.81177102485108,20.45544944598078,1.767488430830313,241.02665545061285,27.63757565586513,16,2,481.5103081867004,29.532630822869898,7,91.88374421541516,27.755169990224296,181.15123264624543,2,484.3152570599847,5,577.2677138607924,1,1,16.05936053853789,83,473.5302289835144,5.497668209222625,509.8806592727154,1,0,454.626757997691,742.104061711998,1.5462891600132345,533.9077841652014,1,20.69073958774728,83.45375089050083,9.600047174520746,2,2,0.0,628.8823257408006,1,3,633.7296660317124,2,2,1,0.2558294769434377,2,0.0,1,0,46.07784798761494
3,4.716281977275639,2,2,3,1,22.755770340865418,89838,27.362528052767296,0,34.537305250096075,533.6549070929781,38.10016669713662,311.0306273959118,10.501904853074752,0.7209399242521293,196.6743604544872,24.31640700012811,55,1,301.30948802530094,46.62486375604061,60,80.82563954551277,28.165346220451926,211.1859011362181,1,173.286706745476,2,663.7911137470443,1,14,14.57908924774678,61,212.7795681637257,6.451154068173084,297.3610643281085,1,0,155.18952809451335,254.4643681991388,1.6748845931826917,414.310238896575,3,32.1676444168695,61.33017086456504,1.7695550424444288,2,3,0.0,607.6882279144293,1,2,351.0063816572688,12,1,1,0.0,2,0.0,2,0,46.81044912498399
3,4.946448633481912,3,2,32,1,22.154030395926195,592679,30.06456904290453,0,34.9734224774023,387.8111679904914,34.96200847969317,73.0510066392443,10.62377433960506,1.924182375557168,249.37826104136,29.888024264797348,56,1,436.33074270724273,42.919608505664975,40,77.4193920814761,27.71375124908987,219.9313678166788,1,309.5759902951913,2,858.5135995518181,1,18,13.942243167409558,73,286.2795033281672,6.477254712667151,79.69959574661242,1,0,24.15559775643309,422.02903048072136,1.6823224316740957,710.94796041315,4,33.387627943474655,60.88592170113299,3.42257021718669,2,3,0.0,853.5293954689125,4,2,394.1195940810864,2,1,2,0.0,1,0.0,2,0,49.71516352488857
3,5.1797781613884295,2,1,55,1,23.1276206916647,11525,36.34747703192443,0,29.43316665695396,294.4582196971826,34.21935631112161,269.89922661918393,7.059899994172376,1.0,120.6719884139788,16.335385043069664,79,1,207.07126476170487,45.88181252852798,60,75.44697700278631,29.251036093387484,215.13810345832349,1,258.3385263380381,2,1031.2113889957948,2,1,16.409544139498465,48,539.323502503215,7.068064368887839,309.65681584021434,1,0,231.2052573760085,740.7654133210849,1.683723793083353,946.5659471201052,2,24.05671607473909,56.96171125290012,2.35,2,2,0.0,1013.669236090548,1,2,337.4066752007792,2,1,2,0.0,1,0.0,2,0,47.70635057638725
3,5.95440703841938,1,1,100,3,23.97355776948372,1883,38.17355776948372,1,29.07003213874821,763.1778720118767,32.705528684084186,358.5130163151914,10.026082194597157,1.0,213.3277277804449,43.67307729352186,36,0,278.1191439003233,33.29512807341445,10,93.03525630735504,26.118517355259243,86.20312951479762,1,352.00948683182867,4,846.1287459467151,1,0,13.22447910981366,40,360.9607785703937,5.714102522942016,382.4846353088229,1,2,313.3133965222813,699.7897335794983,1.5733493491987287,376.2686472831044,3,20.08766029242573,69.23249292846977,4.980007793897848,2,1,0.0,569.8879914887626,0,3,549.5662673218319,2,1,1,0.0,2,0.0,1,0,49.70264422305163
3,5.200034119995515,1,1,41,1,18.36332618185895,92323,19.073859436214818,1,48.05368004738648,135.02341825286513,32.80882725458011,367.9911530969033,13.417307467631796,2.0910021454423138,387.4553519271667,36.99130922540195,11,1,698.7738225808687,26.21469925282656,12,90.13650321816348,29.1209680254468,107.18558689041372,2,627.0368568838776,3,213.65863855919724,2,2,18.340933905451283,56,455.35892796760527,6.090865665460253,465.8213933431514,2,0,462.6722361070406,649.1532202100593,1.7181970170889111,682.2756202399103,4,20.981901930898083,82.53556931271218,13.197751027573494,2,2,2.545330472743581,415.2063231647995,2,3,506.809287209984,2,1,1,0.3636673818141046,2,0.0,2,0,44.10904903455096
3,4.575138545581675,2,1,6,1,24.87292181627487,199684,40.11248471578867,1,29.87957200419528,837.3344099446535,30.007943280016047,472.4940084727496,8.347115129213575,0.2504618186055841,199.49722908836648,18.10609600559372,54,1,213.2689201156629,47.594048653672495,60,78.0027709116335,28.29237530897649,218.24307272091625,1,208.97247105876644,2,1027.4330511633718,1,30,13.633428255397224,54,98.26990203041312,6.874584363254974,403.7455735769053,1,0,53.91441107303804,516.5677208548291,1.6325415636745026,763.9742717941438,2,22.334652008856708,53.03564186201645,0.790960582699615,2,1,0.0,863.0543340972611,3,2,255.71104135856103,30,1,1,0.0,2,0.0,2,0,47.58673799930079
3,5.617974169512109,1,1,87,2,23.615193728659182,3516,41.21598894756762,1,28.639721390849388,386.76758330276186,30.144289661582988,405.5654830359711,13.379144998407096,1.0,280.38130953032504,24.550047935352644,87,1,229.04804971690567,40.57273137536964,30,82.1822232225517,28.34241328780626,204.3038745731837,2,385.9525683761306,3,962.37292323102,2,0,17.279443911829414,53,459.1984891411939,6.502284135366804,292.6064525554249,2,0,241.4175077553682,807.55715535114,1.699493542378027,920.1687311543784,2,16.665044271948023,71.38582707845933,3.4058688171333733,2,2,0.0,773.5898788727148,1,2,273.5138435517108,2,1,2,0.0,1,0.0,2,0,49.43987084756054
3,5.6810035724475085,0,1,97,2,25.41557143310004,4274,39.27996787967268,0,30.93719642121244,665.6499878609866,29.78283569911488,268.01253613244023,19.043385008400566,1.0,279.1847858116508,50.51453574032521,74,1,304.3406338716808,31.014205696895864,1,90.82058929533758,20.87555963451318,176.16487496433723,2,185.92117039623608,3,759.2508839312944,1,0,12.164165710843973,82,229.817149226865,4.927439284242489,299.6989875756844,1,2,138.4169106254118,493.2980433131737,1.386754285351997,245.62521254477664,1,21.163042837669845,87.39408573874019,0.6858821409324845,2,3,0.0,464.7559457241581,0,3,416.5260253675473,2,2,1,0.0,2,0.0,1,0,49.48245714648002
3,5.7,0,1,100,3,25.24337107647973,7340,39.90530313881622,1,32.33977354112163,668.1456227619155,27.8062491047662,264.6795241522768,20.96047441534907,1.0,231.72724668410768,35.910219297007984,43,1,270.19026660129606,33.415399167785296,5,91.25662892352028,23.87653575929935,177.80966031168245,3,190.7047369916203,4,761.2328952287565,1,1,13.639773541121636,82,226.5386541500777,5.259280492928381,292.5283287974821,1,1,171.92842767921815,517.9984176525996,1.38,265.20417657392073,1,20.389393722367565,85.34016912797173,2.8775390561559653,2,3,0.0,458.59613301057885,0,3,414.86713917218367,2,2,1,0.0,2,0.0,1,0,48.26685538239863
3,5.746950606140723,0,1,100,3,24.765246969296385,9664,39.780735878243085,1,33.19903224139874,681.661356332946,27.10145163790188,277.74974947196176,20.61487998444017,1.0,181.52565514558648,23.008518184221693,11,1,240.2203962084673,35.982158769666526,10,91.82865424298508,27.28879940677525,163.0977817893397,2,224.32513540232367,4,772.4099051721768,1,1,15.025818042297658,74,249.274005224144,5.684511091053301,300.97764914951745,1,0,231.42867058401424,566.9353174633538,1.4156824606669494,303.50680500472413,1,19.94365927263113,79.98333157067816,5.38156805521363,2,2,0.0,473.1086830289697,0,3,437.9656508908988,2,1,1,0.0,2,0.0,1,0,47.31292339438805
3,5.7,0,1,88,3,24.08598591377607,4867,36.98509295445006,1,31.874650705530183,566.7248674773481,31.14025634001976,381.54149562942274,19.957911550216025,1.0,368.103267711394,43.13808168059496,77,1,318.5004476241144,34.2476594409394,5,91.0,24.2889715536292,184.83249296907792,3,314.34112804236565,4,656.6284308531658,1,0,14.95065239782744,73,241.8137704384336,5.2959239441427,264.59450023735326,1,1,194.68367302807692,488.20284054687073,1.5723059157264545,371.87173733537264,3,20.17783380206147,87.29005042185533,2.6239636643686035,2,3,0.0,360.25770916867015,0,3,333.847462434588,2,2,1,0.0,2,0.0,1,0,49.71968169034688
3,5.875039203847338,1,1,100,3,24.12480398076331,6932,38.9097334138381,1,31.55949819075408,729.489638716596,29.560752713868887,324.9734536744365,15.117317370872255,1.0,172.047098915297,26.85117611542013,8,1,244.06817768357405,35.933485102538015,13,92.72527442693136,28.43134969831825,116.98588661495836,2,305.5563622959047,4,815.132576051241,1,1,14.823438057921209,53,316.94321139254856,5.915070566925208,346.23135071926447,1,0,302.7663341907364,658.5340354553082,1.5130297949239766,359.5071399220561,2,19.7899529553832,71.86251447607877,6.4498269600867975,2,2,0.0,529.11414149021,0,3,505.77575451678064,2,1,1,0.0,2,0.0,1,0,48.03021954154509
3,5.770979327593888,1,1,100,2,20.38634370639734,54350,40.88077260353276,1,32.55786176710698,428.432495825359,26.62587596556332,168.0107196072403,19.6133785772598,2.064689913908305,262.7223637153063,29.97556065607867,17,2,575.4933425088437,27.02821299213268,6,92.03234495695416,28.097942367374245,181.59703487086244,2,596.5236769960807,5,507.7651656997834,2,1,16.430862392385382,83,569.9760729287639,5.458041344812226,597.1994456726399,1,0,551.1835571632897,822.9379117511606,1.6106828146801326,631.0768183859408,2,20.95822092251748,83.64495051128101,11.385237416209222,2,2,0.0,697.1534690902565,2,3,719.1622136857018,2,2,1,0.3548966379694351,2,0.0,1,0,45.701392775716144
3,5.16418353437059,0,1,38,1,18.689240596630995,90201,17.88427182229686,1,48.96298126460049,141.93899621991312,33.08585450713635,386.8387837031705,13.380805053177328,1.9932278210107013,386.6079744487594,36.57087963034601,10,1,673.7429436975463,27.00830085279648,13,89.98984173151605,29.05904428664011,103.2257267509334,2,591.1761679120949,2,221.77553705909497,1,3,18.31486075226952,54,417.3221084483897,6.13649368352834,429.9701558893971,2,0,425.93548918835074,613.2928571526915,1.702227210765081,652.4903018738933,4,20.89390503890963,82.41498097924654,12.695190999995004,2,3,2.6756962386523986,377.99602260144593,1,3,467.4398036487655,2,1,1,0.3310759403369003,2,0.0,2,0,44.15304748054518
3,5.577750808564713,0,1,86,2,24.52458647775166,12570,37.34260157095963,0,34.275413522248336,621.940445711333,28.46840166329922,254.30309058994857,21.156218081030147,1.0,186.35832434928096,22.469327583539823,18,1,254.3926969349513,37.36511597102737,16,90.27750808564711,27.03571557061228,183.66747574305865,2,188.78662978600084,4,714.8253189594429,1,2,15.105433297397123,79,232.10785781600688,5.681499460956858,277.5807200370545,1,0,206.6356077005824,474.3598235646318,1.423466379176991,272.6472266750197,1,22.444983828705745,80.6902400123515,4.631402371789824,2,3,0.0,453.0744300631383,0,3,412.3520550131012,2,2,1,0.0,2,0.0,1,0,46.95491729555033
3,5.653962946351689,0,1,100,2,25.269814731758444,3050,42.13996384336049,1,28.95851785406756,573.9228552150396,28.901518302571954,279.92727425906963,15.48941347594613,1.0,229.6686851821332,40.75675556325079,80,1,252.70829656733028,34.154288287035406,13,86.05101673280656,22.90906190097719,186.2036149732324,2,223.7673745039508,3,940.191833237398,1,0,13.338396743139567,71,350.412045761263,5.56753727790051,317.710961545581,1,2,161.5946885905814,681.3652259025549,1.4467537277900508,551.1723525401236,0,18.84342521994678,78.93722641368697,1.041314956010644,2,2,0.0,699.4435438737669,0,2,384.8531514646391,2,2,1,0.0,1,0.0,1,0,49.38887031223091
3,5.800161324023049,1,1,100,1,18.48951393850178,72310,41.20177456425355,1,32.04717682959663,331.52929938286053,26.800967944138296,130.0099238571849,18.373143729020395,2.502419860345743,294.6766498052392,33.41903623471985,20,2,713.9152243709332,23.339608643486542,4,92.25120993017288,28.60279090559876,182.2536297905186,1,761.7886182735352,5,405.3990995257457,2,1,16.97802482543218,84,712.0252769469982,5.399677351953901,725.8059630357805,1,0,693.3961803615273,941.9931616830364,1.7055243030749108,774.1911652738395,2,21.352177874311167,83.92655677682242,14.014535294476763,2,1,0.0,797.7058741862218,2,3,844.9906049887861,2,2,1,0.5008066201152477,2,0.0,1,0,45.14693484356206
3,5.585599160158163,1,1,100,1,24.92799580079081,1887,45.763244511617344,1,26.223966406326536,427.7166438722561,28.012789082056123,295.931236606974,9.979292308747969,1.0,153.4430635763522,25.545813135191352,88,1,177.61067743374247,39.29866319809821,34,78.70190971700256,26.15975993447933,202.098195263227,1,278.8856771224808,3,1198.921418465415,2,0,15.177382591745406,54,531.1214599959188,6.558812177706631,342.3629428469663,1,1,198.4735330526788,948.0147557610916,1.545881217770663,1003.6619987871404,0,15.937964306721945,65.70199740662042,1.6224071386556114,2,1,0.0,1047.6749979863473,1,2,337.5317386614807,2,1,2,0.0,1,0.0,2,0,49.149597060553575
3,5.653710802861262,0,1,100,3,25.615722992846845,2946,40.32490416137297,1,30.128806641488296,676.2451479610846,29.52314459856937,260.38282606192297,17.8645566625474,1.0,272.8993905007208,47.1811412360541,57,1,319.0507294651681,32.145795250013315,0,90.88427700715316,21.98600954174449,175.84716897854054,3,191.37381256800825,4,769.8158901216569,1,0,11.44732232034379,63,234.90423673773543,4.946289197138738,308.6643969730421,1,3,123.70413194701888,496.849370366012,1.3637987810014416,229.659335898495,1,20.8,86.9473606557946,1.1244642706720664,2,3,0.0,470.4970181165055,0,3,420.67772635536215,2,3,1,0.0,2,0.0,1,0,48.7978005464955
3,4.839243394578991,0,1,12,1,22.1308113152633,66115,7.295609371177077,1,57.13606796919182,231.8962886066988,35.47704341398199,564.4401051101356,13.429468284277652,1.0,369.5844720513943,31.83343964222756,3,1,411.592542594844,35.11055150773162,19,88.6308113152633,28.36197811606308,68.10164129526875,3,225.4798540214616,2,323.9615787943164,1,3,17.921368873324422,40,39.36907398535311,6.556396228245566,75.31222054323676,2,0,59.40088330570378,261.40873249837324,1.5330233965192903,347.00116351875823,4,20.0,81.26717867600534,7.476630193438472,2,3,3.825584912982265,19.734195020621627,1,3,82.57946351833232,2,1,1,0.0,2,0.0,1,0,44.70682924079836
3,5.698910102159468,0,1,79,2,23.008174233803988,5633,34.983922133720945,1,32.64605005689368,484.2670545664033,32.37002780938538,467.0322770850081,20.44485191852158,1.0,432.9455425705976,36.93324563039864,80,1,328.8461014677323,37.02773752541529,10,90.88283598214284,27.04743836544851,192.16348467607972,2,412.0584534515365,3,577.8382136301506,1,0,17.141852826328904,66,254.6248257817282,5.611988876245849,237.29483618421943,2,0,239.1998632008305,482.1420977525341,1.719727525539867,474.1955550808984,4,19.659673779900324,86.65439077238368,4.13024541432724,2,2,0.0,286.42031308172886,0,2,270.2440318727575,2,1,2,0.0,1,0.0,2,0,49.84455051079734
3,5.965027743004529,1,1,90,3,22.73497225699548,2660,35.854099874816306,1,29.890705924152,679.1827662648082,34.20218865243079,455.6263193829109,10.272825236004564,1.0,282.8740755154006,36.83497225699547,37,0,289.71496308834844,36.35983508136941,15,93.12022194403625,29.309238589838944,90.22934668626104,1,465.0074058766787,4,758.6352678211377,1,0,15.63994297459437,31,377.36063631264426,6.077049937408151,355.54215605417323,1,1,368.8109707680952,696.757724599502,1.7412022194403622,485.8885526778424,5,19.54098335419728,67.99002469807758,6.800878539765467,2,1,0.0,487.2919138947845,0,3,486.2559166521517,2,1,2,0.0,2,0.0,1,0,49.85
3,5.5,0,1,100,2,25.580659487304864,120,44.60852670019439,1,26.47424225683653,564.8349972952666,28.84518707714875,254.94876095018543,10.536550462403548,1.0,193.44265574220933,26.67231042969076,27,2,290.95135121722103,39.428948594139605,16,84.62923282226807,27.319423780858905,189.58021538085413,2,246.4332785386555,3,989.5673386184684,1,0,11.57239480273342,9,395.7653135648829,5.854812922851248,344.78704229413603,1,2,126.28176415720743,704.472022743266,1.410641723046833,564.2368788713219,0,18.42373709472756,74.21570889863688,2.6021538803711346,2,2,0.0,767.0426500023257,0,2,390.33718443693215,2,2,1,0.0,1,0.0,1,0,47.01287887158173
3,5.406795217813007,3,1,88,1,22.44174701113313,190283,46.80967604794814,0,29.50680678847053,65.29810534042986,23.683517163581325,144.29539489678552,8.109131122696448,3.650482066798777,119.33035096782548,11.18644427634658,53,1,204.44841384736569,41.10699382986129,40,71.6650597773374,28.76679406074725,232.87861550099083,1,228.83695373582125,2,1226.9117079950815,2,3,16.243976089065036,69,679.5133099960934,6.995144620039633,124.71573736188948,2,0,4.067223682684901,940.655492388134,1.7053397608906504,1260.3370828184882,2,26.079625917218515,60.52339876597226,5.033783262345525,1,1,0.0,1196.1423408573305,1,2,97.97863638089244,2,1,2,0.0,1,0.0,2,0,49.36990358664024
3,5.550456245220517,2,1,100,1,24.62614061305129,3013,47.72673149375362,1,25.57509348712845,350.4769287255128,26.723403141728188,301.96082351452344,8.01209797030556,1.0,90.03971571502844,10.30944651414905,77,2,122.74161472790442,43.28278085776081,47,75.05018697425689,29.38233508029532,211.4041885036914,1,309.2126739771684,3,1329.5997842460258,3,0,16.879570681875844,45,622.9442889854098,7.244981302574311,350.81733587304626,1,0,234.7176881283412,1093.0499338254313,1.59683844443025,1245.480991699446,0,14.242565440989914,57.66467387905048,3.016022436910827,2,1,0.0,1223.5677821411016,2,2,312.29507771541165,2,1,2,0.0,1,0.0,2,0,48.39589379301535
3,4.795307184702395,0,2,7,1,22.0,103345,6.518000740533516,0,57.24735849458625,228.5341371184976,36.13933358017783,552.7997109543459,12.961194720904912,1.0,375.23123897441326,32.65665396261795,5,1,426.08686956962265,35.48390630924873,20,88.12457477619162,28.36993196419066,70.03922294640702,2,232.798723741214,2,320.9861663016273,1,5,17.79940366310791,40,33.03378909791618,6.581228738809581,65.30227140270384,2,0,51.91280175090732,244.09990735411623,1.546100659886886,353.0599627156273,5,20.81185704648561,80.24627484365169,7.353951390530485,2,4,3.812287388095813,31.44702459077871,1,3,90.27719341632913,2,1,2,0.0,2,0.0,2,0,44.84871921077305
3,5.5,0,1,100,2,25.50387454299423,142,45.012927406897056,1,26.21317344618038,542.0846420952836,28.70697417738961,259.2845508055925,10.006734346660185,1.0,183.81894272194344,25.238991469225617,32,2,276.21683230363936,39.8773726689137,19,83.55424360191921,27.52623123086888,191.8837637101732,2,253.6428729097952,3,1027.4612205353944,1,0,11.992152498298212,10,421.4601154293644,5.993025822610386,346.80802202839186,1,2,134.6922750573654,745.4997541873233,1.429070109681385,635.7164954297186,0,17.988622410300636,72.43327439137272,2.58423739336532,2,2,0.0,817.9638655709934,0,2,382.3750976115483,2,2,1,0.0,1,0.0,1,0,47.14341327690981
3,5.976382483417745,1,1,90,3,22.72361751658225,2532,35.894976940303884,1,29.770345675771903,687.4774041366627,34.27940088724066,455.10218456543686,9.83294259239656,1.0,276.3564545182144,36.82361751658225,35,0,287.980867132442,36.33326498880248,15,93.21105986734196,29.406889357392608,85.86912636758593,1,467.2608676590857,4,766.6031162639,1,0,15.575675143855564,29,382.7371058983023,6.097488470151941,360.6402074048991,1,1,374.3652555886241,706.140373697751,1.7421105986734196,486.646822242637,5,19.53417050994935,67.18156718065656,6.91488013351416,2,1,0.0,496.1790421214007,0,3,495.512528131814,2,1,2,0.0,2,0.0,1,0,49.85
3,5.986146234585419,1,1,100,3,23.783122592487484,1639,37.98312259248749,1,28.85420560481915,774.5055911235361,33.10544255577628,369.6617263604743,8.881566780849784,1.0,204.8851016002785,42.75898844393993,32,0,274.98013739950204,33.62013744215469,11,93.28916987668336,26.7920230979026,75.06267166051788,1,372.6393295558307,4,856.1304014425573,1,0,13.364766356867552,35,377.45881273750086,5.815667950673341,392.63673459449217,1,2,335.3397638775892,724.4904456037566,1.5974711382849185,392.4632547348643,3,19.998790543160823,66.90981855303903,5.5202089126438345,2,1,0.0,582.9810446911771,0,3,566.1398407758142,2,1,1,0.0,2,0.0,1,0,49.72168774075125
3,5.6960663167432095,0,1,100,2,24.95082895929012,12596,40.29865100446794,1,33.693790552066645,651.0676146933374,26.10559160183702,258.43932869559615,22.334383703252165,1.059005248851863,183.1905057018762,21.32070848876785,13,2,237.21076107195168,36.093228293185945,10,91.08696325803696,26.911500358359145,181.09159710375943,2,194.9028513881341,4,767.4643697706841,1,1,15.131666150217166,81,234.98591545037905,5.629502624425931,281.4287232442878,1,0,201.24246750522985,543.4361296622699,1.3864905773737048,304.3908412825499,1,20.09047471490619,82.51726394944818,4.997277314025063,1,2,0.0,468.5690456497149,1,2,405.7325737360516,2,1,1,0.0,1,0.0,1,0,47.09425393663889
3,4.962326871996936,3,2,4,1,22.763711896021448,394436,17.218614817796716,0,37.94105268153014,618.2275882233237,44.84033250067314,64.73113339447215,11.67532412093034,0.9246537439938718,191.75346256006128,15.539722995195095,10,1,555.4942954726213,45.0771357197001,41,80.19861497597549,26.80658171009029,240.0307480078805,1,370.2094854385773,3,721.7069782433092,1,15,14.100886431193564,63,50.31063164055384,7.377396123198162,34.68790934010131,1,0,22.654016727849857,219.3860367116944,1.6654792246396322,466.5075988163252,4,38.36703611185905,59.71584492792646,1.4350637174322785,2,3,0.0,710.3415941999931,2,2,557.143624937506,4,1,1,0.0,2,0.0,2,0,46.47432132241011
3,4.591709105786155,2,1,6,1,24.62436341320768,186788,38.61561077731737,1,30.4264004909431,801.6817449607028,30.95798873173953,453.5378399508321,8.600092348335293,0.3056970192871818,199.1658178842769,18.8352006545908,54,1,223.6050832192104,47.4802641402684,60,78.3341821157231,28.27746180479246,217.41454471069227,1,204.78288108706727,2,984.7406598525514,1,28,13.744451008767236,55,111.7135975243072,6.824872682641536,391.25578999878246,1,0,65.80434037175876,485.796190555111,1.6375127317358464,722.9229182955736,2,23.4890677031021,54.00943845003302,0.9058498001173384,2,1,0.0,833.0737718713035,3,2,266.89893125661865,28,1,1,0.0,2,0.0,2,0,47.49559991817615
3,5.6336377218052425,3,1,100,1,24.118177937699308,348,47.703609976355295,1,23.67819074329159,360.3764488627168,28.59910817723808,340.56124992247607,2.715359930502839,1.0,75.18199280353114,12.246422037625416,80,1,116.08260305334642,43.844253460677066,52,74.36823129433382,30.44000213426538,179.6177510846232,1,379.1597722405576,3,1408.4555643697288,3,0,16.874812031253402,26,706.0788421577215,7.55181565950455,389.9938976453119,1,1,290.29682754804776,1207.2495141511492,1.687181992803531,1366.2129265611827,0,13.655468321167458,49.53664049635024,3.6501041221338566,2,1,0.0,1328.5847871903438,2,2,354.5546842754977,2,1,2,0.0,1,0.0,2,0,49.04091103115034
3,4.9463050286219685,2,2,5,1,22.36576257155492,315092,12.383726287988589,0,44.00841222366904,486.5192439176223,43.58101400265336,173.18137574576883,12.300420611183451,1.0,241.2047982384593,20.083530110065617,5,1,542.1687122538141,42.20968539675207,34,82.64779885512125,27.14983099955777,193.577238045107,1,340.2105599191458,2,579.8613586723578,1,10,15.218997696164909,57,45.88237392516519,7.1852201144878745,17.660276086234514,1,0,32.084414707146934,201.3072454178072,1.6350982686042796,406.3791105452177,5,34.70365537650785,66.14252780623052,3.1569576327543505,2,4,1.0738994275606273,502.42609879070255,1,3,446.68142742812506,2,1,2,0.0,2,0.0,2,0,45.88016900044223
3,4.748527987427631,1,2,5,1,22.0,449258,13.67521792357237,0,47.75118144780921,391.4567253870448,38.52507264119079,298.6062308830072,12.474691069247369,1.0,347.6315125823026,36.2118729555,31,1,492.0455377270395,39.6098315088829,30,84.38223899421052,27.77115823907368,140.20801885855263,1,291.6984110298691,2,488.0159680908987,1,15,15.301394528635528,57,54.00490323619277,6.394111949710526,60.540149120132895,1,0,43.56739295708947,195.1548332455309,1.606913616344079,384.3599236121717,5,28.904658175019737,70.8389782716967,5.000957767609868,2,4,1.9411194971052628,344.9191034486981,3,3,317.2264689948454,2,1,2,0.0,2,0.0,2,0,47.32801666633553
3,5.57453737341881,1,1,100,1,24.686343433547023,4245,46.49859395564069,1,26.89955553803454,400.9846870086118,26.63911919303417,295.27469827026744,10.366028251688665,1.0,105.33123212094426,12.127571693120146,66,2,141.43218237900928,42.11002991450396,41,77.69911107606909,28.977772126563995,206.34715158204992,1,290.74846893112755,3,1237.3534105132362,2,0,16.59300525631616,51,558.7777147882392,6.980088892393091,340.1204987273647,1,0,229.97731804250728,1002.9226993740912,1.5619208085427256,1090.488830333185,0,15.16968887662418,61.73799671379169,3.33389332912829,2,1,0.0,1099.415117601984,2,2,328.5293702902907,2,1,2,0.0,1,0.0,2,0,48.17916363923071
3,5.578938293361895,0,1,100,3,25.605308533190527,4209,41.492209626338216,1,30.228679654175885,679.2324479031037,28.258049012847795,242.7831500868323,17.061161494647145,1.0,221.9238205246222,29.408480078157808,5,2,319.079964586396,36.59320236252672,3,90.89469146680948,26.458390197430443,178.1840744004284,3,202.1224097502135,4,772.409331753639,1,0,11.577104336831129,32,243.21640527291063,5.297345733404736,314.26802919828447,1,1,129.65880494850737,501.3089131675616,1.337628402676663,216.93478594358152,1,20.484246826552425,83.55925544785862,3.6038434589936914,2,3,0.0,474.5950713521395,0,3,425.64593972237583,2,2,1,0.0,2,0.0,1,0,46.5960186001071
3,5.390949198508418,2,1,84,1,24.03263942217893,4209,45.548500792152495,0,25.058909459468484,261.6120732377192,29.392589748379017,300.28070540254686,4.435345675681091,1.0,79.34279972049534,9.849417474384309,92,1,125.63466266093224,45.78829392637484,60,71.52522917055795,29.896616121154302,219.66319711089463,1,317.4000486913972,2,1355.4433993898251,3,0,17.11545874929957,38,683.1279620528253,7.550741025162098,351.5803001667355,1,0,240.0714242059463,1097.6112820337466,1.6746736057782106,1357.8426590149948,0,16.303722283333798,51.79707103076555,2.35,2,1,0.0,1323.6321178334706,2,2,298.4154515611242,2,1,2,0.0,1,0.0,2,0,48.46053285181578
3,5.527993266075668,3,1,100,1,21.765176765513736,110557,49.64713299500558,1,28.532968013859417,0.0,21.819898991135005,147.61227202117524,8.056990068685268,4.0,114.76476437383128,10.045363644150555,51,2,229.5819603131913,38.63910538102117,37,72.07462121675628,29.07447727300537,231.93085857535243,1,290.5009340680176,3,1214.278581561436,3,1,16.85976397350482,70,789.8442115382221,6.96703198614058,206.05052698026577,2,0,82.57593593330716,1066.910388109691,1.7323946128605336,1364.0293139508672,2,24.467031986140583,62.16038855722327,6.595202865588817,1,1,0.0,1256.8467839812329,1,2,124.621367594988,2,1,1,0.0699831651891681,1,0.0,2,0,48.87660185060553
3,4.86337451776459,1,2,8,1,21.781664523398177,23215,21.20128100390593,0,36.84229514947796,375.982183321377,41.95642384661611,219.0547252914819,12.302487690903614,1.0,201.0557872530608,29.61957100953951,57,1,349.9915894248104,44.968408230151006,55,83.09853711222112,27.571033115638865,204.78189187823932,2,154.55146899823475,2,470.48247135183607,1,3,14.925934962217386,67,277.0397695184407,6.108459029895593,238.967318347292,1,0,209.7323337283108,127.36361750619628,1.677466838128146,209.69495797509947,4,36.78884254938784,67.77098842635014,2.230292577555776,2,3,0.0,456.83402866100806,0,3,408.17712424250726,2,2,1,0.0,2,0.0,1,0,46.57533161871854
3,5.541783743523072,0,1,100,3,25.89554064119232,800,41.835919462438525,1,28.505864281084545,685.5910574158236,29.579108128238467,239.18384102326985,14.635461000640628,1.0,253.3121551165376,37.94715884065344,15,1,357.18427858168934,35.665901266199384,0,90.60445935880767,25.04721461464398,176.68662192357695,3,202.7959689734705,4,779.1394141645281,1,0,9.869150783675316,17,249.8576918653176,5.058216256476928,326.93089305703467,1,3,92.13510486068246,484.87877136979256,1.3246243102330753,189.035409711699,1,20.8,84.7647829986999,2.271716628888512,2,3,0.0,483.9338615900552,0,3,430.2474899287773,2,3,1,0.0,2,0.0,1,0,46.97898583224992
3,4.901343055047216,3,3,3,1,22.335571758412023,537926,16.87179584400848,0,38.504029165141645,578.4096662047069,44.62417499084987,27.923395989861632,12.016980046177682,1.0,233.0936298465216,23.59121254117557,23,1,578.4096662047069,44.52087490581461,40,80.5,26.83456254709269,232.12759022948543,1,372.2631619878975,2,674.5316615869385,1,17,13.696580969731354,67,59.3908096246614,7.005372220188861,18.284420464582787,1,0,27.923395989861632,170.8364774332041,1.67,423.722643917783,5,39.17920184710734,60.77127398226094,1.868722177671228,3,4,0.0,681.32480816613,3,3,574.928541888222,2,1,2,0.0,2,0.0,2,0,47.51744051527462
3,5.122782103166547,1,2,37,1,22.934587125184656,17206,26.937070947793664,0,34.96879592157493,467.8845262162818,38.094133130631405,234.58747504405025,14.441159117217536,1.0,225.8436231914701,36.24887596981177,62,1,335.50799923986773,40.54118543929092,38,85.54849764101739,25.44677322184728,195.70262638917083,2,164.50407335815655,2,562.0994659027987,1,2,14.049713784859662,72,262.0575403082254,5.733759184314987,258.23553732964854,1,1,187.1062276682512,243.4629235060948,1.5852330299852275,221.0944802002633,3,31.83127536170598,73.99677047599714,1.7403004717965214,2,3,0.0,459.3473999329026,0,3,410.82596392011175,2,2,1,0.0,2,0.0,1,0,47.497669700147725
3,6.072918175465131,2,1,100,3,23.135409122674343,2710,37.56415640683712,1,29.026647354046325,803.3776467186798,33.36002896893051,397.9274729304843,6.624351909036594,1.0,157.40405501558033,32.78754526395392,3,0,250.01246199097253,35.85829109332325,17,94.11042722825592,30.196430125148964,45.74945683255298,1,431.0472485164765,4,881.1331282446397,1,0,14.510789282765094,20,421.4826720982285,6.271252715837235,416.1419913918306,1,1,412.9730486435499,800.0412456386242,1.6634178133534991,446.0198263133551,3,19.55249818944184,59.31698767551072,8.10013758337919,2,1,0.0,615.6347430403738,0,3,610.5328820912401,2,1,1,0.0,2,0.0,1,0,49.13834178260473
3,6.052354705790531,2,1,100,3,23.238226471047348,3149,37.70398800062439,1,29.289859765881207,795.6992471421842,32.965210351178186,390.3461329308528,7.5069360274704255,1.0,158.92575177150073,32.17064117371592,3,0,249.3947353619476,35.8661052117996,17,93.96648294053372,30.01300397565153,53.152305915408974,1,418.0063073182387,4,874.2743885693735,1,0,14.543279564850964,24,410.6189910691373,6.234238470422955,408.8769175557945,1,1,401.5204298429781,785.3358972049242,1.6477895764008033,437.02947737162,3,19.57717435305136,60.62071165288035,7.928638246293025,2,1,0.0,606.6435715598516,0,3,599.6465812455069,2,1,1,0.0,2,0.0,1,0,49.02318635242697
3,6.0387246178807,2,1,100,3,23.4676522927158,1236,37.66765229271581,1,28.49667259841124,793.2708161216218,33.76793018529681,388.13040927677457,6.985590279221968,1.0,190.89925164373383,41.244731005035845,24,0,269.7801352915988,34.158540087098366,13,93.7097969430456,27.907736391428447,56.60765912387439,1,406.8142271300972,4,872.6989015865661,1,0,13.597162811032693,26,404.78905637438777,5.983918777218239,409.45445627532064,1,2,371.828110316848,765.4090466194757,1.6374307095893317,419.29084902744825,3,19.85157106993404,63.06213246349039,6.41509299632951,2,1,0.0,604.6706793681462,0,3,593.5952209649438,2,1,1,0.0,2,0.0,1,0,49.75323477072842
3,4.711862287105456,3,1,21,1,23.88137712894544,239335,46.2038810566535,1,27.838857594718444,847.8211251297497,25.95726134862805,473.93964697568447,8.248718321172007,0.6053208203013023,231.7200316302911,19.400438234289897,49,2,320.92175910036417,42.45176363223358,50,78.99694838374288,28.65812050399839,216.3251173096753,1,394.31670132495015,3,1044.5931937149824,1,34,13.995608773030863,56,212.95896903093035,6.812472610356881,567.1313532642362,1,0,178.56056217657965,761.0036114602665,1.6735586861316367,997.5922853321296,1,17.947449148421825,54.10874653808206,3.711248863412905,2,1,0.0,1020.5978468683504,4,2,366.9789845331361,34,1,1,0.1513302050753255,2,0.0,2,0,47.2811815258922
3,5.59563493200942,3,1,100,1,24.22675733711594,372,48.44194989238841,1,23.42845812463333,327.4671186935291,28.115929849834053,333.56819370304777,2.819053256945725,1.0,70.29591982978259,10.612302076405069,85,1,106.8397816780054,44.38335017878065,54,72.98384395177173,30.38028346458623,191.6700644198696,1,370.27037681031777,3,1440.9946387869056,3,0,17.046910379328768,28,720.6702847483259,7.622392269125362,385.22671911392456,1,1,277.3161603477891,1228.47515804611,1.6822959198297824,1424.229614154476,0,13.270011453238403,49.42100343597152,3.2803912671202164,2,1,0.0,1372.6951682033516,2,2,332.86432055103376,2,1,2,0.0,1,0.0,2,0,48.98662133144203
3,5.354455498455059,3,1,72,1,22.5,195186,39.8954492906182,0,31.427325632134764,170.92746261437838,28.67722507724704,119.65003400527613,8.892435173719072,3.126732990730356,121.52672230280838,9.786929825337028,39,1,282.58094462772203,41.930554022637615,40,73.41089003089881,28.310495292893272,237.24653401853928,1,261.7742791131478,3,1120.8850953627905,2,4,15.9735448221826,67,553.1088471731055,7.187326700926964,94.87355871648118,2,0,7.131680575702095,794.7820317969549,1.6983564398764046,1096.6451692516998,2,29.111879547893164,60.49948513052528,4.245129118165754,1,1,0.0,1097.0597048019165,1,2,197.48437767269883,2,1,2,0.0,1,0.0,2,0,48.44128744088485
3,5.297537979217117,0,1,44,2,22.32922996536186,14168,28.14758165130941,0,34.75702810622362,426.5298779506892,37.09539024246697,354.9023261669375,16.622702997713272,1.0,327.67679445789787,33.03066178986196,69,1,340.6271817389694,41.03592280944528,32,87.19896980371722,27.50401082447761,198.7077003463814,2,296.0135117893593,3,516.959256323649,1,1,16.245639953815814,66,264.762200065745,5.868308013855256,235.52595774711912,1,0,228.4779256478681,308.3860944536391,1.711056399538158,351.35080356649814,5,27.88339442258529,77.64361972407198,3.3395477586651547,2,3,0.0,358.7246688725214,0,3,331.611232571237,2,2,2,0.0,2,0.0,2,0,48.28486991917768
3,4.64069797127044,3,2,4,1,23.1860405745912,645040,28.7499617061132,0,34.786643491698115,690.4985932938691,36.46339480218868,190.14492060536844,10.555646614800002,0.7034898563522015,284.0118030495598,32.457595394440254,56,1,443.62424769271206,45.14127280619371,45,79.31395942540881,27.50877727381384,215.6685912928302,1,315.7866387684453,2,827.2556227039822,1,30,12.834534260332076,67,64.35918497674216,6.466859129283018,175.62137594575586,1,0,24.55883088525536,296.1101707074514,1.652209391381132,574.9558945059345,3,31.31049509831447,57.38548361014843,1.8809917710465416,2,3,0.0,767.6292211443244,5,2,449.5693532565334,13,1,1,0.0,2,0.0,2,0,49.33663072706919
3,5.990109571776862,1,1,91,3,22.709890428223137,2376,35.9443944583967,1,29.624838539165268,697.5050421829975,34.37274508808266,454.46854216678,9.301155189364374,1.0,268.47710580008135,36.80989042822314,33,0,285.8844661982377,36.30114360204215,15,93.32087657421488,29.52494231728101,80.5979244376851,1,469.985145614836,4,776.2356887072594,1,0,15.497979823742964,28,389.23688223634406,6.122197229198351,366.8033955363754,1,1,381.0799981303697,717.4833413506564,1.743208765742149,487.5635172032588,5,19.525934256933883,66.20419848948744,7.052700100639692,2,1,0.0,506.9229596383142,0,3,506.7031251039332,2,1,2,0.0,2,0.0,1,0,49.85
3,6.071896528202771,2,1,100,3,23.268620830783373,982,37.46862083078338,1,28.27110360822116,805.109870915569,34.18589625535491,399.7823744965053,5.789411193008079,1.0,182.0755234980629,40.2893799877602,19,0,266.499433360746,34.498220448796374,14,93.97517222562216,28.6116443284628,44.96431860082739,1,428.375305401237,4,883.1520339672572,1,0,13.743782654656249,21,422.0318153598004,6.090068890248867,420.0648235109384,1,2,394.848752642159,791.2247541085244,1.662641361434106,436.21648455018186,3,19.75868972103224,60.63461206612122,6.979678910011162,2,1,0.0,618.3547558142071,0,3,610.9169290969229,2,1,1,0.0,2,0.0,1,0,49.77313791692166
3,5.577697257826864,1,1,100,1,24.69424314456716,4407,46.33743985082994,1,27.07334918047752,407.6122285660644,26.628059597605976,294.39735636437126,10.674906952575949,1.0,107.33775872005856,12.366142965928224,65,2,143.88472666232042,41.95614354383173,40,78.04669836095503,28.924686068508688,205.68357585635857,1,288.3256275612521,3,1225.2489993055235,2,0,16.55540263186032,52,550.3578867945384,6.945330163904497,338.71687807330704,1,0,229.35529479678183,991.096357994288,1.5573389761510472,1070.151024311847,0,15.29134442633426,62.27249116141402,3.375603803314604,2,1,0.0,1083.1240175478206,2,2,330.6596063639803,2,1,2,0.0,1,0.0,2,0,48.15072467955822
3,5.442884073719831,2,1,92,1,22.41840581959976,101947,47.7195369158327,0,29.126188205562137,28.84599059689697,23.154274878605165,163.3333349598296,7.941063674073004,3.755217458799279,101.32260640082453,9.080840116244952,53,1,173.4949071838591,41.17326509792528,41,71.47913016480288,28.907381179443785,233.1745658585932,1,207.5641593292375,2,1231.8675264464348,2,1,16.581897136771623,68,720.092896271113,7.026565237639783,142.02450353759616,2,0,17.56396327295574,968.4180531823084,1.7091840581959976,1276.540521855056,2,25.69336201736322,60.9232462463214,5.114401516995277,1,1,0.0,1199.4766457438895,0,2,68.16986559969281,2,1,2,0.0,1,0.0,2,0,49.05929716781929
3,5.5,0,1,100,2,25.99222270583902,2,42.440960415914496,1,27.873557199852662,686.7756914373571,29.58600087051024,231.70915787695668,13.376336670289236,1.0,245.0252457984905,34.35482384232837,0,2,369.9275890991357,37.02541939790012,0,90.39111788174628,26.21094684560691,177.2333188248294,2,207.7902360730883,3,786.4581465170714,1,0,9.32251587474669,0,258.04254186940267,5.113999129489764,333.954698382317,1,2,81.20187295376603,484.5655638160949,1.311866550598635,181.10993498308417,0,20.75592866642112,83.76946307820978,2.698185298029105,2,2,0.0,494.10764224442335,0,2,433.0135464441341,2,2,1,0.0,1,0.0,1,0,46.31322140007367
3,5.7,0,1,92,3,24.25578882989728,8803,38.16505095773291,1,33.3906838564435,597.690547789079,28.507054627318457,337.6221404513539,21.852299327242648,1.0,278.026396262841,27.36763656829614,37,1,272.81300836199364,36.36466347335033,10,91.31394720747431,26.92953689360822,184.4652670206164,3,275.61692275929016,4,688.2490828478944,1,1,15.859095393504782,76,234.66569303040737,5.6,266.5884688111428,1,0,217.8906582773907,512.6709294711442,1.5065158989174636,351.8976754073631,2,19.888368324484592,84.41121178170032,4.673710252706341,2,3,0.0,388.3099233499284,0,3,359.9323908403096,2,2,1,0.0,2,0.0,1,0,48.09189563814382
3,5.538854790702408,2,1,95,1,24.208589069731936,1447,47.30818111591455,1,24.72331213976922,291.45642361965633,27.96850674431623,345.4782707989441,6.472023228320258,1.0,131.2412804740399,12.444782977468492,95,1,131.48989967560473,44.03816016723451,50,73.6768900005089,29.608323348761463,216.1717813946388,1,360.4326127410618,3,1338.2770038937874,3,0,17.413946855805907,39,659.1806310205924,7.372597302273506,346.6766360339741,2,0,243.585378734754,1125.6684857623616,1.679713697675602,1356.132332271589,0,13.737627255989112,56.45995626600936,2.697750376786556,2,1,0.0,1249.8252438040631,2,2,276.7102664556227,2,1,2,0.0,1,0.0,2,0,49.04427395351205
3,6.164529541500037,2,1,100,3,22.67735229249982,756,36.94119911779976,1,27.85402186879953,837.5853307961136,35.11896719680069,431.7027513602333,2.692392078818448,1.0,150.62481392899733,35.53588624500109,0,0,252.7644674266611,35.82347877422999,19,94.75170679050024,31.01360351018032,12.76936505998698,1,489.1453446284929,4,911.689183271922,1,0,14.366043324429944,5,469.8809567744691,6.436153174700065,448.5082870119628,1,1,463.99508284303016,865.5543657175058,1.7330424515400276,486.0723155438158,4,19.44256455019996,53.5088270688977,8.864176376110303,2,1,0.0,655.6908967254759,0,3,659.0319392701191,2,1,1,0.0,2,0.0,1,0,49.651365432400205
3,5.579356765442777,0,1,100,3,25.603216172786112,4232,41.48739719740806,1,30.24102458056194,679.1802435110135,28.25093498747278,242.8441842398292,17.08041121036777,1.0,221.7961865399528,29.38148862894084,5,2,318.8024966731663,36.59115184933039,3,90.8967838272139,26.459813002505445,178.19035148164167,3,202.09623432155425,4,772.3552023899767,1,0,11.589281874384833,32,243.15160487118587,5.298391913606944,314.1647502887225,1,1,129.92020353383106,501.4197036509754,1.337774867904972,217.16308338730732,1,20.48257293822889,83.55718401105825,3.608634964319805,2,3,0.0,474.51897220423086,0,3,425.6026069384004,2,2,1,0.0,2,0.0,1,0,46.597587870410415
3,5.7,0,1,100,3,25.025384265519698,10319,40.07969258758424,1,33.647694406881804,664.548840381075,26.36753615243001,260.8821939053531,22.45586393853487,1.0,189.8737789797821,23.09259481255827,16,1,242.08304719611,35.730419100180804,9,91.4746157344803,26.55777353410771,179.7715416103227,3,194.1489286047888,4,757.2175781708728,1,1,14.947694406881809,82,224.68576625691745,5.5644620282724215,285.2388498389787,1,0,201.8013402531805,531.7577451603967,1.38,281.12593324644126,1,20.04061482483152,83.20825811678264,4.769664575289018,2,3,0.0,453.2074990436469,0,3,413.2932743970522,2,2,1,0.0,2,0.0,1,0,47.17692132759849
3,4.9247211361542735,2,2,13,1,20.422862915031267,37051,22.35111414861015,0,36.506320042654615,313.4457606685268,41.14256580873523,190.85320748311904,12.04644969996595,1.3401485531480204,218.69701586931208,29.95018503804865,52,1,448.0867624611077,42.044183872426814,53,83.69051993601806,28.343977586350523,204.44888585138983,1,285.3539206110586,2,403.5496101656933,1,3,15.560650377393053,68,384.70722309607015,6.08661714895066,339.8806610665023,1,0,324.6381687502774,240.7637124955004,1.7374163408462822,326.7454691025581,4,36.265242378945096,68.3634563435597,4.692489702679367,2,3,0.0,533.9439443943227,0,3,505.9406455682747,2,2,1,0.1133828510493401,2,0.0,2,0,45.99851316174705
3,5.888953291250519,3,1,100,1,12.2899761046739,133068,42.51817249780226,1,30.24752813343996,0.0,27.23429936875777,4.38333403179441,13.94966247966471,4.0,395.4111839472778,44.15608602317396,27,2,1159.045001137803,11.549055491648616,1,92.37862263284164,30.292717357970496,185.9084553655589,1,1296.4153082246626,4,89.59933512163565,3,1,18.79090010819027,85,1185.8895511600683,5.252471866560039,1137.3003199294928,1,0,1147.353866195341,1340.9241672205494,2.021162633000414,1266.7957071693916,3,22.75247186656004,84.21504609540666,22.52256397642911,1,1,0.0,1145.138680190246,3,2,1241.3053494771657,2,2,1,0.9723832281262952,1,0.0,2,0,43.41708146983592
3,5.089589146289418,3,1,46,1,20.104108537105823,205770,44.96277851933477,1,28.62129180302808,578.2860306120511,26.41592967763715,323.2671008961962,10.11846627413262,1.6845404179697652,286.4904262119656,27.602507176570217,42,2,596.4168438461869,32.36375844302762,34,83.44872922412529,29.18963615585011,206.20743358153345,1,690.8943409112263,3,730.0438497785321,2,23,15.538892797696764,65,526.1215157843766,6.299843301464361,757.4571254110579,1,0,496.9141551948112,948.0350657852052,1.7868767438868254,1082.2300822792788,2,19.45835658515768,63.89457023994085,9.846612276158115,2,1,0.0,1059.1044021131613,4,2,655.8051293591584,23,1,1,0.4211351044924413,2,0.0,2,0,45.9996082536609
3,5.0507792984144695,3,2,45,1,22.219237061509045,501482,33.859596979826335,0,33.734495831328175,314.7184082720528,32.4059071888455,89.19748117086934,10.05386808241096,2.315422369054261,219.9048481979124,25.64959100191217,55,1,383.7780826474015,42.508806512493024,40,76.11525876981914,27.9524076451231,222.86566776790696,1,291.2776957993322,2,942.0055182974096,1,15,14.46389649207235,72,375.4000614468701,6.594626710716279,89.90183064370495,1,0,19.60286836543858,539.5679575937415,1.6875389649207235,835.4587842102883,3,31.731378637670296,60.80376130249861,3.787727544450644,2,2,0.0,931.177492844969,3,2,327.0036773299717,2,1,2,0.0,1,0.0,2,0,49.63691552618915
3,5.604823521765679,3,1,68,1,15.443725579400407,222895,33.28071872061798,0,33.08777784999081,192.5862533546589,33.63150342939121,8.035359685267615,13.444534622766966,3.0160784058855983,334.14156681787745,35.4919736047379,20,1,990.6105687563552,21.90718852508075,13,88.90032669118999,29.132895393827475,203.19451028817363,1,1017.1335083080816,4,260.43916348685235,3,4,17.318362051828583,78,821.9420477748876,5.921542502350562,783.4480685271434,1,0,800.9858777654853,967.0531809479078,1.911929408706272,989.3977079241992,4,28.406745245863533,76.93007430361449,15.965121386140884,2,1,0.0,992.5246889457862,3,3,1049.2961039449813,2,2,1,0.6720261352951994,2,0.0,2,0,44.26671898058488
3,5.029706867232313,2,2,34,1,22.484458002424194,16725,29.808656357979324,0,32.541786321616385,317.80073756535114,37.64955732040429,248.30825514138024,8.925071792969831,1.0,150.04308455596174,20.944717649293263,70,1,264.9451874151961,45.94827267308283,60,78.23401532282848,28.792246708395925,211.92229001212092,1,216.36572923820304,2,800.7919239484925,1,2,15.907877241890873,55,437.12709505853,6.725044267959571,279.86337619896346,1,0,224.9044068970824,487.16850882918567,1.690155419975758,654.2870946216515,3,29.56647644589939,60.63202633283259,2.35,2,3,0.0,793.3903027769376,0,2,365.1162677288909,2,1,2,0.0,1,0.0,2,0,47.17038166868683
3,4.715504161672775,2,2,3,1,22.0,693456,18.727863264065515,0,41.047344819573205,506.4721057260613,40.2092877546885,119.15806411368892,12.131243281396854,1.0,328.1474553869369,38.72168371286914,49,1,538.6091320413881,42.522532940461296,36,81.74033293382195,27.34845326941151,189.7437574908384,1,333.27871003780973,2,605.9308403311916,1,22,13.537922233326157,69,68.80948432209523,6.262016646691098,57.178323658288434,1,0,37.67594244242295,160.6020043582239,1.6498445898253933,406.4561654247466,5,34.61778003061002,64.19788691239494,3.339859332140553,2,4,0.6201664669109768,566.2150622145714,5,3,477.4415596445349,2,1,2,0.0,2,0.0,2,0,49.07827943134296
3,5.5,0,1,100,2,25.9727613324658,7,42.5434569823468,1,27.807388530383708,681.0095459918493,29.55097039843844,232.80807676009803,13.242053194013996,1.0,242.58608700237983,33.991544872694874,1,2,366.19308129130326,37.139073818399744,1,90.11865865452116,26.263362811225456,177.8171600260261,2,209.6175292903448,3,796.0624640192462,1,0,9.428904715853644,0,264.5549661125289,5.1490296015615655,334.46692172950026,1,2,83.33354205057975,494.9641648368756,1.316537280208209,199.2266571987068,0,20.64564755063952,83.31769973097269,2.6936443109086863,2,2,0.0,507.0137763530993,0,2,430.99553176782,2,2,1,0.0,1,0.0,1,0,46.34630573480814
3,5.7,0,1,82,3,23.40266624482659,5367,35.673119190067055,1,32.393973653931795,515.6672218134429,31.93290715600116,435.8544761962032,20.324170892772948,1.0,410.195759318682,39.33882432123585,79,1,325.85570054068654,35.96689172801629,8,91.0,26.013670398057684,189.3424027841445,3,376.04762742717946,4,603.794154049992,1,0,16.328224850429592,69,248.14131057290567,5.487253451448554,246.948453106402,1,0,222.6751799469235,481.6320386102525,1.6652373907035836,432.47672541384,4,19.8771731477237,87.01945583295132,3.577877922222078,2,3,0.0,309.67018743700226,0,3,293.79946327679687,2,2,1,0.0,2,0.0,1,0,49.80168005062081
3,5.672080923662335,0,1,100,3,25.56979769084416,3298,40.07690753055848,1,30.39517339310386,674.711242874195,29.51395953816884,263.86212694164624,18.394534647658364,1.0,276.1141616409086,48.69667620214264,64,1,312.79202930824243,31.568054950819565,0,90.93020230915585,21.483586737835136,175.7093930725325,3,189.49914174025872,4,768.2856590589275,1,0,11.706341023638924,71,232.44998859871205,4.927919076337665,305.6663932583069,1,3,128.8854245189616,498.8140547856867,1.370228323281817,236.3267712432445,1,20.8,87.30557801141553,0.9361705324610656,2,3,0.0,468.2916851143367,0,3,419.1070810268704,2,3,1,0.0,2,0.0,1,0,49.09631500951294
3,5.649949727896828,0,1,100,3,25.62512568025793,2874,40.375678673392834,1,30.074271054504,676.559197720615,29.525025136051585,259.67047846365904,17.756049649823463,1.0,272.2412023819448,46.87085255148824,56,1,320.332127705551,32.26408105764479,0,90.87487431974206,22.08887494202177,175.8753770407738,3,191.7576302681288,4,770.1291876661943,1,0,11.394291163345263,62,235.4067163529839,4.950050272103173,309.2782044072378,1,3,122.6433207533001,496.4471233985657,1.3624824047638897,228.29425374015344,1,20.8,86.87401969398813,1.1630152890575214,2,3,0.0,470.9485351659859,0,3,420.9992982648213,2,3,1,0.0,2,0.0,1,0,48.73668307832344
3,5.892233053114116,2,1,100,1,12.504851547582502,128976,42.21456358425527,1,30.43592157050298,25.79131217661283,27.35339831868469,10.114118234798978,14.460095242650098,3.8834957967117294,395.49519315995633,44.28350026746561,26,2,1150.6482641414948,11.70174208637582,0,92.94174789835589,30.1956318188742,184.3252436950676,1,1283.213838048514,5,82.42528463365043,3,1,18.704369745889665,85,1160.2028326435793,5.215533893771769,1131.570676726562,1,0,1142.0893377410184,1317.6227984423122,2.004757422620875,1225.7293390822445,3,22.59514621704056,84.81504896255122,22.3101980855818,2,1,0.0,1114.9574311153074,3,3,1241.9900900700984,2,2,1,0.9611652655705768,2,0.0,1,0,43.39757199083181
3,5.287714139728744,2,1,70,1,22.19673448532678,83298,40.980728353934026,0,31.09906308059168,107.21345740242444,27.92020856547429,175.866632199624,8.867649851334072,3.0902034559803315,123.93308249666872,13.647269602268391,53,1,216.94913884139183,42.35033988291482,46,74.13918617607868,28.71009369194083,226.8569328318132,1,194.18186087917755,2,1042.6932097778715,2,1,16.23387314196304,68,614.03867981489,6.827061036794099,164.28695563863178,2,0,65.28093468855795,758.570667879447,1.7069673448532678,1018.3687856806844,2,28.663757896621185,62.20893998510469,4.447170800833599,1,1,0.0,1020.0802516301076,0,2,150.07964032690256,2,1,2,0.0,1,0.0,2,0,48.40536673171399
3,4.753708242719665,1,2,5,1,22.0,410953,12.882638863891172,0,48.80277327209211,373.4149322559489,38.26087962129706,326.75522011439057,12.528565724284524,1.0,350.68786320460265,35.818173553305414,28,1,484.7413777652717,39.1529329921255,29,84.79665941757324,27.83746550681172,132.4376359205017,2,285.1759515916691,2,469.5193485451622,1,14,15.57802016123014,55,51.68259478877394,6.414832970878662,61.06749910886195,2,0,44.49155050118833,200.57493435758605,1.6001792844644347,380.8938147962718,5,28.00847400949786,71.88072761092474,5.261524608799176,2,4,2.1483297087866218,310.20569471124924,3,3,292.0944604455426,2,1,2,0.0,2,0.0,2,0,47.053463135857726
3,5.565330248359208,2,1,100,1,24.82665124179604,1542,46.83749683696197,1,25.41320993436833,384.36853565342057,27.749293228669707,300.6761888591094,8.345618017752178,1.0,130.8432269205171,21.03598025992381,91,1,155.34527782259016,40.82389881096959,40,76.52300169861488,27.12354669051965,206.8107172564841,1,295.2274872603884,3,1275.6311420597408,3,0,15.7226163191373,49,584.699287999687,6.852711398791481,349.6719124416695,1,1,209.4075975226252,1027.0726327873265,1.575271139879148,1137.818885647655,0,15.076535555266348,61.77793608234271,1.7946928889467304,2,1,0.0,1150.9207809078655,2,2,323.5015979142439,2,1,2,0.0,1,0.0,2,0,49.078655869257226
3,4.834426199242482,0,2,7,1,22.086065498106205,126634,7.349178965911703,0,54.86065867347922,276.7408448896164,37.70737546023032,482.97385429756656,12.84303293367396,1.0,345.8115037082791,29.425412363252725,3,1,448.3415319947078,36.749998523033135,23,87.12295203030071,28.12877075662828,93.72538282391542,2,253.55481262326464,2,369.08723806287446,1,5,17.383853044657968,43,34.44835756258169,6.737704796969929,54.45722306914758,2,0,47.88729935699938,237.78533773698865,1.5623770295076136,363.205070287674,5,23.459833023869468,77.64926540791069,6.546886162952787,2,4,3.3114760151503546,118.22301081860836,1,3,156.73065926677918,2,1,2,0.0,2,0.0,2,0,44.90122924337172
3,5.7,0,1,84,3,23.67885728954936,5165,36.20340599593476,1,32.184068459942495,536.3042166751278,31.612525544122747,413.9017071974591,20.176132492801543,1.0,393.18239096375976,40.87444652989441,78,1,322.8827801352907,35.27199505949382,7,91.0,25.316564201177428,187.51954188897423,3,351.1064713245351,4,625.1492456279561,1,0,15.771423704268502,71,245.58378149877296,5.409919958926181,254.0808106453225,1,0,211.36128999090025,484.2878916963066,1.6276754086212877,407.9807892752887,3,19.998697207401715,87.12882748666155,3.192315223789101,2,3,0.0,330.1171628599178,0,3,309.9864680259086,2,2,1,0.0,2,0.0,1,0,49.76853712525408
3,5.858302196468924,3,1,96,1,12.347481696092302,157189,41.56333880428432,0,30.56408608903015,19.47530662088525,27.87257510668553,1.2130586010582292,14.054943953644065,3.895755491172309,401.04640558321546,45.015834701071086,28,1,1165.7022026916206,11.872596785938164,1,92.56564787988462,30.219500820642647,185.49032283386305,1,1293.3413835327665,4,76.24121308185045,3,1,18.63664623859933,85,1159.0138666560413,5.23474816960923,1127.2225820998326,1,0,1140.152303352343,1307.44088799275,2.0174906589406767,1234.3886478226782,4,23.20732327629476,84.06264608160423,22.299399931491244,2,1,0.0,1125.332415730591,4,3,1250.3633280430563,2,2,1,0.9652518303907698,2,0.0,2,0,43.48107532790138
3,5.87991438687039,3,1,100,2,23.414530323227456,197,42.91880619794671,1,25.29658025657685,573.6450043329901,31.73034006163781,385.8796745325356,2.0433764586822214,1.0,106.84613545476444,22.83631863542677,45,0,175.9806062352627,40.35064305482432,38,83.33973837884992,30.8270083222249,101.51286587824774,1,436.7674024373681,3,1197.5864472648043,2,0,15.75953056231552,15,611.5191574869218,7.094444710097847,420.8875461586985,1,1,374.4178998581575,1069.6969602361196,1.7188461354547644,990.236414958511,2,16.153417352542526,50.28602520576276,6.046024249410509,2,1,0.0,1042.7279438111543,1,2,495.11884998046696,2,1,2,0.0,1,0.0,1,0,49.39273483838628
3,4.7526069225035945,0,1,8,1,22.63190769995208,98583,12.292851617007564,1,53.334310710369024,336.487824349823,34.28863536512221,575.1641580389878,12.092154065819612,0.8420230750119814,350.0380842771207,29.535403812709674,11,1,379.4907795932821,37.13001910184376,26,86.60427690014377,28.41894161525084,88.11833107309496,2,227.06061507898704,2,449.0616650597656,1,9,17.27275352905895,40,31.93789278142356,6.678988462494009,128.1176946002721,2,0,44.41671720688202,313.3208263933725,1.5510583847491612,444.7377503778088,4,19.541866917534747,76.04469155314024,6.433608909087704,2,3,3.368092300047925,157.81894806303058,1,2,89.22708787810294,8,1,1,0.0,2,0.0,2,0,45.137121544959264
3,5.097190016997437,3,2,22,1,22.5,347862,21.681053203418507,0,36.77844764645332,473.0600440382106,41.54049915012817,50.58968816279186,11.176952649062764,1.5831401019846192,171.95075666850244,14.00608372124204,15,1,503.6748993924031,44.03498566096097,40,78.55619966005126,27.12707407818821,240.33371979603075,1,348.8895164443281,3,801.6289234931388,1,10,14.67178148600703,64,188.9444128602113,7.341685989801538,26.01387994953386,1,0,19.73768916712561,351.3283760988213,1.6777752013597949,610.6861107071377,4,37.08710947307947,60.58695539422087,2.274475530200364,2,3,0.0,799.3057818724931,1,2,479.3547297769287,2,1,2,0.0,1,0.0,2,0,46.92342110028488
3,5.5,1,1,100,1,25.11703085758501,253,47.05030415005224,1,24.89790491578906,427.4680160243397,28.01065554365303,281.1283242416994,7.337512917336623,1.0,135.33453415065557,18.017909341587,58,2,201.9841080315144,42.1365397917035,35,78.13843200619024,28.568130223571018,203.48907427244947,1,289.96491601181737,3,1218.3711582427431,2,0,14.106897978535237,19,550.9109073568002,6.689344456346968,356.98974782836234,1,1,177.06455339918773,952.1980721751734,1.5219125941795957,995.8318611350564,0,15.796508192981769,63.45334297407355,2.4939738667698377,2,1,0.0,1074.505702944869,1,2,342.2619863925158,2,1,2,0.0,1,0.0,2,0,47.80104754210547
3,5.639902442153439,0,1,100,2,24.8497561053836,7590,43.16497545017462,1,30.49463431843913,538.0813821726225,26.41034145246296,277.1260869360977,16.75546372049864,1.0,146.83805076743363,17.062634382584626,38,2,192.1652804773915,38.92675106712753,25,84.88926863687826,27.87963897182223,192.62048714777785,2,240.6298024788508,4,986.9627099649298,1,1,15.815160938374078,67,384.6059526379471,6.261073136312174,311.0853351954425,1,0,217.1102042620956,758.2841248744325,1.4671414588775136,669.7829066899297,0,17.686244022907392,72.79449809025417,4.196712236425392,2,2,0.0,762.4189692337311,1,2,372.59523137774073,2,1,1,0.0,1,0.0,1,0,47.59087802061905
3,5.5,0,1,100,2,25.792470361373297,59,43.49298943010063,1,27.19439922866921,627.5917351367566,29.22644665047194,242.9885069277878,11.998045493475756,1.0,219.9896186254533,30.626113412301564,13,2,331.5964458784601,38.19197308957994,8,87.59458505922618,26.74894649336792,183.22588915880107,2,226.5456495361232,3,885.0372601932016,1,0,10.41449535782597,4,324.8863347391154,5.473553349528063,339.2121800886548,1,2,103.08141308424476,591.2972365110195,1.3598071132704086,367.0607241285211,0,19.62399871444869,79.13254532201216,2.6515764176537697,2,2,0.0,626.5767386826079,0,2,412.3005600053352,2,2,1,0.0,1,0.0,1,0,46.652800385665394
3,4.566372711121485,3,1,7,1,25.535391022149607,277725,42.63887194600067,1,28.91329781356985,944.335435120345,28.447830240429475,487.5705817933663,7.842487843655974,0.1327454222429698,199.6725457775703,14.906196337794375,47,1,222.25927367984173,47.67459501504306,57,77.03098168897188,28.13698769063181,224.5885357337379,1,248.39022830363604,3,1149.3374719887963,1,36,13.26938269335512,52,39.17640063673616,7.13982362667289,399.2666625077816,1,0,3.25226284495276,593.4043370746454,1.6179647253345784,880.691489258482,1,20.153144711588308,50.21294506691564,0.437259232026142,2,1,0.0,957.5595340841896,4,2,255.53742151545748,34,1,1,0.0,2,0.0,2,0,47.7809700532991
3,5.672583180402743,0,1,97,2,24.89337903489956,11093,39.48159840241743,0,33.906620965100444,654.6681509256578,26.708734319193542,259.0636756562177,22.299475008188622,1.0,185.3046313288584,21.794964050469385,14,1,242.3047306046637,36.3061544855027,11,91.22583180402744,26.90716502212073,180.8225045879177,2,193.25744927165377,4,747.3475540347852,1,2,15.101218525315431,81,226.18294196217084,5.6182778797315045,282.8628831484328,1,0,205.5840220662007,520.1280335997061,1.389748202523469,280.6626694813741,1,20.54833639194514,82.4509610494776,4.90957732918138,2,3,0.0,452.6908858037044,0,3,412.940015718497,2,2,1,0.0,2,0.0,1,0,47.02867580697991
3,5.357297552089976,3,1,72,1,22.5,193499,40.09666668797031,0,31.368210916528497,167.58975482553217,28.5351223955012,120.41295488303317,8.867197737441012,3.1437853125398565,120.9696797903647,9.740320145724391,39,1,280.1384837338746,41.907306023904,40,73.35404895820048,28.32356873961389,237.21242937492028,1,260.81190291129235,3,1124.411970241577,2,4,15.98792561357528,67,557.1318309344028,7.185621468746014,95.634262792403,2,0,6.9924199475911735,799.6809364885337,1.698583804167198,1102.0136380448394,2,29.023775885210743,60.498518832289406,4.266899249009216,1,1,0.0,1100.3490408378966,1,2,194.37051002813865,2,1,2,0.0,1,0.0,2,0,48.45805555733086
3,5.020533758383938,3,2,7,1,22.5,393355,16.253790093582804,0,38.37289782561409,563.0851541539034,45.3733120808031,30.012082100584287,11.85766022555063,1.1232025503036274,186.97538335674813,15.263246362503418,8,1,569.5532880448438,44.66203385641938,40,80.08932483232124,26.77445528856612,241.2535948993928,1,374.846858736031,3,706.5015728041316,1,12,14.283900817422726,64,80.43594566763177,7.387679744969637,5.496065769044818,1,0,23.49384583918704,219.19445000156145,1.6716427006707149,465.8870375617557,4,39.463453490097926,60.61301852214946,1.6872885892209644,2,3,0.0,710.585361278402,1,2,563.3423929642223,2,1,2,0.0,1,0.0,2,0,46.47114917446523
3,5.579764180288959,1,1,91,1,23.901768647832807,2517,44.15815811775016,1,26.748326924303463,340.73791978509433,29.09351495794637,376.5469067204498,10.043412939226112,1.0,208.35547984468755,18.70391958421072,91,1,181.9332225053008,42.2463289033436,40,78.07464938106308,28.95377311537666,210.03537295665612,1,373.6279363522037,3,1143.9124030291273,2,0,17.34440089350877,46,555.7780579016274,6.922594016821452,318.7191591905255,2,0,242.46446146008253,961.1861485211974,1.6899410450722396,1130.7134137717787,1,15.25127467069148,64.1775126115121,3.0638894135861823,2,1,0.0,1003.5834460046984,1,2,275.057527116326,2,1,2,0.0,1,0.0,2,0,49.2488209014448
3,4.913295852483851,2,3,3,1,22.066479262419257,240431,16.96760368790371,0,38.14971889362889,485.899209249508,44.8826774184674,107.19841590090236,11.927284608229009,1.0,192.73408295032297,20.9756571460012,28,1,485.899209249508,45.358895299848506,48,81.36704147516149,27.291264239988845,226.5435345534644,1,282.22895699245515,2,580.0443498026935,1,9,14.596179908077511,64,150.78931074939155,6.87977511490311,101.55656798566464,1,0,107.19841590090236,147.03744145315306,1.683005622127422,331.6430687920964,5,39.18960645108045,63.060721752579575,1.8854870048162085,3,4,0.0,586.8501179138809,1,3,508.5389172819779,2,1,2,0.0,2,0.0,2,0,46.35
3,5.5,2,1,100,1,24.88393603550133,320,48.27793687969301,1,24.10538252070452,358.4051281719032,27.59108486390239,294.2904118620251,5.729158644959155,1.0,106.11998311616632,13.66680599602477,73,2,157.25476563913463,43.497813552672255,44,74.87510449701858,29.195932277716427,210.4819189349602,1,311.8509658399954,3,1333.4050069065252,3,0,15.381149672592748,24,628.912204653406,7.108915136097611,363.1248035456051,1,1,202.59620624475463,1076.745297510931,1.5778553514796814,1212.8213849782446,0,14.47563753450752,58.0424351707708,2.4395850749503096,2,1,0.0,1229.08641912337,2,2,318.0916073079176,2,1,2,0.0,1,0.0,2,0,48.19730873964775
3,5.5,0,1,100,2,25.623709208980006,108,44.38179816603862,1,26.620611310532027,577.5900558313234,28.92267657616401,252.51788666626223,10.833593541962056,1.0,198.8382208588277,27.475905234293485,24,2,299.21230580853705,39.17753821955675,15,85.23192892572011,27.20347653048051,188.2887237305997,2,242.39119667150376,3,968.3220139736396,1,0,11.33705632424262,8,381.3594417016566,5.777323423835985,343.6539736196462,1,2,121.56638464305644,681.4696954578021,1.400309789844798,524.1616059657838,0,18.66768551755338,75.21503643778927,2.612198815428669,2,2,0.0,738.4935095780912,0,2,394.8011535765003,2,2,1,0.0,1,0.0,1,0,46.93969434473399
3,5.826266530267453,3,1,100,1,13.935503580479386,129158,43.756236027217824,1,29.9497660187704,0.0,26.29399795401178,29.25744078987505,12.926301106616156,4.0,346.67222728294394,38.23218711027421,31,2,997.6281587754322,16.25369690342773,7,88.85249232754417,30.08114953965265,193.90101739089988,1,1121.7214098860786,4,284.9187449926731,3,1,18.45552593693087,82,1117.1096370094483,5.550233981229603,975.573178100256,1,0,962.4373243094432,1293.3370797892794,1.9710132242139613,1283.681953409205,3,23.050233981229603,80.38488499934132,19.75651064805132,1,1,0.0,1164.5386655454804,3,2,1047.3744513619029,2,2,1,0.81566632566863,1,0.0,2,0,44.36521872970479
3,5.072785669955478,3,2,11,1,21.650833850519422,383561,17.024006581972937,0,38.112579783753816,539.7113940023816,44.86341363427324,22.518612317878656,12.209024500229942,1.242618899851593,208.22594188946312,17.99383981186905,8,1,635.7472331306376,42.07142310868738,36,81.51091208271497,26.97518632815277,236.89024090281973,1,458.2573026398987,3,630.406462572293,1,12,14.557676754102314,65,144.10217844194355,7.222079473442165,94.28170448232903,1,0,117.94386054817488,278.05825132201005,1.6991142679821911,494.7680286279417,4,38.69281038086076,62.58278689979939,3.267151322937406,2,3,0.0,723.6091125141633,2,3,641.6132326978842,2,1,1,0.0808729666171976,2,0.0,2,0,46.09929380348669
3,5.5,1,1,100,2,25.35752828758984,184,45.78368435202685,1,25.71559617780545,498.7241979023679,28.44355091766171,267.54823602742715,8.996945184369885,1.0,165.47687871125976,22.507194701676983,42,2,248.1339615332394,40.73203480047534,25,81.50539602625774,27.92039047875804,196.27415137230489,2,267.3838106505648,3,1099.6840732191642,2,0,12.792178694508884,14,470.4324506961871,6.256449082338291,350.6598554706355,1,2,150.7220682326597,823.6954853749976,1.4641932109784388,771.951200227369,0,17.159326963009086,69.03608998258545,2.5500899337709626,2,2,0.0,915.0158239466722,1,2,367.1999665678157,2,2,1,0.0,1,0.0,1,0,47.39220191109728
3,5.142650109158097,2,2,32,1,18.54074905727098,58660,26.808752232779256,0,35.119499305357564,243.40536991757995,38.07174846186318,148.20648863875277,12.512025233201388,1.934500297703901,260.10352074003845,33.3578017068357,46,1,613.308622757715,35.0447014940404,41,85.77075104196365,28.787760222285577,199.9912477672208,1,518.1575366086333,2,325.7053810087278,1,3,16.295665368160492,72,566.4421560289218,5.888499900765367,524.4348024410306,1,0,515.7579157296664,488.4716890740548,1.802795032747429,536.1375698820766,4,33.234048481710104,72.05636184973358,8.785592050187532,2,3,0.0,669.7533180253414,1,3,677.8965111307002,2,2,1,0.3115000992346336,2,0.0,2,0,45.38434969237264
3,5.0523742359576,3,2,9,1,21.888967247161343,389724,16.4003238764822,0,38.30535443817823,553.028720717442,45.29432168533957,23.074256910043133,12.161624614612649,1.1745807865253308,203.39523584329848,17.32253042704993,8,1,622.1330334477636,42.84501645720699,37,81.22741994385555,26.89240662360582,238.1829650560187,1,436.8162251936826,3,644.6001201869956,1,12,14.451764091024431,65,118.09710435380175,7.271974089881424,67.84209364374355,1,0,91.73920799427609,251.6252175010461,1.6909496943830395,475.79174523382494,4,39.08743143815308,62.03235856298993,2.779998431521369,2,3,0.0,713.292266596791,2,3,625.9726312064431,2,1,1,0.0581935955084436,2,0.0,2,0,46.16959985392383
3,5.440649609338537,2,1,91,1,24.24564118287944,2487,47.71401869260765,0,24.02940094941604,253.8815293360288,28.25658035797631,307.43117450926286,3.81764056964962,1.0,69.61571931517217,8.322904856030672,95,1,106.4680542272316,45.7662837444358,60,70.60222154085575,30.04855737712067,220.7282059143972,1,331.3005435947123,2,1431.753410178389,3,0,17.281600122645965,35,716.9732318222669,7.664341964202369,361.447251728252,1,0,242.15813145494224,1181.5971662720876,1.6725435881712054,1454.639179147733,0,14.479007199999456,50.58154098303466,2.35,2,1,0.0,1396.583800861656,2,2,289.2386257042773,2,1,2,0.0,1,0.0,2,0,48.6380343190662
3,5.5,1,1,100,2,25.336471655403344,190,45.89458261487572,1,25.644003628371365,492.4853985406053,28.405648979726017,268.73723385822456,8.851654422283069,1.0,162.83778081055237,22.11413756752908,43,2,244.0933341941989,40.85500553244447,26,81.21060317564681,27.977103008113662,196.9058503378997,2,269.36088803532874,3,1110.0756615807477,2,0,12.907288283795056,14,477.4787017135279,6.294351020273981,351.214066029784,1,2,153.02847134482045,834.9464650848856,1.4692468027031975,791.5529595073251,0,17.040006047285612,68.54729536076294,2.5451767195941137,2,2,0.0,928.979880525016,1,2,365.016534187624,2,2,1,0.0,1,0.0,1,0,47.42799818581432
3,5.7,0,1,84,3,23.479574718314808,6861,36.1468942676185,1,32.96376609507315,528.3940329775544,30.913318373224097,418.12330596357145,21.04115558063897,1.0,375.0531602106492,33.38329593306025,63,1,308.2782311201965,36.74500838802575,10,91.1198936795787,26.99163402253481,189.12255169011115,3,360.16992593396816,4,616.8024549472864,1,0,16.6508337873189,70,245.29982635908715,5.6,248.02142726209016,1,0,231.0436063981556,491.0921771691516,1.6384722978864827,423.7789832104573,4,19.77193620774722,85.92482929928613,4.343819255283792,2,3,0.0,321.2760726736667,0,3,304.4680114971845,2,2,1,0.0,2,0.0,1,0,49.17859539435927
3,5.7,0,1,98,3,25.26531677479677,4005,39.24940820760981,1,30.97835925115445,654.8444694128146,29.772232541235745,287.80356147205345,19.32579020870893,1.0,295.4564866725189,49.69516126787004,75,1,305.80613023608754,31.280462994611327,0,91.0,21.31234046041295,177.0489092863413,3,207.84283396875244,4,747.8142930272863,1,0,12.57312138200971,81,230.8931666653819,4.965711303056905,295.04954039235184,1,2,146.3735636372251,499.54328610644575,1.411916918627639,267.27452460972484,1,20.69673938091058,87.75706544281951,0.9776177823837082,2,3,0.0,447.56593147175454,0,3,402.9656855372892,2,2,1,0.0,2,0.0,1,0,49.57816198702439
3,5.536573199421461,2,1,96,1,24.22570100433904,1387,47.48386364454746,1,24.610373371362343,288.7079046830636,27.905762984090188,343.74551630062894,6.272840309493587,1.0,126.94048090945486,12.095699511483604,95,1,128.67658354663303,44.13809386533999,50,73.4316189378071,29.644828809256616,216.5140200867808,1,359.6966854733924,3,1349.1170722286945,3,0,17.417825560983516,39,664.947581142314,7.397694806363924,348.23587551537327,2,0,243.647894335852,1134.841965746101,1.6791432998553653,1368.704356547863,0,13.653208378594076,56.02953407085871,2.67733013482208,2,1,0.0,1263.558598042339,2,2,276.8024427433729,2,1,2,0.0,1,0.0,2,0,49.03286599710731
3,5.686922799467942,0,1,100,2,24.836534993349275,17083,40.76039862686893,1,33.44691558563443,620.7051940532215,25.886147187230605,253.78893580939527,21.64724838001584,1.196158007980871,178.9844877552533,20.67151876222388,15,2,233.4934641236918,36.309929652609775,11,90.12689394413393,27.007964465613213,183.6289231476461,2,195.7230248877256,4,792.3690249491931,1,1,15.205271464283069,81,259.4292801823508,5.6980790039904345,274.5454834394667,1,0,191.8575613738956,566.8572491628668,1.4015773808778955,354.1585486359654,1,20.30077561223733,81.48816108011687,5.014192820984308,1,2,0.0,505.7342431426297,1,2,388.5843642621517,2,1,1,0.0,1,0.0,1,0,47.19711850598565
3,4.691481178153005,1,1,8,1,23.4469176246266,137198,20.667078593038298,1,47.05873429037519,496.8023140581135,32.21036005720217,571.1196712877905,10.908352150229868,0.6382705938433504,313.973895110273,25.96973539225863,21,1,327.9271391839367,39.78695145628271,34,84.1592471261202,28.404678941569035,120.51497557890728,2,227.2806677586492,2,635.8599022703548,1,17,16.270291321709283,43,33.23783361127943,6.780864703078325,208.51842366941392,2,0,33.668773825236734,396.2664239523105,1.5653210584309656,567.0299895752211,3,18.95098472214572,69.40847324147792,4.942140746933324,2,2,2.553082375373401,361.3676767504929,2,2,117.23694146435464,15,1,1,0.0,2,0.0,2,0,45.82987998093261
3,5.838312619801403,3,1,100,1,23.533392514853134,222,43.727069101001305,1,25.0231972158378,537.6190626731639,31.201403308903554,378.2243550808839,2.1568898516847423,1.0,101.497336831609,21.047442651460344,51,1,165.86246217312703,40.94079383624581,40,81.82424543562254,30.761634116830777,114.7065691486978,1,427.036154808974,3,1233.2070688511872,2,0,15.947927136042216,17,627.4924531085383,7.171705134654537,415.6689016353732,1,1,360.2079248493079,1092.9327357660648,1.7134973368316089,1053.7474554989003,2,15.731456572271377,50.159436971681416,5.641298486925081,2,1,0.0,1091.0157091590854,1,2,471.3743442703638,2,1,2,0.0,1,0.0,2,0,49.33330374257344
3,5.568577734299967,0,1,100,3,25.82855566425008,1314,41.47420058695045,1,28.89437714734952,683.3537591859529,29.56571113285002,244.25862287641368,15.408467634554036,1.0,258.0011035024942,40.157663079747245,25,1,348.05556592400137,34.82323025626605,0,90.67144433574992,24.314398966895915,176.48566699275025,3,200.0616422146884,4,776.9074747328128,1,0,10.246946053629529,28,246.27801469752444,5.031422265700034,322.55811376224545,1,3,99.69234995930556,487.74438868338143,1.3340022070049884,198.7602886641729,1,20.8,85.28726581884935,1.9970782234253424,2,3,0.0,480.717242997289,0,3,427.9566037173528,2,3,1,0.0,2,0.0,1,0,47.41438818237445
3,5.5,1,1,100,2,25.346490651983164,187,45.841815899555336,1,25.678068216742755,495.45389364058485,28.423683173569696,268.17149451801737,8.920785498683827,1.0,164.09349504855646,22.30115883701905,43,2,246.01591284455583,40.79649459241833,26,81.35086912776428,27.95011851065868,196.6052804405051,2,268.4201710497942,3,1105.1312199752956,2,0,12.852517769158704,14,474.1260114913674,6.276316826430305,350.9503660398032,1,2,151.9310572527775,829.5931148323562,1.4668422435240407,782.22620879786,0,17.096780361237926,68.77986966803584,2.547514485462738,2,2,0.0,922.335615959832,1,2,366.0554373396408,2,2,1,0.0,1,0.0,1,0,47.41096589162862
3,5.230039316561818,3,1,75,1,23.444862392033635,149130,49.309129744654,1,28.130039316561817,269.6907227547433,22.56083093878418,266.6313839907443,7.492015726624727,2.920157266247274,122.1557538113236,9.397709057442544,53,2,159.90265008259982,42.7296102369394,45,72.11976410062908,28.812624376268328,231.8555307735845,1,216.6689913796231,3,1279.7735641968952,2,11,15.743540753291311,64,564.2669794806518,7.1,221.98566117673812,2,1,0.0,940.4941161598222,1.6830039316561818,1257.7950699649784,1,22.57529487421364,57.25636511492631,3.985900121299656,1,1,0.0,1193.5627782568902,2,2,83.09263570683878,12,1,1,0.0,1,0.0,2,0,48.94905111153036
3,5.69045677446167,0,1,100,3,25.523858063845825,3651,39.828833544767456,1,30.66162322969421,673.1768593324505,29.504771612769165,267.3425130830404,18.924677943219187,1.0,279.3299355307923,50.21268389308779,71,1,306.5313769409089,30.99013444318048,0,90.97614193615418,20.98100721847332,175.57157419153748,3,187.62388616618657,4,766.7549506873429,1,0,11.96544051990955,79,229.9949749319209,4.90954322553833,302.6674544078554,1,3,134.06833323691407,500.7793520286757,1.3766598710615845,242.9962862908632,1,20.8,87.66390710200257,0.74781806176788,2,3,0.0,466.0856642258765,0,3,417.5359457835272,2,3,1,0.0,2,0.0,1,0,49.39492258500214
3,4.586792557901185,3,1,5,1,24.264148841976304,496816,35.70376003074717,1,31.9566092898122,808.6942979179673,32.33963067944063,331.25312118206875,9.270002505943255,0.4339627895059237,252.207609161699,25.692466016598686,55,1,337.41171646059934,46.278677028285,51,78.23585115802369,27.834905024697832,218.0943348944467,1,282.14157501402445,2,978.1180078298494,1,33,12.947735628407512,61,53.99586925650277,6.7094334894446686,284.7205420637922,1,0,15.149640981651796,434.0325613540288,1.6360377673703554,718.6919839843858,2,25.86604834801966,54.0271763572438,1.2637747879685652,2,2,0.0,856.2739781593967,5,2,355.8601826554195,23,1,1,0.0,2,0.0,2,0,48.82452930006126
3,5.668270710471502,0,1,82,3,23.47593934292747,4763,36.08984835731868,1,31.938497051316045,517.864552095247,31.955789946601023,430.3258369522631,19.41202375726189,1.0,405.0158213955692,36.687519236129525,67,1,336.7309930362999,36.98,8,90.92067677617877,26.896736983980308,189.62030328536264,3,379.8319519766145,4,605.9694081470174,1,0,15.89303892153002,56,252.4363678180837,5.520676776178754,251.97043471085013,1,0,213.9737711854196,478.1804130862526,1.6549549564665786,421.497177529862,4,19.87451109240674,86.39833883736036,3.9115491153948128,2,3,0.0,313.0313857375685,0,3,296.1577317632644,2,2,1,0.0,2,0.0,1,0,49.28680511086916
3,5.767818887413794,2,1,88,1,13.20164647805642,125932,37.91399035509406,1,33.65259367377742,25.49773661787921,28.42139950634796,69.49121582600287,13.99541559445768,3.639506056583073,400.8757191570533,43.649876043307216,24,1,1095.2011471923106,13.646009174067387,2,92.45925908487462,30.10168716916928,169.8999952916145,1,1194.981636372974,4,85.10700553599519,3,1,18.753868281755487,80,1057.7682428389912,5.368230506927899,1033.6164841208374,1,0,1044.4916106399585,1217.0928380194518,1.971119322575236,1154.0015283704236,4,22.375555450924765,84.44539080311912,21.157061130837,2,1,0.4806585912225687,1004.5256183073424,3,3,1130.3247103902183,2,2,1,0.8798353521943578,2,0.0,2,0,43.41222227453762
3,5.523932366611959,2,1,66,1,15.247856833805816,96467,34.60770749888096,0,32.69315766701481,120.86471857424944,32.69913483410422,73.5930170573726,13.326582783216455,2.9743609998507954,332.54714965627204,39.31966973247789,36,1,902.3760331451896,22.798608625090463,20,89.41026349947778,29.56418954655526,192.19229250111903,1,925.4640412348908,3,189.5113586462085,2,2,17.58162643648215,79,884.4003629243778,5.541879666716402,847.3254152670032,1,0,850.1355231120217,921.854433907816,1.917179709983588,902.483961450768,4,27.930758900760942,78.51736301240628,15.946766085639144,2,2,0.0,907.3614884659067,2,3,978.7455432734992,2,2,1,0.6581203332835984,2,0.0,2,0,44.30982696682084
3,4.628518692138819,3,1,16,1,24.71481307861181,246741,46.47772429725816,1,27.66621729085898,907.2927332523716,25.85605841188285,507.1848116964834,7.836167526087152,0.3671962632537675,219.6352103601287,17.590691600728633,51,2,260.1351081114474,44.67763292923541,54,78.01468458592178,28.54084415965248,218.557535031996,1,328.8782871141097,3,1113.9969771120568,1,36,13.655090656452888,54,143.861175689662,6.92558177495446,525.1368970061181,1,0,108.31738971591264,719.736030412536,1.6485556076416457,978.9173669456768,1,17.614074768555277,51.949552117053535,2.3575107565976685,2,1,0.0,1012.1015626728944,4,2,303.2508999532895,36,1,1,0.0917990658134418,2,0.0,2,0,47.56395443738615
3,4.528247096480568,2,1,8,1,25.62337204692576,240317,43.030147782162175,1,30.30003523867165,924.9163400604142,26.66040128033931,560.319016217131,7.747052101840334,0.0941569882685601,217.6657869235352,16.447747294699802,49,1,190.2283090211245,46.88219287297797,56,77.62988385922272,28.3665909891788,207.02903886529893,1,227.86831045267,2,1134.6978147252669,1,36,13.593252382281316,49,36.70927841484659,7.05292150586572,423.22565242922616,1,0,4.966781131166546,617.7696316457519,1.603409010821201,893.6069756412102,1,17.373055265978827,51.686693107907,0.95922915412586,2,1,0.3766279530742404,904.9371687197084,4,2,192.03623882272103,36,1,1,0.0,2,0.0,2,0,47.6798662398869
3,5.557445359669576,2,1,71,1,15.114133093912942,113479,30.93341420721776,1,38.98843133201711,66.07879011973871,30.047013129826,180.0903168209854,13.78121709348175,3.065760071826117,395.9032539558264,41.1827683088523,19,1,948.3183501212982,18.30291408367801,6,91.59864010773916,29.73831471215654,146.66328290895774,1,984.5488215436652,4,132.73748470390183,3,1,18.600869352486967,71,834.5657548756084,5.635978633147812,823.2391314033885,1,0,828.9180317872272,1006.661935676759,1.8774074783982653,979.2193765472962,4,21.859184064643504,83.73777075525221,18.208006769186245,2,1,1.2456532375651768,786.1731964017716,3,3,899.3020646545983,2,2,1,0.6885866906087058,2,0.0,2,0,43.67040796767824
3,4.8225384185163405,0,1,9,1,21.795105286215083,69978,6.547865705314933,1,57.62834374854009,207.8423390681979,35.72583949328282,566.4509387018184,13.03294820794391,1.0614684141354744,378.5327262558408,32.56431418078254,3,1,435.206323808109,34.57108137193374,19,88.59220262120321,28.46892999561913,65.48947077248671,2,249.43477025246807,2,299.1270971531867,1,3,18.066391577102795,39,54.84285225640974,6.571314740070112,88.31882830576819,2,0,75.84552724312175,271.5545653577542,1.5500398409754608,368.6453278928034,4,20.05532157272193,81.26581104410042,7.905947648656339,2,3,3.918042114486034,23.3932392622512,1,3,92.2606667410762,2,1,1,0.0204894713784914,2,0.0,2,0,44.57233921363904
3,5.664933946022132,0,1,100,2,25.32466973011066,3237,41.55850086082699,1,29.39735784088529,597.3859836602333,29.04414129828772,277.3589632362188,16.373676049383864,1.0,241.9013498146775,43.19780298992443,79,1,264.7599397053123,33.328720561834544,10,87.23039919737923,22.387390866647607,183.65285754985425,2,214.92200601965584,3,898.6709878846382,1,0,13.043276852004642,74,321.4118537823966,5.408457782679082,313.7548190644191,1,2,155.67638281836074,638.5733902379741,1.430845778267908,478.5569513714097,0,19.309692705940623,81.06121194988481,0.9480614588118756,2,2,0.0,643.5594657524625,0,2,392.44727743652,2,2,1,0.0,1,0.0,1,0,49.42726881107746
3,5.8931355592673,3,1,100,1,12.180191569233378,133328,42.43557270447082,1,30.26739390651968,0.0,27.297033389009496,2.723810082735397,14.017938005038673,4.0,398.6628973303257,44.55131035075984,27,2,1169.8142367243156,11.235176276989144,0,92.6138752087856,30.306832512527137,185.37521619341925,1,1308.0703481771295,4,76.56822443494696,3,1,18.813275242080056,85,1190.4783356280814,5.232606093480325,1148.090257742689,1,0,1159.6909295046446,1344.099031428789,2.02450844741384,1265.669108722371,3,22.732606093480324,84.47058267123202,22.70710655266961,1,1,0.0,1143.8443727957524,3,2,1254.2438229272825,2,2,1,0.9828388981682498,1,0.0,2,0,43.35382466608209
3,5.48702798070352,0,1,62,2,22.76336442300391,20565,28.013904709413808,1,38.73420721340028,420.8861996050392,33.22822451948631,493.9940331234481,18.758134105219447,1.0,421.5117721112229,35.96414923041877,61,1,351.31682431421086,36.528026047937466,12,90.40841105750978,27.361289807794524,161.4740105675045,3,368.5093677556856,3,509.1399120669398,1,0,17.35533837506644,60,199.5877356184841,5.8366355769960885,196.13974251637788,2,0,195.05639573638908,423.6296117621446,1.677405596140704,440.2031103086725,5,19.770990673098822,85.51827627843217,4.956392740636507,2,3,0.9465423079843562,213.6351674218745,0,3,222.2363348986628,2,1,2,0.0,2,0.0,2,0,48.60766322077053
3,5.012395725244143,0,1,25,1,20.0691297705078,81216,12.847676337646549,1,52.81287205971675,171.21886460040488,34.25876030493163,466.6377746284657,13.226257465703126,1.5792610688476616,383.0202625966797,34.79082259604495,7,1,567.7646953654604,30.36833099118648,16,89.36889160327149,28.79686534360352,86.46007328833029,2,439.3455822212569,2,256.1416769344966,1,3,18.204469618359376,48,256.2780027435764,6.329678167871091,278.17958698460154,2,0,270.39576139813187,461.46365135102735,1.634612641245118,526.3822302732926,4,20.521334961962896,81.90442198491212,10.567401893876982,2,3,3.227651908203118,220.4513158415841,1,3,300.75333111196994,2,1,1,0.1930870229492205,2,0.0,2,0,44.33933251901856
3,5.8731521605447,1,1,100,3,24.4610870367318,2506,38.6610870367318,1,29.62256530829604,734.1780060984036,31.681717222863224,329.97142791293146,12.956133090758104,1.0,234.9415252951097,46.01321777631263,49,0,286.1552513221291,32.46307812397773,6,92.3852172843576,24.394288846758545,114.72359164881016,2,299.1954413108444,4,820.523708830846,1,0,12.865332549607576,54,318.72449305113525,5.454086913743041,356.4944500718279,1,2,256.9241363748112,636.5539374223076,1.5115956420139722,334.8091583963279,2,20.31517395047484,75.17872489133882,3.5970497724708004,2,2,0.0,536.3687292678999,0,3,507.1365951932317,2,2,1,0.0,2,0.0,1,0,49.65389129632682
3,5.592934762587922,1,1,90,1,23.802989280590584,2861,43.14402328072998,1,27.400270748102155,356.6038617515406,29.455705971167863,386.5493054473976,11.193204773925617,1.0,233.1820274782335,20.71901867595211,90,1,198.1732090090376,41.669457398649,36,79.49048697820164,28.743043798593245,208.0597856118117,1,377.8761076727344,3,1081.3376494685226,2,0,17.322010903600532,48,522.4880940827677,6.777717611532855,309.71838324741395,2,0,242.10358750509093,908.2318468008702,1.6932336906469805,1058.1408711880308,2,15.738586215753124,66.66214296221153,3.1817661251619045,2,1,0.0,924.307077030778,1,2,274.52543559144794,2,1,2,0.0,1,0.0,2,0,49.31467381293961
3,5.745158422150066,3,1,100,1,23.799547365285527,280,45.53692208394158,1,24.41104105984329,456.9501890556097,30.017014224479404,361.08265193878566,2.411067733847678,1.0,89.5203685621513,17.041812152452824,64,1,143.20603053006954,42.262252668642645,45,78.43077109260953,30.61524894909296,144.24975754669347,1,405.2460572040739,3,1312.9683544287668,2,0,16.36978257397756,21,663.2596726838955,7.344705787435592,403.983372927139,1,1,328.3891124801153,1144.9620167028413,1.7015203685621512,1195.9606459561892,1,14.78660685323638,49.87598205597092,4.735041221202781,2,1,0.0,1199.1411171472453,1,2,418.2059205737367,2,1,2,0.0,1,0.0,2,0,49.20022631735724
3,6.1663587530620765,3,1,100,2,22.596117848394066,20,37.35360136907966,1,27.17892894869364,821.6976413302422,35.372275574646395,438.58952997418,1.2617925452163343,1.0,143.67469682226695,35.153426381669284,4,0,245.64796815545503,36.28722511727655,21,93.77449743297564,31.277135183383265,10.669081171741489,1,503.7708317519777,3,952.324596806734,1,0,14.462346789704595,1,501.5367970564368,6.562476601456144,456.8199458662585,1,1,472.2591112244892,909.7095975933142,1.755674696822267,552.9381693431601,4,19.05878163820105,51.15763449146032,8.8327187262182,2,1,0.0,710.24787591009,0,2,658.6090180155591,2,1,2,0.0,1,0.0,1,0,49.801941075802965
3,5.7,0,1,100,3,25.025427134204307,10318,40.07965829263656,1,33.64743719477416,664.5495477143711,26.367819085748422,260.88294067783903,22.45556985935845,1.0,189.8820097672269,23.095115491213257,16,1,242.08857468430327,35.72996383475026,9,91.4745728657957,26.557246249287022,179.77115579216124,3,194.14825127957195,4,757.2183678120433,1,1,14.947437194774157,82,224.68613064073665,5.56440201211397,285.240283367792,1,0,201.79546552864176,531.7550392890241,1.38,281.1228021177174,1,20.04068341472689,83.20867737251811,4.769292475106616,2,3,0.0,453.20855875753045,0,3,413.2935839089551,2,2,1,0.0,2,0.0,1,0,47.17713567102153
3,5.741352542217267,3,1,89,1,13.586474577827335,147854,42.82127021842898,1,29.971373123164337,113.2062930892505,27.20735665840668,63.28333771340533,13.34469508397547,3.54672154919219,380.9961186215037,41.75508377386065,30,2,1071.7804766661634,14.957020318925998,6,91.1302263904178,30.106760362977152,188.74948547632323,1,1202.6356821296329,4,187.2925372724444,3,5,18.20181181534484,82,1066.4799255368437,5.41530726413371,1085.8620788077887,1,0,1046.2296561884582,1270.7557112788795,1.98240576266518,1228.2716374953975,3,22.065410168869064,80.77989764730017,20.433112007157604,2,1,0.0,1125.5470248751774,4,2,1154.17135460256,6,2,1,0.8866803872980475,2,0.0,2,0,43.78826816033428
3,4.8,0,2,6,1,21.869553188329142,57175,9.452510726783997,0,52.74732327215818,249.06470472311784,37.726255363392,483.5851789820241,12.689100843289692,1.0,330.25646692846635,31.17815741963063,16,1,402.2666744768474,37.93461198429202,30,86.93463825994972,28.341296168063817,100.56868176120682,2,207.38298378274004,2,341.76476559017243,1,4,17.290799556075612,46,96.09340030205988,6.495642550663314,109.73535766061195,2,0,95.14782272926192,209.87334756250948,1.5817429797346745,312.6096029259015,5,24.69608522015085,77.2922492672748,6.2229174136894185,2,4,2.956425506633144,119.02488884095676,0,3,156.21904980864957,2,1,2,0.0,2,0.0,2,0,45.056563840848
3,5.696939091941923,0,1,79,2,23.022956810435577,5581,35.135689920471926,1,32.54848505112519,481.8926771078376,32.315825028402884,465.5353933752935,20.272782726529883,1.0,429.23018831052497,36.63168106711423,80,1,326.4157473189882,37.11406777294377,10,90.67095238375671,27.07897452892924,192.4591362087116,2,411.4227041058673,3,587.2026802747293,1,0,17.14520354369873,66,259.6067512075953,5.633669988638846,238.6418245668898,2,0,239.2538688807913,490.0668399837071,1.7192347729854809,485.0562155816156,4,19.58674640185115,86.28255969484378,4.112604872880211,2,2,0.0,298.2842177831768,0,2,270.3236606855463,2,1,2,0.0,1,0.0,2,0,49.834695459709614
3,5.686687261615897,0,1,100,2,24.833590770198708,17198,40.77229328839722,1,33.4405560636292,619.923055284827,25.88049427878152,253.669141257845,21.62954771043463,1.199691075761551,178.87614034331244,20.65479557472866,15,2,233.3977062099428,36.31551189970325,11,90.10216246966914,27.01044938995229,183.6942849015887,2,195.74415263305409,4,793.0105711737017,1,1,15.207167543992032,81,260.0589435222237,5.699845537880775,274.3681705444469,1,0,191.61580532255627,567.4605793708809,1.4019660183337703,355.44056938775566,1,20.30619298283438,81.46165129486916,5.014628566010591,1,2,0.0,506.69162207294585,1,2,388.1426247975333,2,1,1,0.0,1,0.0,1,0,47.19976830682116
3,4.850311965174578,3,3,3,1,22.25051994195763,606403,17.943448731333866,0,38.35093589552373,573.8627960970549,43.7056153731424,29.69417480844215,12.005072791874069,1.0,254.8668948588468,27.7247308208592,32,1,573.8627960970549,44.36097749088034,40,80.5,26.914511254559827,227.2796366915849,1,367.3301566335425,2,671.1755169096481,1,19,13.44652862935543,69,63.53963723130683,6.801247860698311,27.74218245431159,1,0,29.69417480844215,164.13099222393953,1.67,421.9756796078097,5,38.70291167496273,60.84952165339898,2.043928919567283,3,4,0.0,678.482376460224,3,3,569.2845033483082,2,1,2,0.0,2,0.0,2,0,48.12130841210083
3,5.177564213880044,1,1,57,1,22.26968872420003,90309,29.74835870896278,1,42.12655203767814,97.73949922399072,28.07902699819909,351.9880102003018,10.091968004155662,2.618132345200188,224.27742720598212,18.86950153483844,29,1,278.16928984263564,38.12827013242836,30,78.79120592879887,28.72665759662004,156.04260984901077,1,219.1229647430391,2,842.1349479659303,2,2,17.327234219143918,55,423.7046579249256,6.869688724200031,102.48463536362426,3,0,24.2978395968967,678.7050442679099,1.631694166228011,900.9749701579236,3,22.481136262640288,70.00331172018271,6.3871882900678605,1,2,1.84249020639975,682.5875547247631,1,2,51.60375904668216,2,1,2,0.0,1,0.0,2,0,47.13507400748029
3,4.705189130819442,0,1,8,1,23.26414492240744,128538,18.7890890777364,1,48.46608409746275,460.8504665998487,32.67643044786104,572.0266808225531,11.1738295002032,0.6839637693981411,322.061587183471,26.769365964467468,19,1,339.4907111215876,39.19111244704824,32,84.7075652327777,28.40787746385787,113.24976066569558,2,227.23131912905,2,593.9688558534782,1,15,16.495101745438856,42,32.94631115123986,6.7580181153009296,190.4878965954935,2,0,36.07908883575194,377.6651891157108,1.5621225361421305,539.6049456072358,3,19.08349493125461,70.89669996929746,5.276614791994392,2,3,2.7358550775925643,315.7201943712571,2,2,110.95550062083755,14,1,1,0.0,2,0.0,2,0,45.67452318404632
3,5.222563719171095,2,2,39,1,17.85058606170418,66584,28.44334880122694,0,34.610958150729395,217.72186214676623,36.94569304804367,132.56812164657285,12.682749763683702,2.1524465068302585,275.287106642508,34.607359972493484,44,1,673.8947629453875,32.47802163789566,36,86.5335627739059,28.950493391766592,198.35665119877305,1,603.5256137487002,3,297.16023951208496,2,2,16.56519218011342,73,633.0835683934881,5.815851164389914,592.1100063242196,1,0,585.8406987363379,579.3051306516468,1.8267691157513284,612.9207458446562,4,32.12252281516568,73.41053429577201,10.286514943704384,2,2,0.0,719.554026810714,1,3,740.9519818677743,2,2,1,0.3841488356100861,2,0.0,2,0,45.15913860960873
3,5.649502444104682,0,1,94,2,25.30362061596265,7470,37.79792539460967,1,32.337370035035256,646.5594775028148,29.85909373081116,286.4959104500419,18.852689032231087,1.0,286.44251435760657,49.95077300528616,70,1,309.79923446608564,30.935754772023884,1,90.8597290114019,21.15259572883656,169.18780551308518,3,188.9078018324752,3,740.0530705738385,1,0,12.433844952863495,80,217.62232046607213,4.995384272246714,287.906011301283,1,2,132.04633369914922,487.61635871691385,1.3889773432702788,252.26497459214409,1,20.755113283648605,87.47631808637463,1.0393922643483453,2,3,0.2244335817569713,438.8529626244784,0,3,397.12638722866205,2,2,1,0.0,2,0.0,1,0,49.27226344257575
3,4.78327547913755,0,1,8,1,22.22299361149933,79209,8.091259358155618,1,56.48294919145516,256.0534008659471,35.331366290676705,577.1933942029345,12.68610177929722,0.9442515971251674,368.13253269115467,31.324402949690427,5,1,405.3617516844661,35.79695917348782,22,87.83101916550201,28.426097611798763,71.86399605709838,2,226.9502082751048,2,355.3395782716178,1,6,17.775717857855824,39,31.28567481034144,6.627874201437416,87.77831977440894,2,0,49.80927174835258,271.7046173263156,1.5439023882012384,383.3801914054745,4,19.838329631662987,79.3742745183667,7.181921690956225,2,3,3.7770063885006695,55.69265447195778,1,2,75.17373294320325,4,1,1,0.0,2,0.0,2,0,44.78954456977444
3,5.7,0,1,97,3,25.16799733388751,4076,39.06255488106402,1,31.05232202624549,647.5727607880747,29.88512309269049,295.53889991328515,19.377953429036296,1.0,301.4513642325294,49.15406517641456,75,1,306.8536766980348,31.52531870793903,1,91.0,21.55797472926793,177.69121759634243,3,216.6311687606224,4,740.2895538561822,1,0,12.769317374882782,80,231.79434468820165,4.992960746511498,292.53636315031105,1,2,150.36015721463207,498.6074623626623,1.4251523625912983,275.905980462849,1,20.653918826910505,87.71852694421945,1.113475721893037,2,3,0.0,440.36117862236006,0,3,397.2619877444792,2,2,1,0.0,2,0.0,1,0,49.58984031993349
3,5.3727632377014105,0,1,53,2,22.63640359744601,28562,24.319344685678928,1,41.97170826512672,386.176379505765,33.67258740893896,508.0155866980625,17.802119088768464,1.0,414.27500505442265,35.35473726774085,52,1,362.65188682002014,36.28553087112188,13,90.09100899361503,27.539034963575585,145.09606407053545,3,344.955595398184,3,475.0598176624328,1,1,17.47087272632413,56,171.53701081972173,5.963596402553988,174.45864233585536,2,0,171.38835863588542,394.5873229157751,1.654552647540282,425.1874534699398,5,19.8090789207662,84.79840839751888,5.39440758881126,2,3,1.454385610215955,178.10391078124073,0,3,196.502645166332,2,1,2,0.0,2,0.0,2,0,47.94111888659156
3,5.52085436521416,0,1,64,2,22.8009492946824,18198,29.10762447525784,1,37.77579298559881,431.16152767322126,33.0966774686116,489.8431598952758,19.04114818895847,1.0,423.6541097968968,36.14455661447552,64,1,347.9612469707554,36.59981315284338,11,90.502373236706,27.308670987444643,166.32245901402956,3,375.4821131494788,3,519.2288191715966,1,0,17.321136141839016,61,207.8917371671294,5.7990507053176,202.5581110529134,2,0,202.06296751469296,432.2271511585989,1.684170873042832,444.6482730820874,5,19.75971521159528,85.73138250084921,4.826724933345721,2,3,0.7962028212704011,224.1536696098164,0,3,229.8544125391756,2,1,2,0.0,2,0.0,2,0,48.8049837970826
3,5.409451508144684,0,1,70,2,24.37008919834044,24756,28.756006806783084,1,39.6455874187063,523.8160994812243,31.56612260874892,368.9534069523012,17.201672039350655,1.0,312.3146707888508,44.96304800256176,51,1,340.78981029852133,32.10400266036254,6,90.19292085595744,23.20903208022721,139.18143851808543,3,199.64074590250883,3,616.8989387284942,1,1,14.020848362821258,68,164.86712643992996,5.448813817948931,225.1380260129871,1,2,109.63891244359428,420.1913852709939,1.431653065218723,279.8601632970567,2,20.541734673906387,85.69994116027065,2.890451703862107,2,3,1.291326630468073,314.84264910754354,0,3,303.9839568435611,2,2,1,0.0,2,0.0,1,0,47.95198329479576
3,5.585326591665614,0,1,100,3,25.786683520835968,1635,41.24809101251422,1,29.1372355791514,681.9552295959213,29.557336704167195,247.4308564614672,15.891672169552944,1.0,260.9321535414823,41.5394438124131,31,1,342.3492302195255,34.29647869211646,0,90.71331647916404,23.85631771794548,176.3600505625079,3,198.35242132052417,4,775.5122949142544,1,0,10.483104942485149,35,244.04036735347407,5.014673408334387,319.8247002401719,1,3,104.41636517928625,489.53567897863735,1.3398643070829646,204.8392864450344,1,20.8,85.61386853747946,1.825402435427464,2,3,0.0,478.7065426705431,0,3,426.5245764125901,2,3,1,0.0,2,0.0,1,0,47.68655711456621
3,6.135749823383045,2,1,100,3,22.88550105970173,492,37.08550105970173,1,27.836901200995293,827.8991119654088,34.99044777462636,422.2114829615283,3.486861368807401,1.0,165.09054698011005,38.45040508656831,9,0,260.18434246741685,35.152078191442385,17,94.48599858706436,29.96661125218821,22.55181199255124,1,469.8786702025115,4,903.2734843444651,1,0,14.026014219353058,10,455.2227581945068,6.294399434825744,440.4889385073008,1,2,439.1616624313655,840.9179425496209,1.711169865771114,468.7969898829648,4,19.57990049452747,55.96182792482877,8.066461993979424,2,1,0.0,644.6955171419737,0,3,644.2598427741583,2,1,1,0.0,2,0.0,1,0,49.81144989402983
3,6.105602088368002,2,1,96,3,22.594397911632,1068,36.3601675181248,1,28.400617863299185,781.8723255528251,35.15809420090241,449.13740760093305,4.826975096623624,1.0,202.18440127676715,36.694397911632,15,0,268.2464490644388,36.03089111321888,18,94.244816706944,30.518177959964813,36.24879806668741,1,492.9057904575136,4,857.279097449594,1,0,14.844292179837112,12,443.92258884224873,6.330083759062402,418.65722563546535,1,1,437.5743175460916,812.917117660247,1.75244816706944,495.27610746121513,5,19.4566387469792,57.98113130819829,8.212244967214735,2,1,0.0,597.3166425238675,0,3,600.8549344793621,2,1,2,0.0,2,0.0,1,0,49.85
3,5.535872104851209,0,1,96,3,25.461918427231865,1015,41.05479606807966,1,28.760930516429013,652.580133313895,30.102209467916925,273.7049064337376,14.705253327460476,1.0,279.89913908439246,34.96633736306572,14,1,364.0249655849233,36.98,1,90.58968026212804,26.34066284037508,179.69040786384068,3,243.8916836559788,4,744.9614643272009,1,0,10.68977372065251,12,254.799682928406,5.189680262128022,316.31615704231245,1,2,108.83603846234502,479.9346946107215,1.3835378149449784,226.6593894990391,1,20.60270342331836,84.4719391255851,2.9582791549287046,2,3,0.0,451.4475079833036,0,3,404.473031021226,2,2,1,0.0,2,0.0,1,0,46.93672986110896
3,5.649624131959371,3,1,100,1,18.572366536066514,118142,47.24492339380242,1,29.11071462680701,0.0,23.64436197939056,99.34914443852163,10.04261395423673,4.0,209.33276259841085,21.539480470160548,43,2,542.778399192081,29.510708896449216,25,78.91635742271461,29.48498144536288,216.42292317518024,1,629.4587903410758,3,835.3011296409921,3,1,17.510489105982636,75,923.2975975858216,6.389285373192989,519.8490386452798,2,0,441.3687456603502,1159.2434191736577,1.8296993055674968,1331.2649994534445,2,23.88928537319299,69.59203446271756,11.96216482270724,1,1,0.0,1219.2050717618738,2,2,500.90469583610775,2,1,1,0.3740603298984272,1,0.0,2,0,47.03693500411451
3,4.94612805313138,3,3,3,1,22.41021342188564,477830,15.931310884241013,0,38.638384159394136,582.400009534006,45.43030495636485,26.3693565563411,12.027429879063988,1.0,213.9853639972777,19.963627696358188,16,1,582.400009534006,44.66120123314499,40,80.5,26.764399383427502,236.38216504748115,1,376.5923784693668,2,677.4770216276071,1,15,13.916027460343765,65,55.74978928041877,7.184512212525522,9.9842674863175,1,0,26.3693565563411,176.7212261814634,1.67,425.25578368553096,5,39.59719516255955,60.70260365186522,1.714960350915594,3,4,0.0,683.819332559418,2,3,579.8817626763307,2,1,2,0.0,2,0.0,2,0,46.987484704612
3,4.825742385928894,3,2,5,1,23.71980329849774,354177,25.987338823365008,0,34.82692639917878,730.7185709489629,39.18573477745621,210.5897060665341,10.353186295791694,0.651484771857788,194.48515228142213,15.32118781748623,23,1,440.5447919977572,45.97312994830645,46,79.10593908743115,27.26550558327892,234.70395305122688,1,328.1879024548836,3,869.2182231967945,1,22,13.814059010450675,59,46.4698758923205,7.295445431557336,160.44944073211155,1,0,15.961376910515805,348.4037422515668,1.6490890863114671,609.3804346229397,3,32.084149752729125,56.43781726229345,1.0908708125408129,2,2,0.0,795.6194839214357,3,2,453.1044902097572,15,1,1,0.0,2,0.0,2,0,46.92505012643465
3,5.803342179938372,0,1,100,3,24.48328910030813,8461,39.39727317641907,1,32.47722009678883,702.7179699889883,28.184169854816755,298.54019489967925,18.194553637045043,1.0,177.35267868456043,24.70026539815118,10,1,241.91439908534872,35.96072997162342,12,92.2233952595686,27.791812245050284,142.79681522218584,2,260.0875436733172,4,791.2187506966449,1,1,14.93671935569737,65,279.0656736614423,5.786015923889071,320.90079217222706,1,0,262.8353936948773,607.262059717529,1.4585400567531632,328.1612010690566,1,19.87598938407396,76.40810579190716,5.851873780686028,2,2,0.0,497.7653347562541,0,3,467.8193500593745,2,1,1,0.0,2,0.0,1,0,47.62871620765488
3,5.308227210875207,2,1,73,1,22.226038872678867,85764,41.87158172943754,0,30.838254033158087,96.8534773418404,27.290164237404376,174.2097621387369,8.745157512202338,3.178116618036599,120.94403498675564,13.043599222815356,53,1,211.20459978876184,42.19473358607522,45,73.78753352785361,28.73617459668419,227.6921078713477,1,195.9509667436232,2,1067.7015739441445,2,1,16.27988103010582,68,628.05877785575,6.85343498541098,161.34391601686147,2,0,58.97287226714725,786.3119592101756,1.7072603887267883,1052.4984334541682,2,28.2710791061032,62.038974538462575,4.535377006763388,1,1,0.0,1043.7959992702797,0,2,139.25137615643214,2,1,2,0.0,1,0.0,2,0,48.491814674402654
