latitude,longitude,clay_percent,sand_percent,silt_percent,ph_value,bulk_density_gcm3,cec_cmolkg,organic_carbon_percent,nitrogen_mgkg,bearing_capacity_kNm2,shrink_swell_risk,liquefaction_risk,permeability_mmhr,estimated_water_table,corrosion_risk,recommended_foundation,avg_temp_C,min_temp_C,temp_range_C,annual_rainfall_mm,max_monthly_rain_mm,max_wind_speed_ms,avg_humidity_percent,frost_days_per_year,avg_uv_index,climate_zone,cyclone_risk,monsoon_zone,monsoon_intensity,extreme_heat_days_per_year,lightning_risk,estimated_fog_days,heat_index_C,earthquake_count,max_earthquake_magnitude,earthquake_risk,seismic_zone_number,flood_risk,nearest_river_dist_km,landslide_risk,tsunami_risk,tsunami_zone_dist_km,coastal_erosion_risk,erosion_zone_dist_km,mining_subsidence_risk,nearest_mining_km,nearest_industrial_km,wind_zone,basic_wind_speed_ms,terrain_slope,forest_fire_risk,groundwater_depth,drainage_quality,total_animal_records,threatened_species_count,unique_species_count,mammal_count,bird_count,nearest_protected_area_km,protected_area_type,nearest_tiger_corridor_km,nearest_elephant_corridor_km,nearest_bird_zone_km,nearest_endangered_habitat_km,nearest_conflict_zone_km,marine_protected_area_risk,nearest_marine_area_km,biodiversity_hotspot,burrowing_animal_risk,final_feasibility_score,bmtpc_failure_nearest_km,bmtpc_failure_count_25km,bmtpc_failure_severity_index
8.0,80.0,30.7,41.7,27.6,5.7,1.29,18.3,42.9,533.0,193.5,Medium,Medium,67.41,Shallow (1-3m) — High Risk,Medium,Simple Strip Footing,29.38,17.39,20.59,46.03,8.23,15.62,86.51,0.0,2.08,Tropical Humid,Low,Normal Monsoon,Low,0,Low,2,174.3,0,0.0,Low,2,High,296.96,Low,,280.67,,323.21,,723.57,412.73,Zone VI,55,Flat-Coastal (<2°),Low,Shallow (0-3m),Poor,55107,4,63,6,62,157.33,Marine Park,415.36,299.52,256.69,159.81,484.09,Low,157.33,No,Medium,63.35,,0,0
8.0,80.5,34.7,44.6,20.7,5.9,1.34,20.8,48.9,338.0,201.0,Medium,Medium,69.86,Shallow (1-3m) — High Risk,Medium,Simple Strip Footing,28.62,14.44,25.83,52.28,9.1,13.69,87.23,0.0,2.08,Tropical Humid,Low,Normal Monsoon,Low,10,Low,2,178.4,0,0.0,Low,2,High,337.82,Low,,320.67,,331.48,,735.38,420.65,Zone VI,55,Flat-Coastal (<2°),Low,Shallow (0-3m),Poor,102121,10,66,18,34,196.62,Marine Park,458.77,352.41,267.04,195.53,524.03,Low,196.62,No,Medium,63.35,,0,0
8.0,81.0,33.7,32.3,33.9,6.2,1.34,25.9,60.8,611.0,201.0,Medium,Low,40.31,Shallow (1-3m) — High Risk,Medium,Simple Strip Footing,29.61,19.04,19.72,59.2,11.04,16.1,84.68,0.0,2.13,Tropical Humid,Low,Normal Monsoon,Low,0,Low,2,174.4,0,0.0,Low,2,High,382.22,Low,,338.03,,348.29,,750.97,435.37,Zone VI,55,Flat-Coastal (<2°),Low,Shallow (0-3m),Poor,102412,3,71,11,33,242.09,Marine Park,504.42,405.87,287.68,238.68,566.47,Low,242.09,No,Medium,70.6,,0,0
8.0,81.5,31.1,29.7,39.1,6.2,1.2,24.8,65.7,576.0,180.0,Medium,Low,36.93,Shallow (1-3m) — High Risk,Medium,Simple Strip Footing,29.61,19.04,19.72,59.2,11.04,16.1,84.68,0.0,2.13,Tropical Humid,Low,Normal Monsoon,Low,0,Low,2,174.4,1,4.5,Medium,2,High,429.06,Low,,362.92,,372.49,,770.11,456.22,Zone VI,55,Flat-Coastal (<2°),Low,Shallow (0-3m),Poor,6472,3,83,3,32,290.87,Marine Park,551.75,459.69,316.59,285.91,610.88,Low,290.87,No,Medium,68.1,,0,0
8.5,78.0,26.8,41.3,31.9,7.1,1.37,23.4,75.9,189.0,205.5,Medium,Medium,71.09,Medium-Deep (5-12m) — Low-Medium Risk,Low,Simple Strip Footing,30.26,21.02,15.63,37.27,7.85,16.88,82.95,0.0,2.19,Tropical Humid,Low,Normal Monsoon,Low,0,Low,2,171.8,0,0.0,Low,2,High,156.06,Low,Low,54.99,,331.87,,661.81,298.81,Zone VI,55,Gentle (2-5°),Low,Shallow (0-3m),Poor,114871,2,77,4,36,80.11,Tiger Reserve,233.19,73.91,46.91,124.01,313.22,Low,138.06,No,Medium,66.6,,0,0
8.5,80.0,28.3,44.2,27.6,5.9,1.26,20.4,49.1,439.0,189.0,Medium,Medium,76.54,Shallow (1-3m) — High Risk,Medium,Simple Strip Footing,29.64,18.3,19.02,40.91,8.26,14.44,85.57,0.0,2.08,Tropical Humid,Medium,Normal Monsoon,Low,0,Low,2,173.5,0,0.0,Low,2,High,260.24,Low,,256.69,,267.77,,668.95,357.34,Zone VI,55,Flat-Coastal (<2°),Low,Shallow (0-3m),Poor,72973,6,62,19,61,119.3,Marine Park,381.84,287.76,201.35,117.41,446.03,Low,119.3,No,Low,62.55,,0,0
8.5,81.0,31.8,29.9,38.2,5.9,1.15,25.5,69.4,596.0,172.5,Medium,Low,36.59,Shallow (1-3m) — High Risk,Medium,Simple Strip Footing,30.12,21.39,15.04,55.66,10.91,19.5,84.06,0.0,2.13,Tropical Humid,Medium,NE Monsoon,Medium,0,Low,2,171.8,0,0.0,Low,2,High,354.34,Low,,287.59,,297.51,,698.45,383.22,Zone VI,55,Flat-Coastal (<2°),Low,Shallow (0-3m),Poor,21293,4,76,8,55,219.18,Marine Park,477.08,397.15,239.56,212.53,534.2,Low,219.18,No,Medium,66.85,,0,0
9.0,78.0,32.1,46.0,21.8,8.0,1.61,22.9,47.1,189.0,241.5,Medium,Low,76.48,Medium-Deep (5-12m) — Low-Medium Risk,Low,Simple Strip Footing,30.22,17.67,23.28,37.39,7.47,12.78,79.88,0.0,2.12,Tropical Humid,Medium,Normal Monsoon,Low,10,Low,2,173.7,0,0.0,Low,2,Low,100.67,Low,Low,78.17,,999.0,,606.73,247.89,Zone VI,55,Gentle (2-5°),Low,Medium-Deep (5-15m),Moderate,43375,1,75,2,60,83.83,Tiger Reserve,184.29,69.56,39.76,78.12,262.74,,999.0,No,High,76.05,,0,0
9.5,76.5,30.9,31.6,37.5,5.3,1.15,17.8,49.7,426.0,172.5,Medium,Low,41.92,Medium-Deep (5-12m) — Low-Medium Risk,High,Simple Strip Footing,30.16,22.21,12.6,96.14,15.84,17.96,83.95,0.0,2.04,Tropical Humid,Low,SW Monsoon Heavy,High,0,Low,2,171.7,0,0.0,Low,2,Low,80.86,High,,156.29,,999.0,,599.52,175.54,Zone VI,55,Steep (15-30°),Medium,Deep (15-30m),Good,1097275,0,53,4,68,76.77,Tiger Reserve,119.72,119.72,153.01,101.66,183.21,,999.0,Yes,High,62.3,,0,0
9.5,78.5,36.7,37.2,26.1,7.2,1.44,27.1,32.4,233.0,216.0,Medium,Low,48.96,Medium-Deep (5-12m) — Low-Medium Risk,Low,Simple Strip Footing,30.58,18.66,20.89,34.4,7.45,13.52,78.72,0.0,2.12,Tropical Humid,Medium,Normal Monsoon,Low,0,Low,2,172.2,0,0.0,Low,2,Low,62.45,Low,,156.29,,999.0,,545.83,234.0,Zone VI,55,Gentle (2-5°),Low,Medium-Deep (5-15m),Poor,13741,0,57,0,99,79.46,Marine Park,183.1,143.67,117.35,83.73,249.58,,999.0,No,Medium,78.05,,0,0
10.0,76.5,31.2,39.9,28.8,5.4,1.18,19.6,37.6,339.0,177.0,Medium,Low,62.31,Medium-Deep (5-12m) — Low-Medium Risk,High,Simple Strip Footing,29.6,19.73,17.85,94.08,16.47,14.36,85.32,0.0,1.95,Tropical Humid,Low,SW Monsoon Heavy,High,0,Low,2,174.0,0,0.0,Low,2,Low,31.21,High,,199.66,,999.0,,549.39,123.91,Zone V,50,Steep (15-30°),Medium,Deep (15-30m),Good,1793058,0,72,1,28,64.09,Tiger Reserve,79.31,79.31,187.44,64.09,129.9,,999.0,Yes,High,63.55,,0,0
10.0,77.0,32.5,41.2,26.4,5.3,1.12,15.1,45.6,440.0,168.0,Medium,Medium,64.0,Medium-Deep (5-12m) — Low-Medium Risk,High,Simple Strip Footing,24.83,11.45,26.39,72.38,10.99,6.21,89.11,0.0,2.06,Tropical Humid,Low,Normal Monsoon,Low,0,Low,2,201.5,0,0.0,Low,2,Low,79.79,High,,175.59,,999.0,,526.9,111.19,Zone II,39,Steep (15-30°),Medium,Medium-Deep (5-15m),Good,634442,1,73,12,52,15.61,National Park,45.8,45.8,153.95,24.56,122.8,,999.0,Yes,High,57.3,,0,0
10.0,78.0,27.0,42.0,31.0,6.8,1.45,24.0,32.0,271.0,217.5,Medium,Medium,72.6,Medium-Deep (5-12m) — Low-Medium Risk,Low,Simple Strip Footing,29.59,13.64,29.7,34.05,6.34,11.01,74.65,0.0,2.08,Tropical Humid,Medium,Normal Monsoon,Low,20,Low,2,178.8,0,0.0,Low,2,Medium,15.61,Low,,175.59,,999.0,,496.92,155.94,Zone II,39,Gentle (2-5°),Low,Medium-Deep (5-15m),Moderate,186860,2,76,4,21,99.17,National Park,108.07,108.07,137.43,78.06,171.52,,999.0,No,Medium,72.8,,0,0
11.0,79.0,35.3,35.7,29.0,7.5,1.47,28.5,29.9,209.0,220.5,Medium,Low,46.89,Medium-Deep (5-12m) — Low-Medium Risk,Low,Simple Strip Footing,29.94,13.61,30.38,29.42,5.67,12.72,74.32,0.0,2.02,Tropical Humid,High,Normal Monsoon,Low,20,Low,2,176.8,1,5.2,Medium,2,Medium,24.5,Low,Low,90.14,,999.0,,378.68,109.01,Zone II,39,Gentle (2-5°),Low,Medium-Deep (5-15m),Poor,185733,1,73,5,31,204.03,Tiger Reserve,218.05,197.01,97.94,201.34,229.45,,999.0,No,Medium,70.55,,0,0
11.5,76.5,26.3,41.9,31.9,5.5,1.1,18.2,35.9,349.0,165.0,Medium,Medium,73.19,Medium-Deep (5-12m) — Low-Medium Risk,Medium,Simple Strip Footing,25.53,12.09,26.69,65.67,12.41,7.49,84.97,0.0,2.01,Tropical Humid,Low,SW Monsoon Heavy,High,0,Low,2,199.9,0,0.0,Low,2,Low,146.19,High,,351.09,,999.0,,407.54,77.87,Zone V,50,Steep (15-30°),Medium,Deep (15-30m),Good,553349,13,75,11,82,15.57,National Park,34.53,23.35,327.69,144.17,24.47,,999.0,Yes,Medium,55.55,,0,0
11.5,77.0,25.4,44.1,30.5,6.5,1.28,27.0,32.1,246.0,192.0,Medium,Medium,79.77,Medium-Deep (5-12m) — Low-Medium Risk,Low,Simple Strip Footing,25.46,10.97,29.3,33.58,5.17,11.37,78.69,0.0,2.09,Tropical Humid,Low,Normal Monsoon,Low,10,Low,2,203.0,0,0.0,Low,2,Low,163.52,High,,308.1,,999.0,,376.86,55.6,Zone II,39,Steep (15-30°),Medium,Medium-Deep (5-15m),Good,365808,8,68,14,74,21.79,Tiger Reserve,24.47,24.47,305.35,133.43,34.53,,999.0,Yes,Medium,61.8,,0,0
11.5,77.5,32.6,36.4,30.9,7.0,1.38,32.6,30.7,191.0,207.0,Medium,Low,51.88,Medium-Deep (5-12m) — Low-Medium Risk,Low,Simple Strip Footing,28.69,12.21,31.15,25.79,4.85,10.31,70.77,0.0,2.09,Tropical Humid,Medium,Normal Monsoon,Low,20,Low,2,183.7,0,0.0,Low,2,Low,148.57,Low,,254.35,,999.0,,351.89,77.87,Zone II,39,Gentle (2-5°),Low,Medium-Deep (5-15m),Moderate,136979,1,63,4,37,32.69,Tiger Reserve,77.09,24.46,250.9,144.17,79.11,,999.0,Yes,High,75.3,,0,0
11.5,78.5,29.3,38.3,32.4,7.1,1.4,33.0,33.5,213.0,210.0,Medium,Low,60.59,Medium-Deep (5-12m) — Low-Medium Risk,Low,Simple Strip Footing,29.07,12.76,31.11,30.98,5.5,13.25,75.07,0.0,2.04,Tropical Humid,Medium,Normal Monsoon,Low,20,Low,2,181.7,1,5.2,Medium,2,Low,55.21,Low,,148.37,,999.0,,324.1,132.59,Zone II,39,Moderate (5-15°),Low,Medium-Deep (5-15m),Moderate,262641,1,71,1,53,141.65,Tiger Reserve,185.6,131.2,142.11,210.7,180.04,,999.0,No,Low,77.25,,0,0
12.0,75.5,32.0,42.1,25.9,5.6,1.17,21.0,38.2,339.0,175.5,Medium,Medium,66.85,Medium-Deep (5-12m) — Low-Medium Risk,Medium,Simple Strip Footing,27.07,14.71,23.1,102.38,22.58,6.31,86.01,0.0,1.94,Tropical Humid,Low,SW Monsoon Heavy,High,0,Low,2,189.1,0,0.0,Low,2,Low,218.36,High,,446.47,,999.0,,396.89,197.68,Zone V,50,Steep (15-30°),Medium,Deep (15-30m),Good,848426,1,86,5,35,66.19,National Park,155.68,131.07,429.52,250.02,103.36,,999.0,Yes,High,61.8,,0,0
12.0,79.0,30.3,35.3,34.5,7.1,1.39,26.6,30.6,181.0,208.5,Medium,Low,51.89,Medium-Deep (5-12m) — Low-Medium Risk,Low,Simple Strip Footing,28.48,11.52,32.22,32.53,5.6,12.31,75.37,0.0,2.01,Tropical Humid,Medium,Normal Monsoon,Low,20,Low,2,185.0,1,5.2,Medium,2,Low,102.42,Low,Low,87.74,,999.0,,267.74,83.16,Zone II,39,Gentle (2-5°),Low,Medium-Deep (5-15m),Moderate,75032,2,76,2,26,171.27,National Park,248.66,190.31,109.72,194.18,249.71,,999.0,No,Medium,76.8,,0,0
12.0,78.5,25.4,41.4,33.2,7.1,1.4,30.9,25.0,207.0,210.0,Medium,Medium,73.02,Medium-Deep (5-12m) — Low-Medium Risk,Low,Simple Strip Footing,28.48,11.52,32.22,32.53,5.6,12.31,75.37,0.0,2.03,Tropical Humid,Medium,Normal Monsoon,Low,20,Low,2,185.0,1,5.2,Medium,2,Low,105.28,Low,,141.86,,999.0,,268.84,134.78,Zone II,39,Moderate (5-15°),Low,Medium-Deep (5-15m),Moderate,92930,1,73,1,43,152.05,Tiger Reserve,196.76,137.98,156.48,236.55,200.99,,999.0,No,Low,72.0,,0,0
12.0,93.0,27.4,42.3,30.3,5.2,1.23,22.7,45.2,404.0,184.5,Medium,Medium,72.87,Shallow (1-3m) — High Risk,High,Simple Strip Footing,30.33,23.01,10.72,96.36,14.13,18.85,84.89,0.0,2.03,Tropical Humid,Low,Normal Monsoon,Low,0,Low,2,170.0,100,5.9,High,5,High,1327.2,Low,Low,55.18,,1141.72,,1349.31,1275.48,Zone VI,55,Flat-Coastal (<2°),Low,Shallow (0-3m),Poor,133757,4,86,1,27,1179.94,Tiger Reserve,1198.01,1263.82,1187.49,0.0,1165.8,Very High,0.0,Yes,Low,43.25,,0,0
12.5,75.5,25.4,60.0,14.6,5.6,1.14,7.7,37.8,340.0,171.0,Medium,Medium,119.52,Medium-Deep (5-12m) — Low-Medium Risk,Medium,Simple Strip Footing,25.81,11.55,27.35,106.07,24.98,6.05,85.48,0.0,1.94,Tropical Wet & Dry,Low,SW Monsoon Heavy,High,0,Low,2,197.7,0,0.0,Low,2,Low,270.21,High,,472.07,,999.0,,346.07,232.1,Zone V,50,Steep (15-30°),Medium,Deep (15-30m),Good,218719,2,69,4,5,78.91,National Park,186.98,156.75,476.49,294.23,100.24,,999.0,Yes,Medium,62.55,,0,0
12.5,76.0,30.6,42.0,27.4,6.4,1.24,24.5,21.7,210.0,186.0,Medium,Medium,68.28,Medium-Deep (5-12m) — Low-Medium Risk,Medium,Simple Strip Footing,25.15,9.17,30.72,56.83,11.84,11.21,79.34,0.0,2.07,Tropical Coastal,Low,SW Monsoon Heavy,High,0,Low,2,204.8,0,0.0,Low,2,Low,257.83,High,,418.35,,999.0,,326.15,179.17,Zone V,50,Steep (15-30°),Medium,Deep (15-30m),Good,170179,3,70,4,56,45.79,National Park,150.11,118.02,423.38,267.81,48.8,,999.0,Yes,High,63.05,,0,0
12.5,76.5,29.5,43.2,27.3,7.2,1.37,30.0,20.7,183.0,205.5,Medium,Medium,72.6,Medium-Deep (5-12m) — Low-Medium Risk,Low,Simple Strip Footing,25.15,9.17,30.72,56.83,11.84,11.21,79.34,0.0,2.07,Tropical Coastal,Low,SW Monsoon Heavy,High,0,Low,2,204.8,0,0.0,Low,2,Low,256.68,High,,364.8,,999.0,,314.32,127.34,Zone V,50,Steep (15-30°),Medium,Deep (15-30m),Good,1080513,1,68,3,66,62.18,National Park,126.59,95.91,369.1,250.63,24.75,,999.0,Yes,Medium,65.55,,0,0
12.5,78.0,32.4,42.7,24.9,6.5,1.37,28.7,20.8,194.0,205.5,Medium,Medium,67.87,Medium-Deep (5-12m) — Low-Medium Risk,Low,Simple Strip Footing,26.9,9.47,32.95,31.83,5.35,13.6,74.69,0.0,2.03,Tropical Coastal,Medium,Normal Monsoon,Low,20,Low,2,194.4,0,0.0,Low,2,Low,178.37,Low,,206.69,,999.0,,228.3,62.14,Zone II,39,Moderate (5-15°),Low,Medium-Deep (5-15m),Moderate,129744,0,58,2,96,141.19,Tiger Reserve,178.89,125.74,206.26,261.21,175.18,,999.0,No,High,73.3,,0,0
12.5,79.0,30.3,38.2,31.5,7.0,1.36,33.6,33.9,292.0,204.0,Medium,Low,59.14,Medium-Deep (5-12m) — Low-Medium Risk,Low,Simple Strip Footing,28.21,10.91,32.92,32.58,5.3,13.64,75.16,0.0,2.01,Tropical Coastal,Medium,Normal Monsoon,Low,20,Low,2,186.6,1,5.2,Medium,2,Low,157.19,Low,,109.59,,999.0,,212.37,117.07,Zone II,39,Gentle (2-5°),Low,Medium-Deep (5-15m),Moderate,58549,1,72,3,28,141.52,National Park,268.77,210.21,97.7,161.0,276.55,,999.0,No,Medium,78.05,,0,0
13.0,75.5,31.5,46.3,22.2,5.4,1.14,22.6,42.2,297.0,171.0,Medium,Medium,77.95,Medium-Deep (5-12m) — Low-Medium Risk,High,Simple Strip Footing,25.37,10.2,29.5,101.04,24.49,7.29,84.52,0.0,1.98,Tropical Wet & Dry,Low,SW Monsoon Heavy,High,0,Low,2,201.2,0,0.0,Low,2,Low,323.31,High,,482.64,,999.0,,296.97,227.84,Zone V,50,Steep (15-30°),Medium,Deep (15-30m),Good,97905,1,75,3,15,56.64,Tiger Reserve,227.19,195.29,480.41,341.78,124.87,,999.0,Yes,High,60.3,,0,0
13.0,76.0,33.4,37.1,29.5,6.4,1.3,27.0,20.7,189.0,195.0,Medium,Low,52.67,Medium-Deep (5-12m) — Low-Medium Risk,Medium,Simple Strip Footing,24.95,8.52,31.15,50.21,10.2,12.01,77.7,0.0,2.07,Tropical Coastal,Low,SW Monsoon Heavy,High,0,Low,2,206.4,0,0.0,Low,2,Low,313.06,High,,430.34,,999.0,,273.54,173.74,Zone V,50,Steep (15-30°),Medium,Deep (15-30m),Good,66445,1,70,2,68,70.47,Tiger Reserve,198.02,165.89,426.6,319.36,89.12,,999.0,Yes,High,69.05,,0,0
13.0,76.5,27.1,46.8,26.2,6.9,1.35,23.2,20.6,144.0,202.5,Medium,Medium,84.48,Medium-Deep (5-12m) — Low-Medium Risk,Low,Simple Strip Footing,24.95,8.52,31.15,50.21,10.2,12.01,77.7,0.0,2.07,Tropical Coastal,Low,SW Monsoon Heavy,High,0,Low,2,206.4,0,0.0,Low,2,Low,312.11,High,,378.61,,999.0,,259.36,119.72,Zone V,50,Steep (15-30°),Medium,Deep (15-30m),Good,30840,0,74,0,83,109.09,National Park,180.87,150.99,372.9,305.12,78.59,,999.0,Yes,Medium,66.3,,0,0
13.0,78.0,28.1,52.7,19.2,6.7,1.37,21.6,19.7,120.0,205.5,Medium,Medium,98.03,Medium-Deep (5-12m) — Low-Medium Risk,Low,Simple Strip Footing,25.81,8.38,32.53,31.06,5.05,14.69,74.93,0.0,2.03,Tropical Coastal,Medium,Normal Monsoon,Low,10,Low,2,201.0,0,0.0,Low,2,Low,228.48,Low,,230.56,,999.0,,178.05,44.75,Zone II,39,Gentle (2-5°),Low,Medium-Deep (5-15m),Moderate,713374,0,66,1,90,188.09,Tiger Reserve,220.59,173.25,213.43,250.08,190.24,,999.0,No,Medium,76.55,,0,0
13.5,75.5,30.8,40.5,28.8,5.6,1.15,27.7,30.9,325.0,172.5,Medium,Medium,64.29,Medium-Deep (5-12m) — Low-Medium Risk,Medium,Simple Strip Footing,24.41,8.83,30.2,87.14,21.01,8.76,84.02,0.0,1.98,Tropical Wet & Dry,Medium,SW Monsoon Heavy,High,0,Low,2,208.0,0,0.0,Low,2,Low,287.72,High,,499.2,,999.0,,250.59,236.93,Zone V,50,Steep (15-30°),Medium,Deep (15-30m),Good,129669,1,72,0,85,10.81,Tiger Reserve,272.85,240.61,489.5,391.46,165.29,,999.0,Yes,High,57.55,,0,0
13.5,78.0,24.5,54.9,20.6,6.8,1.4,19.5,20.4,146.0,210.0,Low,Medium,107.85,Medium-Deep (5-12m) — Low-Medium Risk,Low,Simple Strip Footing,25.98,9.13,31.31,28.88,4.85,15.3,73.15,0.0,2.03,Tropical Coastal,Medium,Normal Monsoon,Low,10,Low,2,199.8,0,0.0,Low,2,Low,280.66,Low,,255.07,,999.0,,132.17,79.54,Zone II,39,Gentle (2-5°),Low,Medium-Deep (5-15m),Moderate,117838,4,67,3,33,238.74,Tiger Reserve,267.4,224.52,233.96,251.06,218.81,,999.0,No,Medium,79.05,,0,0
13.5,77.5,20.8,65.6,13.6,6.4,1.36,14.8,21.5,131.0,204.0,Low,High,139.04,Medium-Deep (5-12m) — Low-Medium Risk,Medium,Pile Foundation (Deep),26.03,8.89,31.53,28.36,4.84,14.81,71.75,0.0,2.09,Tropical Coastal,Low,Normal Monsoon,Low,10,Low,2,199.2,0,0.0,Low,2,Low,287.72,Low,,306.42,,999.0,,172.32,67.59,Zone II,39,Gentle (2-5°),Low,Medium-Deep (5-15m),Moderate,327234,3,70,4,62,205.43,Tiger Reserve,245.57,212.38,282.8,304.76,178.94,,999.0,Yes,Medium,73.3,,0,0
13.5,80.0,31.6,35.8,32.6,6.9,1.36,22.3,50.7,229.0,204.0,Medium,Low,51.58,Shallow (1-3m) — High Risk,Low,Simple Strip Footing,30.29,17.27,25.93,42.06,9.16,21.9,77.07,0.0,1.95,Tropical Coastal,High,Normal Monsoon,Low,20,Low,2,174.4,1,5.2,Medium,2,High,297.01,Low,Low,64.38,Low,64.38,,163.66,15.51,Zone VI,55,Flat-Coastal (<2°),Low,Shallow (0-3m),Poor,61719,0,70,4,28,59.66,National Park,418.61,361.26,21.62,46.54,412.37,Low,234.52,No,Medium,57.4,,0,0
13.5,79.5,36.6,36.6,26.8,7.1,1.34,26.1,34.4,223.0,201.0,Medium,Low,47.58,Medium-Deep (5-12m) — Low-Medium Risk,Low,Simple Strip Footing,28.84,11.97,32.69,35.02,6.3,16.16,75.05,0.0,1.97,Tropical Coastal,High,Normal Monsoon,Low,20,Low,2,183.0,1,5.2,Medium,2,Low,277.49,Low,,102.9,,102.9,,125.38,65.83,Zone VI,55,Gentle (2-5°),Low,Medium-Deep (5-15m),Poor,199616,0,61,7,48,93.97,National Park,374.78,318.82,75.69,92.76,361.52,Low,235.77,No,Medium,68.1,,0,0
14.0,76.5,27.8,50.8,21.4,6.9,1.37,33.0,23.5,166.0,205.5,Medium,Medium,93.64,Medium-Deep (5-12m) — Low-Medium Risk,Low,Simple Strip Footing,26.63,9.0,32.15,30.64,5.05,14.37,71.7,0.0,2.06,Tropical Coastal,Low,SW Monsoon Heavy,High,10,Low,2,195.6,0,0.0,Low,2,Low,211.27,High,,392.84,,999.0,,150.82,170.62,Zone II,39,Steep (15-30°),Medium,Deep (15-30m),Good,13799,3,67,4,75,111.98,Tiger Reserve,290.93,261.81,403.47,414.99,189.34,,999.0,Yes,Medium,66.8,,0,0
14.0,78.5,34.4,41.3,24.3,7.1,1.4,27.2,27.3,123.0,210.0,Medium,Medium,61.97,Medium-Deep (5-12m) — Low-Medium Risk,Low,Simple Strip Footing,28.46,11.19,31.89,26.74,4.43,16.77,70.38,0.0,1.99,Tropical Coastal,Medium,Normal Monsoon,Low,20,Low,2,184.9,0,0.0,Low,2,Low,301.32,Low,,196.06,,999.0,,54.99,156.31,Zone II,39,Gentle (2-5°),Low,Medium-Deep (5-15m),Moderate,7799,0,50,0,93,214.82,National Park,342.9,296.89,191.85,213.91,295.69,,999.0,No,Medium,73.3,,0,0
14.5,74.5,28.2,43.0,28.9,5.6,1.22,23.1,29.9,306.0,183.0,Medium,Medium,73.66,Medium-Deep (5-12m) — Low-Medium Risk,Medium,Simple Strip Footing,28.62,15.81,20.08,101.78,26.15,11.01,83.82,0.0,1.97,Tropical Wet & Dry,High,SW Monsoon Heavy,High,0,Low,2,181.0,0,0.0,Low,2,Low,265.12,High,,594.01,,999.0,,272.8,379.21,Zone II,39,Steep (15-30°),Medium,Deep (15-30m),Good,115581,1,64,1,34,162.63,Tiger Reserve,425.35,393.25,624.74,540.17,319.49,,999.0,Yes,Medium,62.05,,0,0
14.5,75.5,34.0,33.7,32.3,7.1,1.41,34.6,20.5,163.0,211.5,Medium,Low,43.45,Medium-Deep (5-12m) — Low-Medium Risk,Low,Simple Strip Footing,27.01,9.21,32.99,48.35,10.46,13.84,73.53,0.0,2.03,Tropical Wet & Dry,Medium,SW Monsoon Heavy,High,20,Low,2,193.7,0,0.0,Low,2,Low,189.07,High,,487.06,,999.0,,174.77,288.3,Zone II,39,Steep (15-30°),Medium,Deep (15-30m),Good,12136,2,75,2,83,111.72,Tiger Reserve,372.37,340.5,519.12,494.6,263.29,,999.0,Yes,High,68.3,,0,0
14.5,76.0,33.7,43.0,23.3,7.0,1.41,30.1,19.3,147.0,211.5,Medium,Medium,67.06,Medium-Deep (5-12m) — Low-Medium Risk,Low,Simple Strip Footing,27.26,9.23,32.37,24.88,3.86,15.89,69.34,0.0,2.06,Tropical Coastal,Medium,SW Monsoon Heavy,High,10,Low,2,191.3,0,0.0,Low,2,Low,164.66,High,,433.69,,999.0,,131.4,248.05,Zone II,39,Steep (15-30°),Medium,Deep (15-30m),Good,36191,3,84,3,83,119.28,Tiger Reserve,355.44,324.63,466.58,479.47,248.43,,999.0,Yes,High,61.55,,0,0
14.5,76.5,34.4,40.8,24.8,7.0,1.5,38.3,22.4,161.0,225.0,Medium,Medium,60.72,Medium-Deep (5-12m) — Low-Medium Risk,Low,Simple Strip Footing,27.26,9.23,32.37,24.88,3.86,15.89,69.34,0.0,2.06,Tropical Coastal,Low,SW Monsoon Heavy,High,10,Low,2,191.3,0,0.0,Low,2,Low,155.67,High,,380.44,,999.0,,98.8,213.95,Zone II,39,Steep (15-30°),Medium,Deep (15-30m),Good,13009,2,76,7,55,147.62,Tiger Reserve,346.23,317.32,414.39,434.96,244.87,,999.0,Yes,High,64.8,,0,0
14.5,77.5,31.4,43.7,25.0,7.1,1.52,30.2,18.4,127.0,228.0,Medium,Medium,71.57,Medium-Deep (5-12m) — Low-Medium Risk,Low,Simple Strip Footing,28.9,10.85,32.68,21.94,4.4,15.58,65.71,0.0,2.07,Tropical Coastal,Low,Normal Monsoon,Low,20,Low,2,180.8,0,0.0,Low,2,Low,189.07,Low,,274.51,,999.0,,109.86,178.24,Zone II,39,Gentle (2-5°),Low,Medium-Deep (5-15m),Moderate,15453,0,58,2,89,233.21,Tiger Reserve,352.95,323.19,311.8,335.07,272.03,,999.0,Yes,High,73.55,,0,0
14.5,78.0,29.7,48.2,22.2,6.8,1.37,24.9,25.8,148.0,205.5,Medium,Medium,84.86,Medium-Deep (5-12m) — Low-Medium Risk,Low,Simple Strip Footing,29.63,11.38,33.4,23.71,4.63,15.02,66.06,0.0,1.99,Tropical Coastal,Medium,Normal Monsoon,Low,20,Low,2,177.2,0,0.0,Low,2,Low,223.92,Low,,222.13,,999.0,,86.86,183.08,Zone II,39,Gentle (2-5°),Low,Medium-Deep (5-15m),Moderate,1966,1,52,0,96,281.8,Tiger Reserve,368.41,331.26,262.11,287.32,299.65,,999.0,No,Medium,73.3,,0,0
14.5,79.0,33.9,37.9,28.2,6.8,1.38,23.4,29.8,222.0,207.0,Medium,Low,54.07,Medium-Deep (5-12m) — Low-Medium Risk,Low,Simple Strip Footing,29.92,12.33,33.66,26.71,4.66,14.78,68.52,0.0,1.94,Tropical Coastal,Medium,Normal Monsoon,Low,40,Low,2,176.5,0,0.0,Low,2,Low,280.79,Low,,121.05,,999.0,Medium,24.24,170.45,Zone II,39,Gentle (2-5°),Low,Medium-Deep (5-15m),Moderate,44853,2,59,10,9,211.23,National Park,419.1,371.33,170.66,201.48,372.73,,999.0,No,Medium,75.3,,0,0
14.5,79.5,33.6,40.2,26.2,7.5,1.38,25.9,45.1,179.0,207.0,Medium,Medium,60.18,Medium-Deep (5-12m) — Low-Medium Risk,Low,Simple Strip Footing,30.06,12.36,34.19,31.49,6.72,15.13,71.77,0.0,1.94,Tropical Coastal,Medium,Normal Monsoon,Low,40,Low,2,176.2,0,0.0,Low,2,Low,251.69,Low,Low,77.34,,123.48,,76.19,138.39,Zone VI,55,Gentle (2-5°),Low,Medium-Deep (5-15m),Moderate,978,4,59,9,8,183.13,National Park,452.11,400.95,134.42,168.39,415.05,Low,346.23,No,Medium,63.85,,0,0
14.5,80.0,33.0,33.1,33.8,6.9,1.38,25.2,39.5,267.0,207.0,Medium,Low,43.15,Shallow (1-3m) — High Risk,Low,Simple Strip Footing,30.73,17.64,25.48,35.64,8.1,16.67,75.43,0.0,1.94,Tropical Coastal,Medium,Normal Monsoon,Low,20,Low,2,172.3,0,0.0,Low,2,High,231.5,Low,Low,55.6,,111.19,,129.69,122.79,Zone VI,55,Flat-Coastal (<2°),Low,Shallow (0-3m),Poor,1875,10,73,0,8,168.19,National Park,488.91,435.32,113.27,148.14,459.84,Low,345.38,No,Medium,65.35,,0,0
15.0,75.0,36.3,37.7,26.0,6.3,1.39,29.2,19.0,140.0,208.5,Medium,Low,50.69,Medium-Deep (5-12m) — Low-Medium Risk,Medium,Simple Strip Footing,27.01,9.68,32.49,49.35,10.79,9.3,75.36,0.0,1.95,Tropical Wet & Dry,High,Normal Monsoon,Low,20,Low,2,193.7,0,0.0,Low,2,Low,189.37,Low,,537.02,,999.0,,206.64,365.02,Zone II,39,Gentle (2-5°),Low,Medium-Deep (5-15m),Poor,27480,5,72,1,57,178.89,Tiger Reserve,445.19,413.06,584.69,565.85,336.18,,999.0,Yes,High,72.05,,0,0
15.0,75.5,36.7,31.3,32.0,7.8,1.44,42.7,20.5,145.0,216.0,Medium,Low,34.21,Medium-Deep (5-12m) — Low-Medium Risk,Low,Simple Strip Footing,27.62,9.62,32.51,28.37,4.57,14.93,69.17,0.0,1.95,Tropical Wet & Dry,Medium,Normal Monsoon,Low,20,Low,2,189.2,0,0.0,Low,2,Low,146.63,Low,,483.32,,999.0,,153.92,325.39,Zone II,39,Gentle (2-5°),Low,Medium-Deep (5-15m),Poor,18231,0,66,1,88,167.14,Tiger Reserve,424.31,392.73,533.27,547.35,315.58,,999.0,Yes,High,77.05,,0,0
15.0,76.0,34.6,31.3,34.1,7.8,1.45,41.7,21.0,164.0,217.5,Medium,Low,36.73,Medium-Deep (5-12m) — Low-Medium Risk,Low,Simple Strip Footing,27.79,10.17,31.24,22.5,3.88,16.33,67.6,0.0,1.98,Tropical Coastal,Medium,Normal Monsoon,Low,10,Low,2,187.7,0,0.0,Low,2,Low,113.52,Low,,429.62,,999.0,,102.19,290.41,Zone II,39,Gentle (2-5°),Low,Medium-Deep (5-15m),Moderate,80691,0,68,1,91,172.27,Tiger Reserve,409.56,379.08,482.38,505.06,303.32,,999.0,Yes,High,77.55,,0,0
15.0,76.5,33.1,41.9,25.0,7.2,1.45,37.2,19.5,203.0,217.5,Medium,Medium,65.03,Medium-Deep (5-12m) — Low-Medium Risk,Low,Simple Strip Footing,27.79,10.17,31.24,22.5,3.88,16.33,67.6,0.0,1.98,Tropical Coastal,Medium,Normal Monsoon,Low,10,Low,2,187.7,0,0.0,Low,2,Low,100.08,Low,,375.92,,999.0,,54.37,261.95,Zone II,39,Gentle (2-5°),Low,Medium-Deep (5-15m),Moderate,146170,0,84,2,40,192.94,Tiger Reserve,401.62,372.86,432.22,456.05,300.42,,999.0,Yes,High,72.3,,0,0
15.0,77.5,28.4,51.7,19.9,7.1,1.53,21.4,17.1,111.0,229.5,Medium,Medium,95.17,Medium-Deep (5-12m) — Low-Medium Risk,Low,Simple Strip Footing,29.25,10.71,33.54,21.59,4.55,16.1,65.05,0.0,1.99,Tropical Coastal,Low,Normal Monsoon,Low,20,Low,2,178.7,0,0.0,Low,2,Low,146.63,Low,,268.51,,999.0,,72.53,233.76,Zone II,39,Gentle (2-5°),Low,Medium-Deep (5-15m),Moderate,2807,1,53,1,99,264.1,Tiger Reserve,407.41,378.68,335.39,362.26,322.89,,999.0,Yes,Medium,74.3,,0,0
15.0,79.0,36.3,38.9,24.8,6.9,1.38,22.3,32.1,137.0,207.0,Medium,Low,53.69,Medium-Deep (5-12m) — Low-Medium Risk,Low,Simple Strip Footing,29.81,11.28,35.17,26.29,4.63,14.66,69.28,0.0,1.87,Tropical Coastal,Medium,Normal Monsoon,Low,40,Low,2,177.3,0,0.0,Low,2,Low,239.04,Low,,107.41,,999.0,,70.1,213.8,Zone II,39,Gentle (2-5°),Low,Medium-Deep (5-15m),Poor,21760,5,70,10,23,257.33,National Park,465.77,420.43,211.06,244.36,411.15,,999.0,No,Medium,75.3,,0,0
15.0,79.5,31.3,40.7,28.0,7.3,1.41,29.0,39.2,169.0,211.5,Medium,Medium,64.19,Medium-Deep (5-12m) — Low-Medium Risk,Low,Simple Strip Footing,29.93,11.13,35.82,29.17,5.94,14.14,72.38,0.0,1.87,Tropical Coastal,Medium,Normal Monsoon,Low,40,Low,2,177.0,1,4.5,Medium,2,Low,204.15,Low,Low,53.7,Low,77.25,,100.6,189.3,Zone II,39,Gentle (2-5°),Low,Medium-Deep (5-15m),Moderate,656,2,58,5,94,234.86,National Park,495.62,446.75,183.06,217.95,449.79,Low,401.62,No,Medium,67.1,,0,0
15.0,80.0,28.2,36.8,35.0,7.1,,28.5,46.8,196.0,,Medium,Unknown,58.16,Shallow (1-3m) — High Risk,Low,Isolated Footing,30.63,16.77,26.62,32.7,7.23,14.28,76.3,0.0,1.85,Tropical Coastal,Medium,Normal Monsoon,Low,20,Low,2,172.7,1,4.5,Medium,2,High,178.72,Low,High,0.0,Low,55.6,,145.29,178.24,Zone II,39,Flat-Coastal (<2°),Low,Shallow (0-3m),Poor,1006,2,56,0,92,223.43,National Park,529.34,462.11,168.18,202.75,491.34,Low,400.89,No,Low,55.55,,0,0
15.5,75.0,31.1,38.3,30.6,7.0,1.39,33.6,16.5,122.0,208.5,Medium,Low,58.43,Deep (10-20m) — Low Risk,Low,Simple Strip Footing,26.92,8.67,33.5,37.69,7.85,14.3,71.41,0.0,1.95,Tropical Wet & Dry,High,Normal Monsoon,Low,20,Medium,2,193.9,3,4.5,Medium,3,Low,166.62,Low,,539.26,,999.0,,204.89,402.64,Zone II,39,Gentle (2-5°),Low,Deep (10-25m),Moderate,135249,4,82,7,45,231.58,Tiger Reserve,495.7,463.75,602.31,617.48,386.57,,999.0,Yes,High,70.05,,0,0
15.5,79.0,32.1,39.3,28.6,6.9,1.27,25.8,33.4,164.0,190.5,Medium,Low,59.73,Deep (10-20m) — Low Risk,Low,Simple Strip Footing,29.35,11.02,35.09,26.94,5.05,15.47,69.75,0.0,1.87,Tropical Coastal,Medium,Normal Monsoon,Low,40,Medium,2,179.8,1,4.5,Medium,3,Low,203.99,Low,,120.83,,999.0,,124.19,217.89,Zone II,39,Gentle (2-5°),Low,Deep (10-25m),Moderate,3370,1,48,4,56,306.59,National Park,514.22,470.97,257.18,291.58,453.15,,999.0,No,Medium,70.3,,0,0
15.5,80.0,34.9,32.9,32.2,7.2,1.39,28.7,40.6,211.0,208.5,Medium,Low,40.37,Shallow (1-3m) — High Risk,Low,Simple Strip Footing,30.69,14.39,30.35,31.0,6.29,14.01,74.8,0.0,1.85,Tropical Coastal,Medium,Normal Monsoon,Low,20,Low,2,172.7,1,4.5,Medium,2,High,128.36,Low,Low,55.6,High,0.0,,177.71,233.76,Zone II,39,Flat-Coastal (<2°),Low,Shallow (0-3m),Poor,5002,2,64,0,90,278.82,National Park,572.31,423.43,223.43,257.78,526.84,Low,456.41,No,Medium,65.6,,0,0
15.5,78.5,29.9,41.6,28.5,6.9,1.47,18.0,18.9,162.0,220.5,Medium,Medium,68.12,Deep (10-20m) — Low Risk,Low,Simple Strip Footing,29.35,11.02,35.09,26.94,5.05,15.47,69.75,0.0,1.89,Tropical Coastal,Low,Normal Monsoon,Low,40,Medium,2,179.8,1,4.5,Medium,3,Low,218.66,Low,,170.25,,999.0,,126.49,211.27,Zone II,39,Gentle (2-5°),Low,Deep (10-25m),Moderate,25709,0,51,1,34,332.92,National Park,491.56,452.64,288.0,320.94,421.87,,999.0,No,Low,68.0,,0,0
16.0,74.0,34.0,37.1,28.9,5.6,1.22,21.2,38.3,318.0,183.0,Medium,Low,51.95,Medium-Deep (5-12m) — Low-Medium Risk,Medium,Simple Strip Footing,28.95,14.81,26.65,85.63,22.96,14.63,78.23,0.0,1.9,Tropical Wet & Dry,High,Normal Monsoon,Low,10,Medium,2,181.7,31,5.2,Medium,3,Low,267.51,Low,,652.42,,999.0,,320.11,363.89,Zone II,39,Gentle (2-5°),Low,Medium-Deep (5-15m),Moderate,112632,1,83,4,44,326.91,Tiger Reserve,594.2,561.95,699.48,659.76,486.01,,999.0,Yes,High,70.3,,0,0
16.0,75.0,31.2,45.4,23.3,7.0,1.39,34.3,16.9,134.0,208.5,Medium,Medium,76.06,Deep (10-20m) — Low Risk,Low,Simple Strip Footing,27.31,9.11,33.42,28.17,5.63,17.08,67.08,0.0,1.95,Tropical Wet & Dry,High,Normal Monsoon,Low,20,Medium,2,190.1,27,5.2,Medium,3,Low,160.76,Low,,547.15,,999.0,,217.82,403.95,Zone II,39,Gentle (2-5°),Low,Deep (10-25m),Moderate,4980,0,51,1,69,285.37,Tiger Reserve,547.19,515.45,624.39,649.68,438.23,,999.0,Yes,High,63.55,,0,0
16.0,76.0,28.1,41.1,30.9,7.6,1.51,42.4,18.0,137.0,226.5,Medium,Medium,69.03,Deep (10-20m) — Low Risk,Low,Simple Strip Footing,28.68,9.86,33.94,20.43,3.98,16.33,61.76,0.0,1.97,Tropical Coastal,Medium,Normal Monsoon,Low,20,Medium,2,179.5,2,4.5,Medium,3,Low,54.6,Low,,442.78,,999.0,,123.87,308.42,Zone II,39,Gentle (2-5°),Low,Deep (10-25m),Moderate,40120,4,55,1,99,281.29,Tiger Reserve,518.74,488.76,530.28,557.65,413.67,,999.0,Yes,Medium,66.05,,0,0
16.0,76.5,27.7,46.6,25.7,7.2,,28.7,30.0,138.0,,Medium,Unknown,83.26,Deep (10-20m) — Low Risk,Low,Isolated Footing,28.68,9.86,33.94,20.43,3.98,16.33,61.76,0.0,1.97,Tropical Coastal,Medium,Normal Monsoon,Low,20,Medium,2,179.5,2,4.5,Medium,3,Medium,11.12,Low,,391.16,,999.0,,88.84,263.83,Zone II,39,Gentle (2-5°),Low,Deep (10-25m),Moderate,3221,0,77,0,87,294.35,Tiger Reserve,512.52,483.97,485.32,513.9,411.56,,999.0,Yes,Medium,59.05,,0,0
16.0,77.5,35.5,34.2,30.3,6.9,1.43,26.6,35.3,198.0,214.5,Medium,Low,42.9,Deep (10-20m) — Low Risk,Low,Simple Strip Footing,29.63,9.91,35.17,24.06,5.03,15.51,63.12,0.0,1.95,Tropical Coastal,Low,Normal Monsoon,Low,40,Medium,2,175.6,1,4.3,Low,3,Low,107.49,Low,,290.03,,999.0,,100.92,188.62,Zone II,39,Gentle (2-5°),Low,Deep (10-25m),Poor,44230,1,76,5,75,344.98,Tiger Reserve,517.05,489.73,401.94,433.23,428.17,,999.0,Yes,High,71.8,,0,0
16.0,78.0,38.9,29.4,31.7,7.5,1.39,31.6,40.6,126.0,208.5,Medium,Low,26.82,Deep (10-20m) — Low Risk,Low,Simple Strip Footing,29.62,10.69,34.81,26.07,5.24,14.84,65.23,0.0,1.88,Tropical Coastal,Low,Normal Monsoon,Low,40,Medium,2,176.8,1,4.3,Low,3,Low,160.76,Low,,241.43,,999.0,,141.17,164.53,Zone II,39,Gentle (2-5°),Low,Deep (10-25m),Poor,4345,1,62,1,96,379.3,Tiger Reserve,527.66,495.06,365.01,397.71,446.11,,999.0,No,High,75.3,,0,0
16.0,78.5,30.7,41.4,28.0,6.6,1.46,17.1,20.2,171.0,219.0,Medium,Medium,66.66,Deep (10-20m) — Low Risk,Low,Simple Strip Footing,28.67,10.23,34.86,26.85,5.14,15.07,69.56,0.0,1.88,Tropical Coastal,Low,Normal Monsoon,Low,40,Medium,2,183.5,1,4.5,Medium,3,Low,214.12,Low,,195.44,,999.0,,180.8,155.67,Zone II,39,Gentle (2-5°),Low,Deep (10-25m),Moderate,44600,1,61,18,56,380.48,National Park,543.45,506.12,332.7,366.66,469.59,,999.0,No,Medium,67.55,,0,0
16.0,79.5,35.0,38.8,26.2,7.1,,26.8,21.9,125.0,,Medium,Unknown,55.0,Deep (10-20m) — Low Risk,Low,Isolated Footing,29.6,10.26,36.14,27.03,4.65,14.83,70.95,0.0,1.86,Tropical Coastal,Medium,Normal Monsoon,Low,40,Medium,2,178.7,1,4.5,Medium,3,Low,129.92,Low,,123.43,Low,77.16,,193.12,188.62,Zone II,39,Gentle (2-5°),Low,Deep (10-25m),Moderate,3052,1,77,2,51,341.99,National Park,588.77,433.53,288.0,323.02,530.04,Low,512.52,No,Medium,60.6,,0,0
16.0,80.0,29.7,41.8,28.5,6.7,1.41,23.3,20.2,159.0,211.5,Medium,Medium,68.86,Shallow (1-3m) — High Risk,Low,Simple Strip Footing,30.48,11.81,35.67,30.72,5.46,13.75,73.38,0.0,1.82,Tropical Coastal,Medium,Normal Monsoon,Low,40,Low,2,174.0,1,4.5,Medium,2,High,84.82,Low,,111.19,Low,55.6,,219.62,223.06,Zone II,39,Flat-Coastal (<2°),Low,Shallow (0-3m),Poor,2752,0,49,0,83,334.28,National Park,617.3,388.86,278.82,313.01,565.57,Low,511.95,No,Low,62.55,,0,0
16.0,80.5,28.0,34.8,37.2,6.7,1.36,24.7,29.3,193.0,204.0,Medium,Low,53.4,Shallow (1-3m) — High Risk,Low,Simple Strip Footing,30.54,13.93,31.6,36.0,6.55,13.44,77.08,0.0,1.82,Tropical Coastal,High,NE Monsoon,Medium,40,Low,2,173.0,1,4.5,Medium,2,High,56.61,Medium,,123.43,Low,77.16,,254.81,263.83,Zone IV,47,Flat-Coastal (<2°),Low,Shallow (0-3m),Poor,5121,0,76,0,37,335.14,National Park,649.07,346.58,279.85,312.09,603.82,Low,517.05,No,Low,59.55,,0,0
16.0,94.5,30.1,27.8,42.1,6.1,1.22,28.9,45.5,292.0,183.0,Medium,Low,33.38,Shallow (1-3m) — High Risk,Medium,Simple Strip Footing,30.14,18.66,16.94,38.75,7.25,20.78,80.54,0.0,1.91,Tropical Coastal,Low,Normal Monsoon,Low,0,Low,2,173.8,100,5.2,High,2,High,1144.66,Low,,526.43,,917.89,,1131.62,973.52,Zone IV,47,Flat-Coastal (<2°),Low,Shallow (0-3m),Poor,1439,4,78,1,91,874.39,Tiger Reserve,896.54,1205.34,947.97,473.29,859.22,Low,473.29,No,Medium,65.1,,0,0
16.0,95.5,30.8,25.4,43.8,6.2,1.23,24.4,34.0,295.0,184.5,Medium,Low,26.54,Shallow (1-3m) — High Risk,Medium,Simple Strip Footing,30.31,16.75,23.34,48.0,10.56,20.43,79.01,0.0,1.94,Tropical Coastal,Low,Normal Monsoon,Low,10,Low,2,173.6,100,5.6,High,2,High,1208.07,Low,,575.1,,992.98,,1218.04,1045.4,Zone IV,47,Flat-Coastal (<2°),Low,Shallow (0-3m),Poor,701,5,56,0,92,947.15,Tiger Reserve,969.87,1218.55,961.61,520.14,932.02,Low,520.14,No,Medium,63.85,,0,0
16.5,77.0,37.4,32.8,29.8,7.4,1.42,30.6,32.8,122.0,213.0,Medium,Low,37.12,Deep (10-20m) — Low Risk,Low,Simple Strip Footing,29.53,9.65,35.19,23.23,4.97,16.3,60.4,0.0,1.95,Tropical Coastal,Low,Normal Monsoon,Low,20,Medium,2,174.2,5,4.5,Medium,3,Low,85.45,Low,,361.79,,999.0,,133.86,188.33,Zone II,39,Gentle (2-5°),Low,Deep (10-25m),Poor,4910,3,70,1,95,365.9,Tiger Reserve,567.5,540.61,478.93,510.3,471.47,,999.0,Yes,High,71.8,,0,0
16.5,78.0,31.2,39.0,29.8,6.8,1.55,24.5,12.6,143.0,232.5,Medium,Low,60.06,Deep (10-20m) — Low Risk,Low,Simple Strip Footing,28.87,9.74,34.85,26.23,5.14,18.51,65.27,0.0,1.88,Tropical Coastal,Low,Normal Monsoon,Low,20,Medium,2,180.8,1,4.3,Low,3,Low,173.51,Low,,271.35,,999.0,,177.88,113.33,Zone II,39,Gentle (2-5°),Low,Deep (10-25m),Moderate,4925,5,73,4,79,421.55,Tiger Reserve,581.68,550.06,408.78,442.42,497.78,,999.0,No,High,77.05,,0,0
16.5,79.0,26.4,45.6,27.9,6.8,1.38,21.4,24.3,172.0,207.0,Medium,Medium,82.32,Deep (10-20m) — Low Risk,Low,Simple Strip Footing,28.82,10.06,34.89,26.23,4.95,14.03,67.71,0.0,1.86,Tropical Coastal,Medium,Normal Monsoon,Low,20,Medium,2,182.1,1,4.5,Medium,3,Low,170.58,Low,,198.17,,999.0,,234.49,113.33,Zone II,39,Gentle (2-5°),Low,Deep (10-25m),Moderate,72878,3,72,14,61,410.01,National Park,613.82,456.32,357.61,392.64,544.5,,999.0,No,Low,70.0,,0,0
16.5,79.5,29.4,44.7,25.9,6.7,1.45,21.3,21.3,151.0,217.5,Medium,Medium,76.47,Deep (10-20m) — Low Risk,Low,Simple Strip Footing,30.07,10.34,36.18,26.69,4.76,15.28,68.73,0.0,1.86,Tropical Coastal,Medium,Normal Monsoon,Low,40,Medium,2,175.8,1,4.5,Medium,3,Low,117.28,Low,,175.17,,123.37,,245.26,146.04,Zone II,39,Gentle (2-5°),Low,Deep (10-25m),Moderate,992,1,72,2,84,396.39,National Park,611.57,407.37,341.95,376.88,574.04,Low,568.02,No,Low,65.05,,0,0
16.5,80.0,27.5,42.8,29.6,6.5,1.4,24.1,24.8,185.0,210.0,Medium,Medium,74.0,Shallow (1-3m) — High Risk,Low,Simple Strip Footing,30.5,10.59,37.81,30.86,5.28,13.44,71.79,0.0,1.82,Tropical Coastal,Medium,Normal Monsoon,Low,60,Low,2,173.9,1,4.5,Medium,2,High,63.97,Low,,166.79,,111.19,,266.58,188.33,Zone II,39,Flat-Coastal (<2°),Low,Shallow (0-3m),Poor,732,0,61,0,94,389.78,National Park,613.82,359.59,334.28,368.36,606.92,Low,567.5,No,Low,60.3,,0,0
16.5,94.5,28.6,32.9,38.5,5.9,1.34,28.1,33.2,262.0,201.0,Medium,Low,47.93,Shallow (1-3m) — High Risk,Medium,Simple Strip Footing,30.07,16.13,21.03,28.34,5.75,20.74,79.31,0.0,1.91,Tropical Coastal,Low,Normal Monsoon,Low,0,Low,2,174.8,100,5.2,High,2,High,1104.0,Low,,578.39,,877.67,,1098.68,931.7,Zone IV,47,Flat-Coastal (<2°),Low,Shallow (0-3m),Poor,0,0,0,0,0,832.92,Tiger Reserve,855.37,1149.94,892.54,525.83,817.75,Low,525.83,No,Low,66.3,,0,0
16.5,96.0,33.6,28.4,38.0,6.1,1.31,25.2,40.4,279.0,196.5,Medium,Low,30.68,Shallow (1-3m) — High Risk,Medium,Simple Strip Footing,30.25,16.08,24.51,63.32,13.83,21.62,78.17,0.0,1.89,Tropical Coastal,Low,Normal Monsoon,Low,10,Low,2,174.2,100,5.6,High,2,High,1169.21,Low,,650.76,,996.58,,1232.5,1045.63,Zone IV,47,Flat-Coastal (<2°),Low,Shallow (0-3m),Poor,5902,3,63,4,49,948.82,Tiger Reserve,971.92,1173.98,918.53,595.69,933.84,Low,595.69,No,Medium,63.85,,0,0
17.0,73.5,35.2,33.6,31.2,6.3,1.35,24.1,26.5,240.0,202.5,Medium,Low,41.76,Medium-Deep (5-12m) — Low-Medium Risk,Medium,Simple Strip Footing,27.58,10.17,34.02,74.65,20.73,18.34,74.11,0.0,1.77,Tropical Wet & Dry,Medium,Normal Monsoon,Low,20,Medium,2,190.3,31,5.2,Medium,3,Low,342.51,Low,,729.42,,999.0,,409.38,241.97,Zone II,39,Gentle (2-5°),Low,Medium-Deep (5-15m),Poor,31821,0,77,0,65,449.66,Tiger Reserve,717.05,684.81,577.76,536.96,566.88,,999.0,Yes,High,68.3,,0,0
17.0,74.5,36.1,37.7,26.3,7.1,1.44,26.0,16.9,147.0,216.0,Medium,Low,50.93,Deep (10-20m) — Low Risk,Low,Simple Strip Footing,27.0,9.82,33.43,36.31,9.15,18.91,67.8,0.0,1.87,Tropical Wet & Dry,Medium,Normal Monsoon,Low,20,Medium,2,192.2,32,5.2,Medium,3,Low,245.87,Low,,628.49,,999.0,,318.49,288.33,Zone II,39,Gentle (2-5°),Low,Deep (10-25m),Poor,0,0,0,0,0,406.67,Tiger Reserve,670.19,638.36,614.58,599.15,561.14,,999.0,Yes,High,70.05,,0,0
17.0,75.5,32.7,38.8,28.5,7.4,1.44,39.1,13.1,114.0,216.0,Medium,Low,57.76,Deep (10-20m) — Low Risk,Low,Simple Strip Footing,28.75,8.77,35.33,19.63,4.09,17.74,59.22,0.0,1.9,Tropical Wet & Dry,Medium,Normal Monsoon,Low,20,Medium,2,177.0,28,5.2,Medium,3,Low,162.27,Low,,529.88,,999.0,,241.02,321.75,Zone II,39,Gentle (2-5°),Low,Deep (10-25m),Moderate,57643,0,56,0,99,389.33,Tiger Reserve,638.25,607.65,636.86,666.3,531.5,,999.0,Yes,High,71.3,,0,0
17.0,75.0,33.7,41.5,24.8,7.3,1.49,33.8,16.1,123.0,223.5,Medium,Medium,63.31,Deep (10-20m) — Low Risk,Low,Simple Strip Footing,27.94,8.86,34.28,19.58,3.63,18.07,61.55,0.0,1.9,Tropical Wet & Dry,Medium,Normal Monsoon,Low,20,Medium,2,183.1,34,5.2,Medium,3,Low,201.37,Low,,578.82,,999.0,,277.33,322.2,Zone II,39,Gentle (2-5°),Low,Deep (10-25m),Moderate,0,0,0,0,0,394.47,Tiger Reserve,652.2,620.86,638.67,634.5,543.87,,999.0,Yes,High,66.05,,0,0
17.0,76.0,32.4,41.9,25.7,7.4,1.52,34.1,12.7,117.0,228.0,Medium,Medium,65.87,Deep (10-20m) — Low Risk,Low,Simple Strip Footing,29.32,8.71,36.11,22.43,4.98,16.5,58.46,0.0,1.89,Tropical Coastal,Medium,Normal Monsoon,Low,20,Medium,2,173.6,5,4.5,Medium,3,Low,133.43,Low,,481.9,,999.0,,212.07,269.25,Zone II,39,Gentle (2-5°),Low,Deep (10-25m),Moderate,61009,0,59,0,99,391.54,Tiger Reserve,628.63,599.0,595.31,625.73,524.38,,999.0,Yes,High,66.05,,0,0
17.0,77.5,30.1,38.4,31.5,7.0,1.52,34.1,19.8,155.0,228.0,Medium,Low,59.88,Deep (10-20m) — Low Risk,Low,Simple Strip Footing,28.89,9.39,35.31,27.56,5.39,18.61,62.23,0.0,1.88,Tropical Coastal,Low,Normal Monsoon,Low,20,Medium,2,178.8,5,4.5,Medium,3,Low,162.27,Low,,347.64,,999.0,,199.6,115.16,Zone II,39,Gentle (2-5°),Low,Deep (10-25m),Moderate,2398,3,58,0,97,403.22,Tiger Reserve,594.15,593.74,485.11,518.51,535.84,,999.0,Yes,High,73.05,,0,0
17.0,79.0,33.9,36.7,29.4,7.0,1.47,22.5,15.0,120.0,220.5,Medium,Low,51.07,Deep (10-20m) — Low Risk,Low,Simple Strip Footing,28.63,9.11,35.98,26.78,5.34,14.72,66.25,0.0,1.86,Tropical Coastal,Medium,Normal Monsoon,Low,40,Medium,2,182.5,1,4.5,Medium,3,Low,179.2,Low,,246.74,,999.0,,289.9,69.28,Zone II,39,Gentle (2-5°),Low,Deep (10-25m),Moderate,0,0,0,0,0,357.23,Tiger Reserve,558.44,438.51,409.91,444.98,592.71,,999.0,No,Medium,72.3,,0,0
17.0,80.5,29.6,39.4,31.0,6.7,1.39,20.8,24.8,191.0,208.5,Medium,Low,62.98,Shallow (1-3m) — High Risk,Low,Simple Strip Footing,29.89,10.55,37.68,36.98,6.53,11.3,74.73,0.0,1.83,Tropical Coastal,High,NE Monsoon,Medium,60,Low,2,177.1,1,4.5,Medium,2,High,56.61,Medium,,228.72,,175.12,,341.6,217.05,Zone IV,47,Flat-Coastal (<2°),Low,Shallow (0-3m),Poor,1564,1,62,3,81,377.62,Tiger Reserve,565.76,287.49,390.51,423.09,611.57,Low,588.81,No,Low,57.3,,0,0
17.0,82.0,29.4,44.3,26.4,6.5,1.37,23.8,20.7,144.0,205.5,Medium,Medium,75.47,Shallow (1-3m) — High Risk,Low,Simple Strip Footing,29.72,13.37,34.62,41.57,7.1,16.6,79.34,0.0,1.76,Tropical Coastal,High,NE Monsoon,Medium,40,Low,2,176.8,0,0.0,Low,2,High,21.27,Medium,,308.47,,270.93,,448.21,374.42,Zone IV,47,Flat-Coastal (<2°),Low,Shallow (0-3m),Poor,35273,6,75,4,67,455.57,Tiger Reserve,614.58,153.66,434.44,460.25,580.27,Low,459.79,No,Low,54.05,,0,0
17.0,94.5,29.5,31.6,38.9,5.7,1.24,28.2,39.9,315.0,186.0,Medium,Low,43.6,Shallow (1-3m) — High Risk,Medium,Simple Strip Footing,29.89,16.99,18.83,31.39,6.68,16.5,80.31,0.0,1.82,Tropical Coastal,Low,Normal Monsoon,Low,0,Low,2,175.4,100,5.2,High,2,High,1064.68,Low,,630.97,,839.19,,1067.6,891.37,Zone IV,47,Flat-Coastal (<2°),Low,Shallow (0-3m),Poor,1742,2,82,0,84,793.16,Tiger Reserve,815.92,1094.57,837.13,578.93,778.05,Low,578.93,No,Low,68.05,,0,0
17.0,95.0,31.3,29.4,39.3,5.9,1.22,26.0,33.7,216.0,183.0,Medium,Low,35.94,Shallow (1-3m) — High Risk,Medium,Simple Strip Footing,30.69,12.12,31.06,18.88,4.18,18.93,72.46,0.0,2.02,Tropical Coastal,Low,Normal Monsoon,Low,20,Low,2,172.9,100,6.0,High,2,High,1087.34,Low,,649.54,,879.11,,1112.64,929.49,Zone IV,47,Flat-Coastal (<2°),Low,Shallow (0-3m),Poor,6997,1,77,0,93,832.02,Tiger Reserve,855.0,1100.6,843.23,596.18,816.97,Low,596.18,No,Medium,65.1,,0,0
17.0,95.5,31.3,27.6,41.1,6.0,1.29,26.4,33.1,225.0,193.5,Medium,Low,31.44,Shallow (1-3m) — High Risk,Medium,Simple Strip Footing,30.89,11.94,32.02,24.51,5.2,18.48,70.68,0.0,2.02,Tropical Coastal,Low,Normal Monsoon,Low,20,Low,2,171.8,100,6.0,High,2,High,1100.7,Low,,671.93,,920.27,,1158.3,968.93,Zone IV,47,Flat-Coastal (<2°),Low,Shallow (0-3m),Poor,8771,0,65,1,96,872.29,Tiger Reserve,895.43,1109.0,852.45,617.64,857.34,Low,617.64,No,Medium,65.1,,0,0
17.0,96.0,34.2,27.6,38.2,6.3,1.29,25.3,34.9,229.0,193.5,Medium,Low,27.96,Shallow (1-3m) — High Risk,Medium,Simple Strip Footing,30.42,11.38,32.94,43.67,9.02,18.98,74.01,0.0,1.98,Tropical Coastal,Low,Normal Monsoon,Low,20,Low,2,174.2,100,6.0,High,2,High,1116.29,Low,,697.76,,962.53,,1204.48,1009.53,Zone IV,47,Flat-Coastal (<2°),Low,Shallow (0-3m),Poor,47059,0,88,2,13,913.79,Tiger Reserve,937.05,1119.71,864.71,642.91,898.94,Low,642.91,No,Medium,65.1,,0,0
17.0,96.5,33.8,27.6,38.6,6.2,1.27,27.2,32.3,302.0,190.5,Medium,Low,28.44,Shallow (1-3m) — High Risk,Medium,Simple Strip Footing,30.42,11.38,32.94,43.67,9.02,18.98,74.01,0.0,1.98,Tropical Coastal,Low,Normal Monsoon,Low,20,Low,2,174.2,100,6.0,High,2,High,1134.0,Low,,726.66,,1005.74,,1249.2,1051.17,Zone IV,47,Flat-Coastal (<2°),Low,Shallow (0-3m),Poor,3482,3,57,0,82,956.36,Tiger Reserve,979.71,1132.66,879.86,671.54,941.63,Low,671.54,No,Medium,64.35,,0,0
17.5,74.0,35.4,34.1,30.5,6.6,1.43,36.2,24.7,219.0,214.5,Medium,Low,42.77,Medium-Deep (5-12m) — Low-Medium Risk,Low,Simple Strip Footing,26.88,9.07,34.91,72.47,20.17,18.19,72.86,0.0,1.87,Tropical Wet & Dry,Medium,Normal Monsoon,Low,20,Medium,2,194.4,32,5.2,Medium,3,Low,320.22,Low,,698.16,,999.0,,394.36,212.46,Zone II,39,Gentle (2-5°),Low,Medium-Deep (5-15m),Poor,37887,1,85,3,69,476.66,Tiger Reserve,742.21,710.2,542.36,522.46,552.84,,999.0,Yes,High,70.05,,0,0
17.5,75.0,35.8,37.5,26.8,7.5,1.56,39.8,13.1,120.0,234.0,Medium,Low,50.79,Deep (10-20m) — Low Risk,Low,Simple Strip Footing,28.15,8.21,35.3,19.76,3.85,18.81,59.95,0.0,1.9,Tropical Wet & Dry,Medium,Normal Monsoon,Low,20,Medium,2,180.7,34,5.2,Medium,3,Low,239.11,Low,,601.76,,999.0,,317.67,284.25,Zone II,39,Gentle (2-5°),Low,Deep (10-25m),Poor,4420,0,68,2,94,449.4,Tiger Reserve,687.02,674.27,590.66,595.34,597.45,,999.0,Yes,High,70.05,,0,0
17.5,76.5,29.7,38.7,31.6,7.1,1.48,33.4,14.4,155.0,222.0,Medium,Low,61.11,Deep (10-20m) — Low Risk,Low,Simple Strip Footing,29.13,9.08,35.86,24.52,5.51,17.24,58.05,0.0,1.89,Tropical Coastal,Low,Normal Monsoon,Low,20,Medium,2,174.1,5,4.5,Medium,3,Low,177.91,Low,,465.67,,999.0,,248.32,212.45,Zone II,39,Gentle (2-5°),Low,Deep (10-25m),Moderate,6037,0,57,0,59,420.63,Tiger Reserve,590.66,650.69,595.76,628.13,578.31,,999.0,Yes,Medium,74.55,,0,0
17.5,77.0,33.9,35.0,31.0,6.8,1.52,33.9,17.1,163.0,228.0,Medium,Low,46.82,Deep (10-20m) — Low Risk,Low,Simple Strip Footing,28.8,8.89,35.71,27.33,5.77,16.61,59.75,0.0,1.88,Tropical Coastal,Low,Normal Monsoon,Low,20,Medium,2,177.3,5,4.5,Medium,3,Low,185.71,Low,,424.05,,999.0,,244.86,159.5,Zone II,39,Gentle (2-5°),Low,Deep (10-25m),Moderate,6267,2,62,0,96,385.62,Tiger Reserve,564.61,637.81,561.55,594.77,581.79,,999.0,Yes,High,73.8,,0,0
17.5,79.0,35.9,38.4,25.7,7.2,1.5,24.0,14.7,132.0,225.0,Medium,Low,52.92,Deep (10-20m) — Low Risk,Low,Simple Strip Footing,28.27,8.09,36.91,28.59,6.14,15.92,65.24,0.0,1.86,Tropical Coastal,Medium,Normal Monsoon,Low,20,Medium,2,183.9,1,4.5,Medium,3,Low,203.25,Low,,297.78,,999.0,,331.69,54.19,Zone II,39,Gentle (2-5°),Low,Deep (10-25m),Poor,22530,2,64,4,56,301.88,Tiger Reserve,503.1,427.23,462.98,498.03,577.63,,999.0,No,Medium,72.3,,0,0
17.5,79.5,27.9,39.1,33.0,6.9,1.47,23.6,14.7,131.0,220.5,Medium,Low,64.27,Deep (10-20m) — Low Risk,Low,Simple Strip Footing,29.58,9.23,37.77,28.78,6.3,12.61,65.84,0.0,1.86,Tropical Coastal,Medium,Normal Monsoon,Low,40,Medium,2,177.3,1,4.5,Medium,3,Low,161.39,Low,,283.06,,228.69,,352.73,106.66,Zone II,39,Gentle (2-5°),Low,Deep (10-25m),Moderate,2564,1,72,3,72,300.96,Tiger Reserve,500.38,374.8,451.06,485.77,565.7,Low,657.35,No,Low,72.3,,0,0
17.5,80.0,27.2,36.3,36.4,6.7,1.43,20.5,16.4,165.0,214.5,Medium,Low,58.11,Shallow (1-3m) — High Risk,Low,Simple Strip Footing,29.77,9.36,38.14,32.56,7.04,12.17,69.31,0.0,1.83,Tropical Coastal,Medium,Normal Monsoon,Low,40,Low,2,177.5,1,4.5,Medium,2,High,128.2,Low,,277.99,,222.39,,367.8,159.5,Zone II,39,Flat-Coastal (<2°),Low,Shallow (0-3m),Poor,3271,0,66,2,42,309.13,Tiger Reserve,503.1,322.53,445.3,479.22,558.42,Low,609.71,No,Low,68.55,,0,0
17.5,80.5,26.8,43.2,30.0,6.4,1.4,18.1,27.4,216.0,210.0,Medium,Medium,75.84,Shallow (1-3m) — High Risk,Medium,Simple Strip Footing,29.67,9.34,38.54,38.6,7.72,12.5,72.89,0.0,1.83,Tropical Coastal,Medium,NE Monsoon,Medium,40,Low,2,178.4,1,4.5,Medium,2,High,111.7,Medium,,283.06,,228.69,,389.67,212.45,Zone IV,47,Flat-Coastal (<2°),Low,Shallow (0-3m),Poor,3262,1,73,4,82,325.7,Tiger Reserve,511.2,270.53,445.94,478.62,555.97,Low,561.85,No,Low,55.8,,0,0
17.5,81.0,24.7,45.6,29.7,5.9,1.22,20.3,30.8,298.0,183.0,Low,Medium,84.36,Shallow (1-3m) — High Risk,Medium,Simple Strip Footing,29.38,10.29,37.81,43.66,7.91,15.34,75.64,0.0,1.8,Tropical Coastal,High,NE Monsoon,Medium,60,Low,2,179.8,1,4.5,Medium,2,High,101.53,Medium,,297.78,,246.62,,416.21,265.43,Zone IV,47,Flat-Coastal (<2°),Low,Shallow (0-3m),Poor,2651,0,58,8,64,349.47,Tiger Reserve,524.41,218.98,452.96,483.99,558.42,Low,514.93,No,Low,53.55,,0,0
17.5,81.5,25.8,38.7,35.5,5.8,1.21,23.7,31.5,258.0,181.5,Medium,Low,65.79,Shallow (1-3m) — High Risk,Medium,Simple Strip Footing,29.38,10.29,37.81,43.66,7.91,15.34,75.64,0.0,1.8,Tropical Coastal,High,NE Monsoon,Medium,60,Low,2,179.8,1,4.5,Medium,2,High,64.08,Medium,,320.8,,273.92,,411.55,318.42,Zone IV,47,Flat-Coastal (<2°),Low,Shallow (0-3m),Poor,72871,0,67,6,26,379.1,Tiger Reserve,542.36,168.3,466.07,495.14,563.38,Low,469.24,No,Low,53.55,,0,0
17.5,83.0,26.5,34.9,38.6,6.8,1.36,23.3,24.8,170.0,204.0,Medium,Low,55.45,Shallow (1-3m) — High Risk,Low,Simple Strip Footing,29.7,16.96,22.75,44.45,7.46,24.04,82.39,0.0,1.79,Tropical Coastal,Medium,NE Monsoon,Medium,0,Low,2,175.4,0,0.0,Low,2,High,139.03,Low,,424.05,,389.54,,436.84,477.47,Zone IV,47,Flat-Coastal (<2°),Low,Shallow (0-3m),Poor,84461,0,44,0,2,491.62,Tiger Reserve,620.04,55.6,344.36,558.92,483.12,Low,344.36,No,Low,69.3,,0,0
17.5,95.0,26.7,33.9,39.5,5.9,1.34,26.4,28.5,218.0,201.0,Medium,Low,52.71,Shallow (1-3m) — High Risk,Medium,Simple Strip Footing,30.18,11.83,31.31,18.23,4.14,17.59,72.3,0.0,2.02,Tropical Coastal,Low,Normal Monsoon,Low,20,Low,2,175.6,100,6.0,High,2,High,1033.31,Low,,701.15,,844.23,,1084.67,892.4,Zone IV,47,Flat-Coastal (<2°),Low,Shallow (0-3m),Poor,0,0,0,0,0,795.99,Tiger Reserve,819.17,1045.55,788.25,648.25,781.06,Low,648.25,No,Low,65.55,,0,0
17.5,96.0,26.5,32.7,40.8,5.6,1.29,25.8,28.2,256.0,193.5,Medium,Low,49.95,Shallow (1-3m) — High Risk,Medium,Simple Strip Footing,30.29,9.92,34.73,35.71,6.96,10.55,71.45,0.0,1.98,Tropical Coastal,Low,Normal Monsoon,Low,20,Low,2,175.0,100,6.0,High,2,High,1063.63,Low,,745.93,,930.54,,1174.84,975.26,Zone IV,47,Flat-Coastal (<2°),Low,Shallow (0-3m),Poor,2698,1,76,0,63,880.87,Tiger Reserve,904.25,1065.58,811.12,691.37,866.2,Low,691.37,No,Low,67.55,,0,0
17.5,96.5,27.6,32.1,40.3,6.1,1.33,25.8,29.2,188.0,199.5,Medium,Low,47.13,Shallow (1-3m) — High Risk,Medium,Simple Strip Footing,30.29,9.92,34.73,35.71,6.96,10.55,71.45,0.0,1.98,Tropical Coastal,Low,Normal Monsoon,Low,20,Low,2,175.0,100,6.0,High,2,High,1082.15,Low,,772.98,,975.04,,1220.52,1018.17,Zone IV,47,Flat-Coastal (<2°),Low,Shallow (0-3m),Poor,5876,1,75,1,76,924.83,Tiger Reserve,948.25,1079.13,827.21,718.0,910.3,Low,718.0,No,Low,67.55,,0,0
17.5,97.0,28.6,37.1,34.3,5.7,1.28,26.2,31.5,237.0,192.0,Medium,Low,58.43,Shallow (1-3m) — High Risk,Medium,Simple Strip Footing,29.57,9.07,34.78,48.96,9.16,10.22,77.67,0.0,1.77,Tropical Coastal,Low,Normal Monsoon,Low,20,Low,2,178.3,84,6.0,High,2,High,1102.76,Low,,802.72,,1020.28,,1266.69,1061.91,Zone IV,47,Flat-Coastal (<2°),Low,Shallow (0-3m),Poor,3238,3,99,0,100,969.62,Tiger Reserve,993.05,1094.94,846.17,747.56,955.22,Low,747.56,No,Low,66.8,,0,0
18.0,73.5,39.5,30.2,30.3,6.1,1.33,25.9,31.2,291.0,199.5,Medium,Low,28.1,Medium-Deep (5-12m) — Low-Medium Risk,Medium,Simple Strip Footing,26.18,7.37,36.21,67.56,18.49,17.07,72.69,0.0,1.75,Tropical Wet & Dry,High,Normal Monsoon,Low,20,Medium,2,198.5,31,5.2,Medium,3,Low,370.92,Low,,768.99,,999.0,,470.42,137.7,Zone II,39,Gentle (2-5°),Low,Medium-Deep (5-15m),Poor,0,0,0,0,0,445.91,National Park,768.51,782.99,471.57,445.91,476.27,,999.0,Yes,High,65.8,,0,0
18.0,75.0,42.5,28.3,29.3,7.2,1.52,31.2,16.6,165.0,228.0,High,Low,19.75,Deep (10-20m) — Low Risk,Low,Raft Foundation,28.47,8.46,35.66,20.61,4.2,16.87,59.1,0.0,1.85,Tropical Wet & Dry,Medium,Normal Monsoon,Low,20,Medium,2,178.3,32,5.2,Medium,3,Low,282.8,Low,,628.77,,999.0,,362.07,252.92,Zone II,39,Gentle (2-5°),Low,Deep (10-25m),Poor,198808,4,57,6,92,504.48,Tiger Reserve,647.13,728.0,544.09,558.95,588.95,,999.0,Yes,High,62.3,,0,0
18.0,75.5,47.0,25.5,27.6,7.7,1.57,40.3,12.6,120.0,235.5,High,Low,7.35,Deep (10-20m) — Low Risk,Low,Raft Foundation,28.88,8.91,35.5,22.55,4.95,19.05,57.64,0.0,1.85,Tropical Wet & Dry,Low,Normal Monsoon,Low,20,Medium,2,174.9,15,5.2,Medium,3,Low,256.59,Low,,584.28,,999.0,,335.22,300.13,Zone II,39,Gentle (2-5°),Low,Deep (10-25m),Poor,2419,1,64,0,94,468.22,Tiger Reserve,610.25,716.81,575.75,601.06,630.73,,999.0,Yes,High,65.55,,0,0
18.0,76.0,38.8,25.5,35.7,7.3,1.54,48.4,13.5,150.0,231.0,Medium,Low,17.19,Deep (10-20m) — Low Risk,Low,Simple Strip Footing,28.44,8.54,35.68,25.64,5.72,19.33,58.42,0.0,1.86,Tropical Coastal,Low,Normal Monsoon,Low,20,Medium,2,177.8,6,4.5,Medium,3,Low,239.49,Low,,541.38,,999.0,,315.16,273.1,Zone II,39,Gentle (2-5°),Low,Deep (10-25m),Poor,18264,0,76,4,44,424.32,Tiger Reserve,575.75,709.53,610.25,644.66,635.26,,999.0,Yes,High,72.55,,0,0
18.0,77.0,36.0,33.2,30.8,7.0,1.5,33.5,11.2,139.0,225.0,Medium,Low,39.8,Deep (10-20m) — Low Risk,Low,Simple Strip Footing,28.23,8.26,35.9,27.96,5.81,18.28,59.77,0.0,1.86,Tropical Coastal,Low,Normal Monsoon,Low,20,Medium,2,180.1,5,4.5,Medium,3,Low,239.49,Low,,462.11,,999.0,,300.42,172.33,Zone II,39,Gentle (2-5°),Low,Deep (10-25m),Poor,8129,0,59,0,99,343.86,Tiger Reserve,515.78,634.49,606.29,608.07,619.35,,999.0,Yes,High,72.55,,0,0
18.0,77.5,36.1,34.5,29.4,7.1,1.56,33.0,14.4,155.0,234.0,Medium,Low,42.93,Deep (10-20m) — Low Risk,Low,Simple Strip Footing,28.36,7.78,36.77,30.42,6.55,17.93,60.87,0.0,1.86,Tropical Coastal,Low,Normal Monsoon,Low,20,Medium,2,180.4,4,4.4,Low,3,Low,256.59,Low,,426.97,,999.0,,306.95,125.19,Zone II,39,Gentle (2-5°),Low,Deep (10-25m),Poor,51954,1,62,1,88,309.21,Tiger Reserve,491.4,581.62,577.77,577.29,590.13,,999.0,Yes,High,75.05,,0,0
18.0,78.0,36.8,40.5,22.7,8.1,1.65,36.5,12.0,129.0,247.5,Medium,Low,57.09,Deep (10-20m) — Low Risk,Low,Simple Strip Footing,28.48,7.72,37.05,29.91,6.58,18.67,62.13,0.0,1.84,Tropical Coastal,Low,Normal Monsoon,Low,20,Medium,2,180.8,4,4.4,Low,3,Low,282.8,Low,,395.9,,999.0,,322.28,85.18,Zone II,39,Gentle (2-5°),Low,Deep (10-25m),Poor,39615,0,70,5,48,280.18,Tiger Reserve,471.57,528.75,552.97,549.75,564.22,,999.0,No,High,76.55,,0,0
18.0,78.5,35.0,40.7,24.4,7.2,1.58,33.1,18.3,172.0,237.0,Medium,Medium,59.75,Deep (10-20m) — Low Risk,Low,Simple Strip Footing,28.44,7.54,38.12,30.1,6.78,15.82,63.69,0.0,1.84,Tropical Coastal,Low,Normal Monsoon,Low,40,Medium,2,182.1,1,4.3,Low,3,Low,278.47,Low,,369.93,,999.0,,345.23,66.72,Zone II,39,Gentle (2-5°),Low,Deep (10-25m),Moderate,53166,1,56,6,62,258.67,Tiger Reserve,456.88,475.88,532.41,525.97,542.1,,999.0,No,Medium,70.05,,0,0
18.0,80.0,25.7,41.4,32.9,6.7,1.46,21.6,16.1,116.0,219.0,Medium,Medium,72.66,Shallow (1-3m) — High Risk,Low,Simple Strip Footing,29.69,8.72,38.95,34.94,8.21,12.12,67.55,0.0,1.79,Tropical Coastal,Medium,Normal Monsoon,Low,40,Low,2,177.4,1,4.5,Medium,2,High,178.55,Low,,333.58,,277.99,,393.31,172.33,Zone II,39,Flat-Coastal (<2°),Low,Shallow (0-3m),Poor,23762,0,64,5,25,255.45,Tiger Reserve,447.84,317.25,500.83,482.22,503.09,Low,588.84,No,Low,63.3,,0,0
18.0,81.5,26.8,36.5,36.7,6.4,1.33,17.2,32.2,155.0,199.5,Medium,Low,59.09,Shallow (1-3m) — High Risk,Medium,Simple Strip Footing,29.16,9.17,38.84,48.36,9.79,15.17,73.65,0.0,1.78,Tropical Coastal,Medium,NE Monsoon,Medium,60,Low,2,181.2,0,0.0,Low,2,High,115.66,Medium,,369.93,,320.59,,355.98,324.72,Zone IV,47,Flat-Coastal (<2°),Low,Shallow (0-3m),Poor,5895,0,64,1,87,336.56,Tiger Reserve,491.4,158.63,442.28,487.28,511.13,Low,442.28,No,Low,58.55,,0,0
18.0,82.5,31.5,39.3,29.2,5.9,1.1,19.8,41.9,325.0,165.0,Medium,Low,60.45,Shallow (1-3m) — High Risk,Medium,Simple Strip Footing,25.75,6.72,37.57,49.71,8.93,17.31,78.57,0.0,1.74,Tropical Coastal,Medium,NE Monsoon,Medium,20,Low,2,201.1,0,0.0,Low,2,High,133.7,Medium,,426.97,,384.86,,368.1,428.93,Zone IV,47,Flat-Coastal (<2°),Low,Shallow (0-3m),Poor,4777,0,72,0,7,415.78,Tiger Reserve,544.09,52.88,350.06,517.62,457.58,Low,350.06,No,Medium,64.35,,0,0
18.0,83.5,26.3,38.5,35.2,6.3,1.38,19.4,16.6,198.0,207.0,Medium,Low,64.69,Shallow (1-3m) — High Risk,Medium,Simple Strip Footing,29.66,16.11,23.39,45.26,7.56,22.72,82.26,0.0,1.73,Tropical Coastal,Medium,NE Monsoon,Medium,0,Low,2,175.7,1,4.2,Low,2,High,211.81,Low,,385.91,,422.34,,407.69,533.82,Zone IV,47,Flat-Coastal (<2°),Low,Shallow (0-3m),Poor,237038,7,76,1,38,504.53,Tiger Reserve,610.25,52.88,267.6,565.86,412.27,Low,267.6,No,Low,66.05,,0,0
18.0,94.5,27.8,33.2,39.0,5.8,1.25,26.9,51.2,303.0,187.5,Medium,Low,49.64,Shallow (1-3m) — High Risk,Medium,Simple Strip Footing,28.92,16.0,19.37,46.16,10.66,13.5,81.05,0.0,1.79,Tropical Coastal,Low,Normal Monsoon,Low,0,Low,2,180.7,100,6.0,High,2,High,967.25,Low,,737.46,,768.51,,1010.52,816.07,Zone IV,47,Flat-Coastal (<2°),Low,Shallow (0-3m),Poor,986,7,57,4,71,719.95,Tiger Reserve,743.18,983.89,726.39,686.33,705.07,Low,686.33,No,Low,68.55,,0,0
18.0,95.0,24.6,33.6,41.9,5.6,1.21,22.3,47.7,289.0,181.5,Low,Low,54.48,Shallow (1-3m) — High Risk,Medium,Simple Strip Footing,29.18,11.25,31.37,18.35,4.24,16.61,72.44,0.0,2.08,Tropical Coastal,Low,Normal Monsoon,Low,20,Low,2,181.1,100,6.0,High,2,High,979.46,Low,,753.33,,811.66,,1055.44,857.3,Zone IV,47,Flat-Coastal (<2°),Low,Shallow (0-3m),Poor,84,1,68,1,54,762.3,Tiger Reserve,785.64,990.56,733.37,700.86,747.56,Low,700.86,No,Low,70.8,,0,0
18.0,95.5,34.3,29.5,36.2,6.3,1.32,23.7,29.7,239.0,198.0,Medium,Low,32.59,Shallow (1-3m) — High Risk,Medium,Simple Strip Footing,31.21,11.07,33.26,19.42,4.17,15.89,64.96,0.0,2.08,Tropical Coastal,Low,Normal Monsoon,Low,20,Low,2,168.7,100,6.0,High,2,High,994.17,Low,,772.62,,855.82,,1101.0,899.66,Zone IV,47,Flat-Coastal (<2°),Low,Shallow (0-3m),Poor,255,2,86,0,94,805.81,Tiger Reserve,829.21,999.82,743.9,719.12,791.22,Low,719.12,No,Medium,65.1,,0,0
18.0,96.0,27.3,34.8,37.9,5.6,1.19,20.1,38.9,301.0,178.5,Medium,Low,54.24,Shallow (1-3m) — High Risk,Medium,Simple Strip Footing,29.76,9.16,35.2,31.43,6.09,7.51,69.63,0.0,2.03,Tropical Coastal,Low,Normal Monsoon,Low,20,Low,2,177.6,100,6.0,High,2,High,1011.29,Low,,795.07,,900.84,,1147.11,943.0,Zone IV,47,Flat-Coastal (<2°),Low,Shallow (0-3m),Poor,2198,1,57,1,97,850.3,Tiger Reserve,873.73,1011.61,757.82,740.83,835.86,Low,740.83,No,Low,67.55,,0,0
18.0,97.0,28.6,39.7,31.8,5.7,1.13,28.5,65.5,498.0,169.5,Medium,Low,64.93,Shallow (1-3m) — High Risk,Medium,Simple Strip Footing,29.11,8.53,35.16,41.97,7.71,8.07,74.4,0.0,1.82,Tropical Coastal,Low,Normal Monsoon,Low,20,Low,2,181.5,94,6.0,High,2,High,1052.23,Low,,848.45,,992.99,,1240.74,1032.1,Zone IV,47,Flat-Coastal (<2°),Low,Shallow (0-3m),Poor,49,1,25,2,9,941.67,Tiger Reserve,965.08,1042.39,795.11,793.4,927.53,Low,793.4,No,Low,67.55,,0,0
18.5,73.0,35.4,35.8,28.9,6.4,1.25,27.5,26.2,337.0,187.5,Medium,Low,47.02,Medium-Deep (5-12m) — Low-Medium Risk,Medium,Simple Strip Footing,28.8,10.78,33.26,87.18,25.56,17.53,75.23,0.0,1.75,Semi-Arid,High,Normal Monsoon,Low,20,Low,2,183.2,33,5.2,Medium,2,Low,338.74,Low,,840.66,,999.0,,546.55,67.54,Zone II,39,Gentle (2-5°),Low,Medium-Deep (5-15m),Poor,95950,1,74,0,90,369.52,National Park,781.67,856.46,402.92,369.52,399.86,Low,272.09,Yes,High,67.85,,0,0
18.5,73.5,40.7,33.3,26.0,6.5,1.38,34.2,36.5,295.0,207.0,High,Low,34.41,Medium-Deep (5-12m) — Low-Medium Risk,Low,Raft Foundation,25.85,6.56,36.64,61.25,16.61,19.03,72.25,0.0,1.75,Semi-Arid,High,Normal Monsoon,Low,20,Medium,2,200.4,31,5.2,Medium,3,Low,317.92,Low,,793.87,,999.0,,507.36,91.87,Zone II,39,Gentle (2-5°),Low,Medium-Deep (5-15m),Poor,636922,0,64,1,36,404.17,National Park,736.91,833.3,419.45,404.17,434.56,,999.0,Yes,High,60.55,,0,0
18.5,75.0,48.8,24.9,26.3,7.6,1.54,45.3,11.5,131.0,231.0,High,Low,3.69,Deep (10-20m) — Low Risk,Low,Raft Foundation,28.14,8.27,35.86,21.87,4.59,17.29,58.97,0.0,1.85,Tropical Wet & Dry,Medium,Normal Monsoon,Low,20,Medium,2,179.8,19,5.2,Medium,3,Low,304.75,Low,,659.37,,999.0,,409.22,230.9,Zone II,39,Gentle (2-5°),Low,Deep (10-25m),Poor,190809,1,52,1,97,486.57,National Park,609.7,781.99,499.36,525.93,555.43,,999.0,Yes,High,63.05,,0,0
18.5,75.5,43.9,24.8,31.3,7.4,1.52,48.4,10.7,109.0,228.0,High,Low,9.32,Deep (10-20m) — Low Risk,Low,Raft Foundation,28.09,8.27,35.86,23.59,5.21,17.5,58.14,0.0,1.85,Tropical Wet & Dry,Medium,Normal Monsoon,Low,20,Medium,2,179.2,6,4.5,Medium,3,Low,308.0,Low,,617.21,,999.0,,385.73,281.69,Zone II,39,Gentle (2-5°),Low,Deep (10-25m),Poor,1786,1,58,0,97,441.19,Tiger Reserve,570.53,771.61,533.59,570.35,599.43,,999.0,Yes,High,63.05,,0,0
18.5,76.0,40.7,26.8,32.5,7.2,1.55,43.4,11.8,126.0,232.5,High,Low,18.16,Deep (10-20m) — Low Risk,Low,Raft Foundation,28.07,7.56,36.68,26.14,5.74,19.97,58.24,0.0,1.86,Tropical Wet & Dry,Low,Normal Monsoon,Low,20,Medium,2,179.4,5,4.5,Medium,3,Low,293.94,Low,,576.87,,999.0,,368.48,291.37,Zone II,39,Gentle (2-5°),Low,Deep (10-25m),Poor,1646,0,72,3,26,394.44,Tiger Reserve,533.59,741.25,570.53,616.0,644.66,,999.0,Yes,High,65.55,,0,0
18.5,77.5,38.1,35.7,26.2,7.3,1.47,28.3,14.3,131.0,220.5,Medium,Low,43.53,Deep (10-20m) — Low Risk,Low,Simple Strip Footing,29.06,7.74,37.83,30.4,6.7,17.9,58.94,0.0,1.86,Tropical Wet & Dry,Low,Normal Monsoon,Low,40,Medium,2,175.3,4,4.4,Low,3,Low,308.0,Low,,471.48,,999.0,,361.5,161.71,Zone II,39,Gentle (2-5°),Low,Deep (10-25m),Poor,659,0,54,2,91,267.19,Tiger Reserve,441.56,583.44,626.36,531.85,543.51,,999.0,Yes,High,71.8,,0,0
18.5,78.0,28.5,45.6,25.9,8.2,1.45,45.3,16.5,140.0,217.5,Medium,Medium,79.8,Deep (10-20m) — Low Risk,Low,Simple Strip Footing,29.06,8.25,37.64,30.25,6.87,17.94,60.29,0.0,1.84,Tropical Wet & Dry,Low,Normal Monsoon,Low,40,Medium,2,176.4,4,4.4,Low,3,Low,330.1,Low,,443.61,,999.0,,374.57,133.26,Zone II,39,Gentle (2-5°),Low,Deep (10-25m),Moderate,19700,0,63,6,57,233.09,Tiger Reserve,419.45,530.91,603.62,501.92,515.35,,999.0,No,Medium,70.05,,0,0
18.5,79.0,39.1,28.1,32.8,7.1,1.44,34.1,12.7,128.0,216.0,Medium,Low,23.33,Deep (10-20m) — Low Risk,Low,Simple Strip Footing,29.14,8.09,38.72,30.8,7.09,15.27,61.43,0.0,1.82,Tropical Wet & Dry,Low,Normal Monsoon,Low,40,Medium,2,176.9,0,0.0,Low,3,Low,279.72,Low,,403.48,,999.0,,405.04,133.26,Zone II,39,Gentle (2-5°),Low,Deep (10-25m),Poor,4191,0,56,13,18,191.63,Tiger Reserve,392.66,426.04,570.57,454.24,471.4,,999.0,No,Medium,74.05,,0,0
18.5,79.5,34.9,25.0,40.1,7.1,1.45,27.7,16.0,127.0,217.5,Medium,Low,20.62,Deep (10-20m) — Low Risk,Low,Simple Strip Footing,29.88,7.4,40.55,32.71,7.72,13.12,62.71,0.0,1.82,Tropical Wet & Dry,Low,Normal Monsoon,Low,40,Medium,2,174.1,0,0.0,Low,3,Low,251.12,Low,,392.81,,337.79,,371.97,161.71,Zone II,39,Gentle (2-5°),Low,Deep (10-25m),Moderate,1806,0,60,4,72,190.19,Tiger Reserve,389.18,373.76,560.98,437.81,456.8,Low,623.82,No,Medium,76.85,,0,0
18.5,80.0,28.6,39.4,32.0,6.8,1.45,23.1,16.9,161.0,217.5,Medium,Low,64.18,Shallow (1-3m) — High Risk,Low,Simple Strip Footing,30.0,8.02,40.21,38.62,9.34,11.95,65.47,0.0,1.79,Tropical Wet & Dry,Medium,Normal Monsoon,Low,60,Low,2,175.0,0,0.0,Low,2,High,231.31,Low,,389.18,,333.58,,343.7,200.34,Zone II,39,Flat-Coastal (<2°),Low,Shallow (0-3m),Poor,1115,0,58,4,32,202.79,Tiger Reserve,392.66,321.64,556.39,427.14,447.82,Low,572.62,No,Low,68.05,,0,0
18.5,80.5,26.1,41.6,32.4,6.7,1.4,18.5,25.8,219.0,210.0,Medium,Medium,72.68,Shallow (1-3m) — High Risk,Low,Simple Strip Footing,29.36,8.62,39.39,45.92,10.77,11.68,68.87,0.0,1.79,Tropical Wet & Dry,Medium,NE Monsoon,Medium,60,Low,2,179.6,0,0.0,Low,2,High,216.27,Medium,,392.81,,337.79,,321.51,244.37,Zone IV,47,Flat-Coastal (<2°),Low,Shallow (0-3m),Poor,4200,0,57,0,0,227.11,Tiger Reserve,402.92,269.79,521.68,422.67,444.78,Low,521.68,No,Low,57.05,,0,0
18.5,81.0,29.4,39.2,31.4,6.6,1.38,15.9,19.9,149.0,207.0,Medium,Low,62.72,Shallow (1-3m) — High Risk,Low,Simple Strip Footing,28.12,7.72,39.52,52.31,11.5,13.65,73.01,0.0,1.78,Tropical Wet & Dry,Medium,NE Monsoon,Medium,40,Low,2,187.1,0,0.0,Low,2,High,187.07,Medium,,403.48,,350.12,,306.71,291.37,Zone IV,47,Flat-Coastal (<2°),Low,Shallow (0-3m),Poor,1004,0,70,0,93,259.88,Tiger Reserve,419.45,218.4,471.09,424.59,447.82,Low,471.09,No,Low,65.3,,0,0
18.5,81.5,26.4,41.2,32.4,6.0,1.35,18.7,20.4,179.0,202.5,Medium,Medium,71.32,Shallow (1-3m) — High Risk,Medium,Simple Strip Footing,28.12,7.72,39.52,52.31,11.5,13.65,73.01,0.0,1.78,Tropical Wet & Dry,Medium,NE Monsoon,Medium,40,Low,2,187.1,0,0.0,Low,2,High,169.79,Medium,,420.67,,369.75,,300.41,340.09,Zone IV,47,Flat-Coastal (<2°),Low,Shallow (0-3m),Poor,800,0,79,0,79,298.33,Tiger Reserve,441.56,167.88,420.97,432.82,456.8,Low,420.97,No,Low,58.3,,0,0
18.5,82.0,24.1,38.3,37.6,6.4,1.33,17.2,23.2,181.0,199.5,Low,Low,66.83,Shallow (1-3m) — High Risk,Medium,Simple Strip Footing,27.82,7.72,38.79,53.69,11.47,17.41,73.28,0.0,1.74,Tropical Wet & Dry,Medium,NE Monsoon,Medium,40,Low,2,188.9,0,0.0,Low,2,High,168.13,Medium,,443.61,,395.59,,303.13,389.91,Zone IV,47,Flat-Coastal (<2°),Low,Shallow (0-3m),Poor,5352,0,67,3,91,340.53,Tiger Reserve,468.46,119.34,371.52,447.01,443.67,Low,371.52,No,Low,66.8,,0,0
18.5,82.5,26.9,45.2,27.9,6.1,1.27,17.3,31.5,183.0,190.5,Medium,Medium,80.72,Shallow (1-3m) — High Risk,Medium,Simple Strip Footing,25.07,6.1,36.94,55.31,11.19,17.92,76.22,0.0,1.74,Tropical Wet & Dry,Medium,NE Monsoon,Medium,20,Low,2,205.7,0,0.0,Low,2,High,182.52,Medium,,451.8,,426.53,,314.63,440.44,Zone IV,47,Flat-Coastal (<2°),Low,Shallow (0-3m),Poor,3561,1,70,1,86,385.26,Tiger Reserve,499.36,76.67,323.04,466.62,411.11,Low,323.04,No,Low,59.55,,0,0
18.5,83.5,32.1,35.9,32.0,6.1,1.29,22.3,17.8,146.0,193.5,Medium,Low,51.23,Shallow (1-3m) — High Risk,Medium,Simple Strip Footing,29.16,10.17,35.51,45.3,7.69,19.01,78.07,0.0,1.73,Tropical Wet & Dry,Low,NE Monsoon,Medium,40,Low,2,180.5,1,4.2,Low,2,High,222.39,Low,,356.36,,390.75,,360.02,542.85,Zone IV,47,Flat-Coastal (<2°),Low,Shallow (0-3m),Poor,3343,0,62,5,70,479.44,Tiger Reserve,570.53,76.67,231.46,519.46,360.17,Low,231.46,No,Medium,65.6,,0,0
18.5,84.0,30.7,33.4,35.9,6.5,1.32,21.0,30.6,234.0,198.0,Medium,Low,46.66,Shallow (1-3m) — High Risk,Low,Simple Strip Footing,29.16,10.17,35.51,45.3,7.69,19.01,78.07,0.0,1.74,Tropical Wet & Dry,Medium,NE Monsoon,Medium,40,Low,2,180.5,1,4.2,Low,2,High,228.48,Low,,310.95,,346.76,,391.31,530.08,Zone IV,47,Flat-Coastal (<2°),Low,Shallow (0-3m),Poor,7354,3,66,1,80,528.05,Tiger Reserve,609.33,119.34,190.95,551.39,343.9,Low,190.95,No,Medium,64.1,,0,0
18.5,96.5,28.9,37.5,33.6,5.7,1.31,19.6,25.7,182.0,196.5,Medium,Low,59.07,Shallow (1-3m) — High Risk,Medium,Simple Strip Footing,29.31,9.08,34.77,29.03,5.68,7.12,67.59,0.0,2.03,Tropical Wet & Dry,Low,Normal Monsoon,Low,20,Low,2,179.4,100,6.0,High,2,High,979.67,Low,,868.86,,920.62,,1168.9,958.4,Zone IV,47,Flat-Coastal (<2°),Low,Shallow (0-3m),Poor,197,0,39,2,84,868.99,Tiger Reserve,892.37,972.78,723.21,814.36,855.01,Low,814.36,No,Low,67.55,,0,0
18.5,96.0,27.7,40.6,31.8,5.6,1.18,20.2,40.9,258.0,177.0,Medium,Medium,68.26,Shallow (1-3m) — High Risk,Medium,Simple Strip Footing,29.31,9.08,34.77,29.03,5.68,7.12,67.59,0.0,2.03,Tropical Wet & Dry,Low,Normal Monsoon,Low,20,Low,2,179.4,100,6.0,High,2,High,959.31,Low,,845.01,,873.65,,1121.43,912.97,Zone IV,47,Flat-Coastal (<2°),Low,Shallow (0-3m),Poor,212,1,72,1,98,822.34,Tiger Reserve,845.76,957.82,704.88,791.1,808.2,Low,791.1,No,Low,62.3,,0,0
18.5,97.0,33.4,34.9,31.6,5.7,1.08,25.8,62.3,361.0,162.0,Medium,Low,47.17,Shallow (1-3m) — High Risk,Medium,Simple Strip Footing,27.63,6.46,36.09,38.69,7.14,9.84,72.71,0.0,1.82,Tropical Wet & Dry,Low,Normal Monsoon,Low,20,Low,2,190.0,100,6.0,High,2,High,1002.24,Low,,895.29,,968.12,,1216.75,1004.47,Zone IV,47,Flat-Coastal (<2°),Low,Shallow (0-3m),Poor,20,2,6,0,7,916.23,Tiger Reserve,939.56,990.17,744.69,840.41,902.41,Low,840.41,No,Medium,67.1,,0,0
19.0,74.0,38.1,34.1,27.9,7.0,1.48,30.7,22.3,162.0,222.0,Medium,Low,39.53,Medium-Deep (5-12m) — Low-Medium Risk,Low,Simple Strip Footing,26.24,6.86,36.9,59.97,16.66,18.13,70.29,0.0,1.82,Tropical Wet & Dry,High,Normal Monsoon,Low,20,Medium,2,197.5,11,5.2,Medium,3,Low,250.14,Low,,777.59,,999.0,,513.97,116.15,Zone II,39,Gentle (2-5°),Low,Medium-Deep (5-15m),Poor,36351,3,79,2,44,382.64,National Park,662.79,865.2,393.26,407.72,437.44,,999.0,Yes,High,66.8,,0,0
19.0,75.0,43.8,29.6,26.6,7.2,1.47,43.8,13.1,136.0,220.5,High,Low,21.44,Deep (10-20m) — Low Risk,Low,Raft Foundation,27.83,7.07,37.08,23.45,5.01,17.86,58.76,0.0,1.81,Tropical Wet & Dry,Medium,Normal Monsoon,Low,20,Medium,2,181.1,3,4.5,Medium,3,Low,250.14,Low,,693.07,,999.0,,458.26,221.0,Zone II,39,Gentle (2-5°),Low,Deep (10-25m),Poor,106205,1,65,1,85,443.05,National Park,575.21,836.19,457.03,496.95,525.66,,999.0,Yes,High,63.05,,0,0
19.0,77.0,40.0,33.1,26.9,7.4,1.58,36.9,10.9,134.0,237.0,Medium,Low,34.75,Deep (10-20m) — Low Risk,Low,Simple Strip Footing,28.99,7.08,38.68,28.51,6.06,17.49,57.38,0.0,1.8,Tropical Wet & Dry,Low,Normal Monsoon,Low,40,Medium,2,174.1,3,4.4,Low,3,Low,348.76,Low,,547.3,,999.0,,411.56,238.24,Zone II,39,Gentle (2-5°),Low,Deep (10-25m),Poor,3375,0,51,18,65,275.4,Tiger Reserve,423.15,642.35,618.36,524.31,532.78,,999.0,Yes,High,71.8,,0,0
19.0,79.0,33.5,26.6,39.9,7.0,1.51,26.9,13.2,143.0,226.5,Medium,Low,26.3,Deep (10-20m) — Low Risk,Low,Simple Strip Footing,29.36,7.74,39.67,31.93,7.79,14.8,60.55,0.0,1.77,Tropical Wet & Dry,Low,Normal Monsoon,Low,40,Medium,2,175.2,0,0.0,Low,3,Low,325.55,Low,,457.31,,999.0,,365.43,185.59,Zone II,39,Gentle (2-5°),Low,Deep (10-25m),Moderate,14297,0,74,4,48,137.08,Tiger Reserve,337.62,436.19,624.83,402.93,419.26,,999.0,No,Medium,77.3,,0,0
19.0,79.5,35.7,26.2,38.1,7.0,1.56,34.7,13.8,127.0,234.0,Medium,Low,22.66,Deep (10-20m) — Low Risk,Low,Simple Strip Footing,29.88,7.02,41.15,35.72,8.89,13.19,61.92,0.0,1.77,Tropical Wet & Dry,Low,Normal Monsoon,Low,60,Medium,2,173.6,0,0.0,Low,3,Low,301.4,Low,,447.94,,392.79,,328.51,206.91,Zone II,39,Gentle (2-5°),Low,Deep (10-25m),Poor,5196,1,75,6,27,135.07,Tiger Reserve,333.58,385.45,613.42,384.37,402.83,Low,613.42,No,Medium,72.6,,0,0
19.0,80.0,36.2,26.9,37.0,6.9,1.43,26.1,17.2,158.0,214.5,Medium,Low,23.81,Shallow (1-3m) — High Risk,Low,Simple Strip Footing,30.03,7.51,40.99,42.56,10.56,11.5,64.04,0.0,1.77,Tropical Wet & Dry,Low,Normal Monsoon,Low,60,Low,2,174.2,0,0.0,Low,2,High,285.16,Low,,444.78,,389.18,,296.23,238.24,Zone II,39,Flat-Coastal (<2°),Low,Shallow (0-3m),Poor,2997,0,71,3,48,152.25,Tiger Reserve,337.62,335.31,561.44,372.21,392.64,Low,561.44,No,Medium,70.1,,0,0
19.0,80.5,31.1,36.4,32.5,6.0,1.41,18.2,27.5,143.0,211.5,Medium,Low,53.68,Shallow (1-3m) — High Risk,Medium,Simple Strip Footing,28.78,8.03,39.6,49.09,11.65,9.59,67.65,0.0,1.77,Tropical Wet & Dry,Medium,NE Monsoon,Medium,40,Low,2,182.3,0,0.0,Low,2,High,261.45,Medium,,447.94,,392.79,,270.25,276.19,Zone IV,47,Flat-Coastal (<2°),Low,Shallow (0-3m),Poor,2927,0,36,0,91,183.32,Tiger Reserve,349.46,286.11,509.55,367.09,389.18,Low,509.55,No,Medium,63.1,,0,0
19.0,81.0,31.6,38.7,29.7,6.6,1.47,19.7,22.5,191.0,220.5,Medium,Low,58.83,Shallow (1-3m) — High Risk,Low,Simple Strip Footing,27.17,6.37,39.91,53.49,12.09,12.25,71.36,0.0,1.77,Tropical Wet & Dry,Medium,NE Monsoon,Medium,40,Low,2,192.4,0,0.0,Low,2,High,237.94,Medium,,457.31,,403.4,,252.52,318.41,Zone IV,47,Flat-Coastal (<2°),Low,Shallow (0-3m),Poor,2265,0,71,1,93,222.52,Tiger Reserve,368.35,238.41,457.78,369.3,392.64,Low,457.78,No,Medium,64.85,,0,0
19.0,81.5,25.2,41.3,33.5,5.8,1.34,30.7,36.9,211.0,201.0,Medium,Medium,73.01,Shallow (1-3m) — High Risk,Medium,Simple Strip Footing,27.17,6.37,39.91,53.49,12.09,12.25,71.36,0.0,1.77,Tropical Wet & Dry,Medium,NE Monsoon,Medium,40,Low,2,192.4,0,0.0,Low,2,High,224.64,Medium,,472.5,,420.51,,244.85,363.41,Zone IV,47,Flat-Coastal (<2°),Low,Shallow (0-3m),Poor,7075,0,63,0,85,266.29,Tiger Reserve,393.26,193.34,406.19,378.7,402.83,Low,406.19,No,Low,58.3,,0,0
19.0,82.0,30.7,34.9,34.4,6.5,1.41,35.9,21.1,175.0,211.5,Medium,Low,50.41,Shallow (1-3m) — High Risk,Low,Simple Strip Footing,26.63,5.54,40.15,54.94,12.32,16.57,73.87,0.0,1.75,Tropical Wet & Dry,Medium,NE Monsoon,Medium,40,Low,2,196.0,0,0.0,Low,2,High,223.39,Medium,,484.58,,443.34,,248.17,410.27,Zone IV,47,Flat-Coastal (<2°),Low,Shallow (0-3m),Poor,100084,0,84,7,39,312.72,Tiger Reserve,423.15,153.24,354.85,394.79,403.21,Low,354.85,No,Medium,62.85,,0,0
19.0,83.0,27.5,38.2,34.3,6.1,1.27,16.2,27.5,219.0,190.5,Medium,Low,62.5,Shallow (1-3m) — High Risk,Medium,Simple Strip Footing,25.96,6.35,38.05,51.3,10.2,18.16,74.37,0.0,1.67,Tropical Wet & Dry,Low,NE Monsoon,Medium,20,Low,2,200.1,0,0.0,Low,2,High,174.81,Low,,383.33,,413.53,,284.98,507.52,Zone IV,47,Flat-Coastal (<2°),Low,Shallow (0-3m),Poor,7160,1,59,1,97,409.89,Tiger Reserve,494.08,111.19,253.54,443.83,335.45,Low,253.54,No,Low,69.3,,0,0
19.0,84.5,29.0,46.0,25.1,6.3,1.26,19.1,32.9,250.0,189.0,Medium,Medium,80.2,Shallow (1-3m) — High Risk,Medium,Simple Strip Footing,28.2,10.13,34.27,48.47,8.45,16.89,80.24,0.0,1.74,Tropical Wet & Dry,Medium,NE Monsoon,Medium,20,Low,2,185.4,1,4.2,Low,2,High,196.9,Low,,237.29,,271.97,,360.01,457.94,Zone IV,47,Flat-Coastal (<2°),Low,Shallow (0-3m),Poor,3441,0,75,0,42,547.03,Tiger Reserve,558.37,193.34,114.47,547.03,279.74,Low,114.47,No,Low,61.55,,0,0
19.0,94.5,27.6,38.9,33.5,5.5,1.18,25.6,46.6,350.0,177.0,Medium,Low,64.13,Shallow (1-3m) — High Risk,Medium,Simple Strip Footing,27.56,10.21,29.52,40.48,9.52,9.67,77.91,0.0,1.79,Tropical Wet & Dry,Low,Normal Monsoon,Low,0,Low,2,190.0,100,6.0,High,2,High,858.76,Low,,845.15,,708.26,,955.3,749.71,Zone IV,47,Flat-Coastal (<2°),Low,Shallow (0-3m),Poor,174,4,77,1,97,657.43,Tiger Reserve,680.86,873.33,615.83,794.76,643.08,Low,794.76,No,Low,69.3,,0,0
19.0,95.0,31.4,37.9,30.8,6.1,1.27,21.9,30.6,220.0,190.5,Medium,Low,57.07,Shallow (1-3m) — High Risk,Medium,Simple Strip Footing,30.02,10.38,33.26,19.94,4.57,14.35,66.93,0.0,1.87,Tropical Wet & Dry,Low,Normal Monsoon,Low,20,Low,2,175.5,100,6.0,High,2,High,872.39,Low,,858.96,,754.58,,1002.42,794.12,Zone IV,47,Flat-Coastal (<2°),Low,Shallow (0-3m),Poor,780,0,51,1,98,703.28,Tiger Reserve,726.7,880.79,623.99,807.28,689.13,Low,807.28,No,Medium,67.1,,0,0
19.0,95.5,34.6,38.1,27.4,6.5,1.33,20.4,42.5,229.0,199.5,Medium,Low,53.73,Shallow (1-3m) — High Risk,Low,Simple Strip Footing,30.26,9.51,34.89,18.57,4.01,13.39,63.57,0.0,1.87,Tropical Wet & Dry,Low,Normal Monsoon,Low,20,Low,2,172.8,100,6.0,High,2,High,888.77,Low,,875.84,,801.61,,1049.98,839.4,Zone IV,47,Flat-Coastal (<2°),Low,Shallow (0-3m),Poor,691,0,51,1,98,749.94,Tiger Reserve,773.31,891.13,636.25,823.1,735.98,Low,823.1,No,Medium,68.85,,0,0
19.5,74.0,46.1,23.7,30.2,6.9,1.46,43.6,17.9,167.0,219.0,High,Low,3.93,Medium-Deep (5-12m) — Low-Medium Risk,Low,Raft Foundation,26.48,6.66,37.3,60.72,17.23,16.96,67.92,0.0,1.82,Tropical Wet & Dry,High,Normal Monsoon,Low,20,Medium,2,195.2,3,4.3,Low,3,Low,196.09,Low,,809.97,,999.0,,559.23,123.71,Zone II,39,Gentle (2-5°),Low,Medium-Deep (5-15m),Poor,12804,4,68,7,18,335.11,National Park,635.8,917.79,347.15,378.17,406.95,,999.0,Yes,High,62.3,,0,0
19.5,76.5,44.9,24.7,30.4,7.5,1.6,41.8,14.1,137.0,240.0,High,Low,7.87,Deep (10-20m) — Low Risk,Low,Raft Foundation,28.83,6.86,39.14,28.7,6.1,15.04,56.67,0.0,1.81,Tropical Wet & Dry,Low,Normal Monsoon,Low,40,Medium,2,174.1,3,4.4,Low,3,Low,281.43,Low,,623.24,,999.0,,468.94,314.68,Zone II,39,Gentle (2-5°),Low,Deep (10-25m),Poor,7067,3,63,0,100,303.01,Tiger Reserve,417.81,704.38,544.21,527.51,532.57,,999.0,Yes,High,64.05,,0,0
19.5,77.0,44.7,26.2,29.1,7.2,1.57,41.4,10.9,129.0,235.5,High,Low,11.86,Deep (10-20m) — Low Risk,Low,Raft Foundation,28.95,7.02,38.77,30.01,6.97,16.23,57.28,0.0,1.8,Tropical Wet & Dry,Low,Normal Monsoon,Low,40,Medium,2,174.2,3,4.4,Low,3,Low,321.96,Low,,593.13,,999.0,,467.14,282.06,Zone II,39,Gentle (2-5°),Low,Deep (10-25m),Poor,4719,2,54,0,99,252.83,Tiger Reserve,380.57,653.36,589.49,486.56,493.19,,999.0,Yes,High,64.8,,0,0
19.5,77.5,44.2,28.0,27.8,7.1,1.61,38.3,11.8,138.0,241.5,High,Low,16.96,Deep (10-20m) — Low Risk,Low,Raft Foundation,28.9,6.71,39.52,31.48,7.84,17.17,58.55,0.0,1.8,Tropical Wet & Dry,Low,Normal Monsoon,Low,40,Medium,2,175.7,2,4.4,Low,3,Low,365.43,Low,,566.4,,999.0,,467.35,256.22,Zone II,39,Gentle (2-5°),Low,Deep (10-25m),Poor,2659,5,61,0,95,203.71,Tiger Reserve,347.15,602.61,635.8,447.89,456.32,,999.0,Yes,High,64.05,,0,0
19.5,78.0,42.5,31.2,26.3,7.0,1.53,38.6,12.4,133.0,229.5,High,Low,27.0,Deep (10-20m) — Low Risk,Low,Raft Foundation,29.11,6.64,40.3,32.84,8.33,17.06,59.44,0.0,1.78,Tropical Wet & Dry,Low,Normal Monsoon,Low,40,Medium,2,175.5,0,0.0,Low,3,Low,392.9,Low,,543.56,,999.0,,420.21,239.39,Zone II,39,Gentle (2-5°),Low,Deep (10-25m),Poor,2318,1,66,0,96,156.67,Tiger Reserve,318.75,552.22,682.93,412.14,422.62,,999.0,No,High,66.3,,0,0
19.5,78.5,39.0,26.0,35.0,7.0,1.55,38.2,12.2,150.0,232.5,Medium,Low,18.2,Deep (10-20m) — Low Risk,Low,Simple Strip Footing,29.24,6.45,41.13,34.09,8.81,14.99,60.73,0.0,1.78,Tropical Wet & Dry,Low,Normal Monsoon,Low,40,Medium,2,175.9,0,0.0,Low,3,Low,400.73,Low,,525.1,,999.0,,374.39,233.51,Zone II,39,Gentle (2-5°),Low,Deep (10-25m),Poor,3987,0,82,3,55,114.28,Tiger Reserve,296.79,502.29,691.32,380.14,392.9,,999.0,No,Medium,76.05,,0,0
19.5,79.0,37.6,24.3,38.1,7.0,1.54,33.7,20.8,159.0,231.0,Medium,Low,15.63,Deep (10-20m) — Low Risk,Low,Simple Strip Footing,29.24,6.45,41.13,34.09,8.81,14.99,60.73,0.0,1.77,Tropical Wet & Dry,Low,Normal Monsoon,Low,40,Medium,2,175.9,0,0.0,Low,3,Low,374.03,Low,,511.51,,999.0,,330.45,239.39,Zone II,39,Gentle (2-5°),Low,Deep (10-25m),Poor,2467,0,65,2,35,83.92,Tiger Reserve,282.81,452.98,660.27,352.92,368.13,,999.0,No,Medium,76.05,,0,0
19.5,79.5,37.2,28.6,34.2,7.0,1.52,29.5,18.6,181.0,228.0,Medium,Low,26.86,Deep (10-20m) — Low Risk,Low,Simple Strip Footing,29.57,6.6,41.56,39.15,10.36,12.63,62.09,0.0,1.77,Tropical Wet & Dry,Low,Normal Monsoon,Low,60,Medium,2,175.3,0,0.0,Low,3,Low,353.28,Low,,503.18,,447.93,,289.24,256.22,Zone II,39,Gentle (2-5°),Low,Deep (10-25m),Poor,2933,0,69,1,75,80.6,Tiger Reserve,277.99,404.5,607.94,331.65,349.36,Low,607.94,No,Medium,72.6,,0,0
19.5,81.0,34.2,41.2,24.7,6.0,1.41,29.2,25.6,268.0,211.5,Medium,Medium,61.96,Shallow (1-3m) — High Risk,Medium,Simple Strip Footing,26.86,5.73,40.08,52.63,12.28,12.6,69.69,0.0,1.77,Tropical Wet & Dry,Low,NE Monsoon,Medium,40,Low,2,193.7,0,0.0,Low,2,High,283.9,Medium,,511.51,,457.24,,199.11,352.21,Zone IV,47,Flat-Coastal (<2°),Low,Shallow (0-3m),Poor,1283,0,63,1,79,194.09,Tiger Reserve,318.75,268.63,450.97,314.11,337.6,Low,450.97,No,Medium,60.35,,0,0
19.5,82.0,28.3,43.6,28.1,6.3,1.43,28.6,20.7,181.0,214.5,Medium,Medium,75.04,Shallow (1-3m) — High Risk,Medium,Simple Strip Footing,26.04,5.51,39.82,53.25,12.26,17.25,73.0,0.0,1.75,Tropical Wet & Dry,Low,NE Monsoon,Medium,40,Low,2,199.4,0,0.0,Low,2,High,192.17,Medium,,474.2,,492.74,,193.58,436.8,Zone IV,47,Flat-Coastal (<2°),Low,Shallow (0-3m),Poor,3707,2,61,0,97,292.91,Tiger Reserve,380.57,197.25,346.39,343.63,366.73,Low,346.39,No,Low,58.8,,0,0
19.5,82.5,28.1,43.0,28.9,6.4,1.43,30.5,22.0,190.0,214.5,Medium,Medium,73.78,Shallow (1-3m) — High Risk,Medium,Simple Strip Footing,26.72,6.15,39.62,53.49,12.08,17.08,72.18,0.0,1.75,Tropical Wet & Dry,Low,NE Monsoon,Medium,40,Low,2,195.2,0,0.0,Low,2,High,152.58,Medium,,422.28,,448.04,,211.04,482.19,Zone IV,47,Flat-Coastal (<2°),Low,Shallow (0-3m),Poor,1309,0,45,0,98,343.61,Tiger Reserve,417.81,174.9,294.14,368.62,326.85,Low,294.14,No,Low,58.8,,0,0
19.5,83.0,29.5,36.9,33.6,5.9,1.25,21.6,33.7,259.0,187.5,Medium,Low,56.85,Shallow (1-3m) — High Risk,Medium,Simple Strip Footing,26.48,5.84,39.21,49.01,10.59,15.69,72.23,0.0,1.67,Tropical Wet & Dry,Low,NE Monsoon,Medium,40,Low,2,196.6,0,0.0,Low,2,High,122.86,Low,,370.48,,396.94,,238.82,494.7,Zone IV,47,Flat-Coastal (<2°),Low,Shallow (0-3m),Poor,6827,0,61,1,2,394.72,Tiger Reserve,456.32,166.79,241.95,398.84,290.86,Low,241.95,No,Low,66.05,,0,0
19.5,83.5,26.9,42.6,30.5,5.9,1.3,16.3,31.7,271.0,195.0,Medium,Medium,74.22,Shallow (1-3m) — High Risk,Medium,Simple Strip Footing,27.22,6.3,39.74,48.51,9.7,15.07,73.08,0.0,1.67,Tropical Wet & Dry,Medium,NE Monsoon,Medium,40,Low,2,192.4,0,0.0,Low,2,High,111.19,Low,,318.84,,346.19,,273.8,461.54,Zone IV,47,Flat-Coastal (<2°),Low,Shallow (0-3m),Poor,3088,0,62,2,49,433.2,Tiger Reserve,493.19,174.9,189.86,433.2,260.36,Low,189.86,No,Low,58.3,,0,0
19.5,84.5,28.9,40.1,31.0,5.7,1.2,19.5,48.5,288.0,180.0,Medium,Medium,65.57,Shallow (1-3m) — High Risk,Medium,Simple Strip Footing,27.38,6.79,39.2,50.04,9.42,15.46,76.85,0.0,1.74,Tropical Wet & Dry,Medium,NE Monsoon,Medium,40,Low,2,191.3,1,3.9,Low,2,High,152.58,Low,,216.56,,246.62,,309.1,407.08,Zone IV,47,Flat-Coastal (<2°),Low,Shallow (0-3m),Poor,2123,1,71,1,90,510.89,Tiger Reserve,526.44,222.39,86.7,510.89,224.57,Low,86.7,No,Low,58.3,,0,0
19.5,94.0,32.4,30.7,37.0,6.2,1.02,28.5,36.1,277.0,153.0,Medium,Low,37.87,Shallow (1-3m) — High Risk,Medium,Simple Strip Footing,29.11,14.3,23.59,70.54,17.53,17.08,79.28,0.0,1.79,Tropical Wet & Dry,Low,Normal Monsoon,Low,0,Low,2,180.4,100,6.8,High,2,High,793.33,Low,,786.8,,635.8,,883.74,675.57,Zone IV,47,Flat-Coastal (<2°),Low,Shallow (0-3m),Poor,400,0,32,0,1,584.49,Tiger Reserve,607.91,813.33,556.36,785.05,570.34,Low,742.97,No,Medium,67.6,,0,0
19.5,95.5,26.3,48.6,25.1,6.6,1.36,14.0,35.5,181.0,204.0,Medium,Medium,89.94,Shallow (1-3m) — High Risk,Low,Simple Strip Footing,29.91,9.1,35.04,17.85,3.67,13.89,62.78,0.0,1.87,Tropical Wet & Dry,Low,Normal Monsoon,Low,20,Low,2,174.0,100,6.8,High,2,High,836.63,Low,,928.14,,779.02,,1028.0,813.27,Zone IV,47,Flat-Coastal (<2°),Low,Shallow (0-3m),Poor,429,3,78,0,100,726.76,Tiger Reserve,749.97,837.03,582.92,780.04,713.25,Low,875.76,No,Low,63.3,,0,0
20.0,73.5,43.5,26.0,30.4,6.6,1.45,37.0,20.3,239.0,217.5,High,Low,12.8,Medium-Deep (5-12m) — Low-Medium Risk,Low,Raft Foundation,26.46,6.53,37.46,58.04,16.63,17.63,66.13,0.0,1.72,Semi-Arid,High,Normal Monsoon,Low,20,Low,2,194.3,4,4.3,Low,3,Low,169.23,Low,,885.34,,999.0,,634.68,118.19,Zone II,39,Gentle (2-5°),Low,Medium-Deep (5-15m),Poor,71488,0,58,0,83,260.13,National Park,661.29,987.61,271.48,306.57,334.57,,999.0,Yes,High,64.3,,0,0
20.0,74.5,43.7,24.6,31.7,7.3,1.58,39.9,11.4,152.0,237.0,High,Low,9.06,Deep (10-20m) — Low Risk,Low,Raft Foundation,27.26,6.38,38.33,30.46,7.12,17.21,60.94,0.0,1.77,Tropical Wet & Dry,Medium,Normal Monsoon,Low,20,Low,2,186.1,3,4.3,Low,3,Low,133.43,Low,,805.61,,999.0,,581.16,195.25,Zone II,39,Gentle (2-5°),Low,Deep (10-25m),Poor,4584,0,77,0,69,326.27,National Park,564.63,920.77,341.76,404.18,430.76,,999.0,Yes,High,66.8,,0,0
20.0,75.5,49.0,24.5,26.5,7.2,1.52,40.8,13.3,134.0,228.0,High,Low,2.45,Deep (10-20m) — Low Risk,Low,Raft Foundation,27.85,6.5,38.37,28.38,5.95,16.44,57.87,0.0,1.77,Tropical Wet & Dry,Medium,Normal Monsoon,Low,20,Low,2,180.1,1,4.1,Low,3,Low,169.23,Low,,732.56,,999.0,,543.25,290.23,Zone II,39,Gentle (2-5°),Low,Deep (10-25m),Poor,26567,0,69,4,67,397.42,Tiger Reserve,471.0,819.18,425.96,504.39,529.91,,999.0,Yes,High,66.8,,0,0
20.0,77.5,44.0,25.6,30.4,7.0,1.61,36.6,11.8,124.0,241.5,High,Low,11.2,Deep (10-20m) — Low Risk,Low,Raft Foundation,28.71,5.66,40.54,32.78,8.42,15.83,58.54,0.0,1.77,Tropical Wet & Dry,Low,Normal Monsoon,Low,40,Low,2,176.6,0,0.0,Low,3,Low,318.49,Low,,615.9,,999.0,,447.1,307.69,Zone II,39,Gentle (2-5°),Low,Deep (10-25m),Poor,3246,5,58,0,100,189.27,Tiger Reserve,304.23,619.48,612.67,410.78,417.03,,999.0,Yes,High,65.3,,0,0
20.0,78.0,41.9,30.2,27.9,7.1,1.61,37.0,11.1,100.0,241.5,High,Low,25.22,Deep (10-20m) — Low Risk,Low,Raft Foundation,29.29,5.62,42.44,34.95,9.18,16.85,59.05,0.0,1.75,Tropical Wet & Dry,Low,Normal Monsoon,Low,60,Low,2,174.3,0,0.0,Low,3,Low,346.74,Low,,595.03,,999.0,,397.74,293.86,Zone II,39,Gentle (2-5°),Low,Deep (10-25m),Poor,2129,0,46,1,98,137.56,Tiger Reserve,271.48,570.74,661.29,371.61,379.98,,999.0,No,High,64.55,,0,0
20.0,79.0,41.0,27.3,31.8,7.1,1.6,34.2,11.7,119.0,240.0,High,Low,19.05,Deep (10-20m) — Low Risk,Low,Raft Foundation,29.55,5.19,43.28,36.23,9.63,14.9,59.97,0.0,1.74,Tropical Wet & Dry,Low,Normal Monsoon,Low,60,Low,2,173.8,0,0.0,Low,3,Low,417.03,Low,,565.99,,999.0,,301.72,293.86,Zone II,39,Gentle (2-5°),Low,Deep (10-25m),Poor,18497,5,77,17,69,38.42,Tiger Reserve,228.37,475.69,659.71,304.85,318.49,,999.0,No,Medium,66.55,,0,0
20.0,79.5,34.2,25.4,40.4,7.1,1.6,34.2,12.1,141.0,240.0,Medium,Low,22.46,Deep (10-20m) — Low Risk,Low,Simple Strip Footing,29.63,5.81,42.86,42.43,11.55,13.44,61.72,0.0,1.74,Tropical Wet & Dry,Low,Normal Monsoon,Low,60,Low,2,174.7,0,0.0,Low,3,Low,406.14,Low,,558.5,,503.17,,256.08,307.69,Zone II,39,Gentle (2-5°),Low,Deep (10-25m),Moderate,187247,2,70,8,71,30.51,Tiger Reserve,222.39,429.93,607.5,280.03,296.67,Low,607.5,No,Medium,75.1,,0,0
20.0,80.5,35.6,30.0,34.4,5.9,1.49,25.6,21.7,165.0,223.5,Medium,Low,32.28,Shallow (1-3m) — High Risk,Medium,Simple Strip Footing,28.12,6.59,40.75,50.97,12.99,10.84,66.55,0.0,1.75,Tropical Wet & Dry,Low,NE Monsoon,Medium,40,Low,2,185.4,0,0.0,Low,2,High,317.86,Low,,558.5,,503.17,,175.82,357.69,Zone II,39,Flat-Coastal (<2°),Low,Shallow (0-3m),Poor,494,0,47,0,98,127.26,Tiger Reserve,245.42,344.29,503.11,255.96,277.99,Low,503.11,No,Medium,70.1,,0,0
20.0,81.0,37.1,34.8,28.1,5.8,1.51,17.9,24.3,161.0,226.5,Medium,Low,42.48,Shallow (1-3m) — High Risk,Medium,Simple Strip Footing,26.84,5.18,40.7,51.5,12.53,14.08,69.45,0.0,1.75,Tropical Wet & Dry,Low,NE Monsoon,Medium,40,Low,2,193.8,0,0.0,Low,2,High,266.66,Low,,565.99,,511.45,,147.32,391.02,Zone II,39,Flat-Coastal (<2°),Low,Shallow (0-3m),Poor,2028,0,38,0,94,178.9,Tiger Reserve,271.48,306.05,450.95,259.09,282.77,Low,450.95,No,Medium,70.1,,0,0
20.0,82.5,31.6,35.9,32.6,6.7,1.44,26.2,15.3,152.0,216.0,Medium,Low,51.83,Shallow (1-3m) — High Risk,Low,Simple Strip Footing,27.42,4.06,42.41,49.85,11.9,14.45,69.73,0.0,1.7,Tropical Wet & Dry,Low,NE Monsoon,Medium,40,Low,2,190.5,0,0.0,Low,2,High,118.21,Low,,417.95,,439.69,,163.03,493.58,Zone II,39,Flat-Coastal (<2°),Low,Shallow (0-3m),Poor,12860,0,87,0,96,322.84,Tiger Reserve,379.98,228.52,294.74,322.84,291.57,Low,294.74,No,Medium,70.6,,0,0
20.0,83.0,29.5,40.8,29.7,6.5,1.35,21.4,30.5,183.0,202.5,Medium,Medium,66.6,Shallow (1-3m) — High Risk,Low,Simple Strip Footing,27.92,5.55,41.17,47.29,11.05,15.51,69.54,0.0,1.69,Tropical Wet & Dry,Medium,NE Monsoon,Medium,40,Low,2,187.7,0,0.0,Low,2,High,76.24,Low,,365.71,,387.67,,197.58,454.59,Zone II,39,Flat-Coastal (<2°),Low,Shallow (0-3m),Poor,12896,0,53,2,8,356.85,Tiger Reserve,417.03,222.39,242.85,356.85,250.7,Low,242.85,No,Low,62.55,,0,0
20.0,84.0,30.4,36.0,33.5,5.8,1.22,20.3,37.2,246.0,183.0,Medium,Low,53.52,Shallow (1-3m) — High Risk,Medium,Simple Strip Footing,27.0,5.16,40.49,49.7,10.96,15.75,71.62,0.0,1.63,Tropical Wet & Dry,Medium,NE Monsoon,Medium,40,Low,2,193.4,1,3.9,Low,2,High,76.24,Low,,261.22,,283.81,,283.2,385.74,Zone II,39,Flat-Coastal (<2°),Low,Shallow (0-3m),Poor,1300,0,65,1,94,435.55,Tiger Reserve,499.07,174.71,140.0,435.55,186.38,Low,140.0,No,Medium,65.6,,0,0
20.0,84.5,26.5,39.7,33.9,5.9,1.28,19.1,39.9,225.0,192.0,Medium,Low,67.45,Shallow (1-3m) — High Risk,Medium,Simple Strip Footing,27.06,5.59,40.24,51.96,10.51,15.39,73.54,0.0,1.63,Tropical Wet & Dry,High,NE Monsoon,Medium,40,Low,2,193.4,1,3.9,Low,2,High,118.21,Low,,208.98,,232.06,,260.13,357.63,Zone II,39,Flat-Coastal (<2°),Low,Shallow (0-3m),Poor,1362,2,77,2,93,478.48,Tiger Reserve,498.67,166.79,90.08,478.48,169.68,Low,90.08,No,Low,63.55,,0,0
20.0,85.0,28.5,39.3,32.2,6.1,1.27,17.3,32.8,204.0,190.5,Medium,Low,64.05,Shallow (1-3m) — High Risk,Medium,Simple Strip Footing,28.83,8.05,39.12,53.3,10.49,18.04,75.81,0.0,1.61,Tropical Wet & Dry,High,NE Monsoon,Medium,40,Low,2,182.9,1,3.9,Low,2,High,166.07,Low,,156.73,,180.57,,237.39,335.21,Zone II,39,Flat-Coastal (<2°),Low,Shallow (0-3m),Poor,7592,0,54,0,78,465.98,Tiger Reserve,452.81,174.71,45.8,523.03,168.08,Medium,45.8,No,Low,62.5,,0,0
20.0,86.0,30.7,29.7,39.6,6.5,1.28,18.4,23.7,213.0,192.0,Medium,Low,37.41,Shallow (1-3m) — High Risk,Low,Simple Strip Footing,29.13,12.97,27.45,57.96,10.87,22.63,83.08,0.0,1.61,Tropical Wet & Dry,Very High,NE Monsoon,Medium,10,Low,2,178.4,1,3.9,Low,2,High,266.66,Low,Low,52.24,Low,80.33,,223.36,312.03,Zone II,39,Flat-Coastal (<2°),Low,Shallow (0-3m),Poor,109023,3,64,6,33,376.39,Tiger Reserve,365.96,228.35,80.45,615.57,208.3,Low,80.45,No,Medium,62.35,,0,0
20.0,94.0,27.5,39.6,32.9,5.5,1.2,21.8,34.2,309.0,180.0,Medium,Low,66.0,Shallow (1-3m) — High Risk,Medium,Simple Strip Footing,27.92,10.64,28.85,62.08,15.87,12.91,77.56,0.0,1.82,Tropical Wet & Dry,Low,Normal Monsoon,Low,0,Low,2,188.0,100,6.8,High,2,High,738.81,Low,,783.6,,612.67,,861.61,648.11,Zone II,39,Flat-Coastal (<2°),Low,Shallow (0-3m),Poor,69,1,51,0,42,560.51,Tiger Reserve,583.77,757.84,500.8,729.94,546.9,Low,733.86,No,Low,72.55,,0,0
20.0,94.5,31.2,40.4,28.5,6.5,1.35,22.6,26.1,191.0,202.5,Medium,Medium,63.56,Shallow (1-3m) — High Risk,Low,Simple Strip Footing,27.61,7.69,33.99,35.09,8.33,11.68,72.42,0.0,1.82,Tropical Wet & Dry,Low,Normal Monsoon,Low,10,Low,2,190.0,100,6.8,High,2,High,751.05,Low,,835.83,,661.29,,910.3,694.84,Zone II,39,Flat-Coastal (<2°),Low,Shallow (0-3m),Poor,2528,0,57,1,97,608.9,Tiger Reserve,632.06,762.97,505.53,724.57,595.53,Low,785.7,No,Medium,67.35,,0,0
20.0,95.0,32.4,35.8,31.7,6.6,1.31,20.0,30.6,123.0,196.5,Medium,Low,50.62,Shallow (1-3m) — High Risk,Low,Simple Strip Footing,29.96,9.07,35.1,20.25,4.19,13.23,64.2,0.0,1.87,Tropical Wet & Dry,Low,Normal Monsoon,Low,20,Low,2,174.6,100,6.8,High,2,High,766.5,Low,,888.06,,710.37,,959.31,742.24,Zone II,39,Flat-Coastal (<2°),Low,Shallow (0-3m),Poor,852,0,52,0,94,657.84,Tiger Reserve,680.87,771.44,515.38,722.77,644.67,Low,837.57,No,Medium,71.35,,0,0
20.0,95.5,30.7,36.6,32.7,6.7,1.34,17.4,22.8,177.0,201.0,Medium,Low,54.66,Shallow (1-3m) — High Risk,Low,Simple Strip Footing,29.9,8.95,34.75,15.68,2.86,15.44,61.19,0.0,1.87,Tropical Wet & Dry,Low,Normal Monsoon,Low,20,Low,2,173.0,100,6.8,High,2,High,784.97,Low,,940.29,,759.83,,1008.6,790.19,Zone II,39,Flat-Coastal (<2°),Low,Shallow (0-3m),Poor,69,0,38,0,52,707.19,Tiger Reserve,730.11,783.14,530.06,724.57,694.22,Low,889.47,No,Medium,69.35,,0,0
20.0,96.5,27.4,41.1,31.5,5.5,1.13,20.7,44.5,319.0,169.5,Medium,Medium,69.87,Shallow (1-3m) — High Risk,Medium,Simple Strip Footing,28.64,8.95,33.79,20.99,3.61,11.19,62.67,0.0,1.83,Tropical Wet & Dry,Low,Normal Monsoon,Low,20,Low,2,180.4,100,6.0,High,2,High,830.12,Low,,1018.51,,859.59,,1107.83,887.37,Zone II,39,Flat-Coastal (<2°),Low,Shallow (0-3m),Poor,2008,2,61,1,90,799.15,National Park,806.25,815.65,572.3,738.81,773.53,Low,964.88,No,Low,64.8,,0,0
20.0,97.0,28.0,41.6,30.4,6.1,1.27,15.0,25.7,227.0,190.5,Medium,Medium,70.4,Shallow (1-3m) — High Risk,Medium,Simple Strip Footing,24.11,5.36,32.89,32.5,5.96,8.0,73.23,0.0,1.82,Tropical Wet & Dry,Low,Normal Monsoon,Low,0,Low,2,211.4,100,5.8,High,2,High,856.38,Low,,1040.97,,909.81,,1157.73,936.48,Zone II,39,Flat-Coastal (<2°),Low,Shallow (0-3m),Poor,1632,3,85,0,53,820.68,National Park,830.12,836.1,598.96,751.05,793.15,Low,986.78,No,Low,66.55,,0,0
20.5,74.0,46.1,23.2,30.7,6.7,1.54,38.6,11.5,154.0,231.0,High,Low,2.68,Medium-Deep (5-12m) — Low-Medium Risk,Low,Raft Foundation,26.95,6.67,37.69,53.54,15.63,17.82,64.69,0.0,1.77,Tropical Wet & Dry,Medium,Normal Monsoon,Low,20,Low,2,190.7,5,4.3,Low,4,Low,93.58,Low,,881.66,,999.0,,654.53,146.99,Zone III,44,Gentle (2-5°),Low,Medium-Deep (5-15m),Poor,7124,0,62,0,8,250.23,National Park,593.84,984.65,266.04,339.25,364.21,,999.0,Yes,High,64.3,,0,0
20.5,74.5,43.2,25.3,31.6,7.4,1.51,40.6,10.4,130.0,226.5,High,Low,11.41,Deep (10-20m) — Low Risk,Low,Raft Foundation,27.28,5.95,38.98,30.46,7.45,17.57,60.27,0.0,1.77,Tropical Wet & Dry,Medium,Normal Monsoon,Low,20,Low,2,185.4,4,4.3,Low,4,Low,77.84,Low,,844.34,,999.0,,631.48,193.04,Zone III,44,Gentle (2-5°),Low,Deep (10-25m),Poor,2165,1,72,1,97,290.91,National Park,544.31,934.43,308.12,390.34,414.76,,999.0,Yes,High,64.3,,0,0
20.5,75.5,51.5,24.4,24.1,7.1,1.43,45.0,18.4,132.0,214.5,High,Low,0.1,Deep (10-20m) — Low Risk,Low,Raft Foundation,28.24,6.11,39.68,28.98,6.45,18.57,57.35,0.0,1.77,Tropical Wet & Dry,Low,Normal Monsoon,Low,40,Low,2,177.6,1,4.1,Low,3,Low,129.83,Low,,775.17,,999.0,,596.87,291.16,Zone III,44,Gentle (2-5°),Low,Deep (10-25m),Poor,24369,3,46,1,99,365.18,National Park,446.81,834.83,399.21,493.07,516.7,,999.0,Yes,High,64.05,,0,0
20.5,76.5,50.4,23.9,25.7,7.1,1.53,44.6,13.4,150.0,229.5,High,Low,0.1,Deep (10-20m) — Low Risk,Low,Raft Foundation,28.34,5.5,40.89,30.28,7.22,17.22,57.28,0.0,1.78,Tropical Wet & Dry,Low,Normal Monsoon,Low,40,Low,2,177.1,1,4.1,Low,3,Low,221.92,Low,,715.03,,999.0,,535.62,392.27,Zone III,44,Gentle (2-5°),Low,Deep (10-25m),Poor,13335,2,71,0,99,290.05,National Park,352.8,736.7,495.25,469.26,469.76,,999.0,Yes,High,64.8,,0,0
20.5,77.0,45.7,23.7,30.5,7.3,1.62,44.1,12.1,109.0,243.0,High,Low,4.41,Deep (10-20m) — Low Risk,Low,Raft Foundation,28.88,5.72,40.97,31.22,7.82,16.28,56.82,0.0,1.77,Tropical Wet & Dry,Low,Normal Monsoon,Low,40,Low,2,174.0,0,0.0,Low,3,Low,245.27,Low,,689.1,,999.0,,484.28,379.08,Zone III,44,Gentle (2-5°),Low,Deep (10-25m),Poor,76477,0,56,0,52,242.09,Tiger Reserve,308.12,688.39,544.31,423.02,424.91,,999.0,Yes,High,64.8,,0,0
20.5,79.0,42.2,22.7,35.1,7.2,1.6,39.7,14.1,173.0,240.0,High,Low,6.11,Deep (10-20m) — Low Risk,Low,Raft Foundation,29.38,4.26,44.33,37.18,9.91,14.26,59.8,0.0,1.74,Tropical Wet & Dry,Low,Normal Monsoon,Low,60,Low,2,174.5,1,4.3,Low,3,Low,381.8,Low,,620.66,,999.0,,281.16,348.69,Zone III,44,Gentle (2-5°),Low,Deep (10-25m),Poor,26057,11,66,27,58,45.73,Tiger Reserve,174.66,503.54,663.8,259.8,271.18,,999.0,No,Medium,63.3,,0,0
20.5,79.5,41.7,22.8,35.5,7.2,1.61,36.8,14.3,159.0,241.5,High,Low,6.96,Deep (10-20m) — Low Risk,Low,Raft Foundation,29.36,4.64,44.1,44.16,11.98,14.13,61.66,0.0,1.74,Tropical Wet & Dry,Low,Normal Monsoon,Low,60,Low,2,176.0,1,4.3,Low,3,Low,416.6,Low,,613.86,,558.48,,231.68,360.39,Zone III,44,Gentle (2-5°),Low,Deep (10-25m),Poor,80826,3,59,16,76,39.34,Tiger Reserve,166.79,460.7,612.11,230.28,245.27,Low,612.11,No,Medium,63.6,,0,0
20.5,80.0,38.8,22.3,38.9,7.2,1.56,32.5,14.5,172.0,234.0,Medium,Low,9.19,Shallow (1-3m) — High Risk,Low,Simple Strip Footing,28.96,5.59,42.75,49.18,13.22,13.62,64.02,0.0,1.75,Tropical Wet & Dry,Low,Normal Monsoon,Low,60,Low,2,179.6,1,4.3,Low,2,High,364.53,Low,,611.57,,555.97,,183.58,379.08,Zone III,44,Flat-Coastal (<2°),Low,Shallow (0-3m),Poor,7170,1,58,6,30,80.24,Tiger Reserve,174.66,420.04,560.51,209.57,228.33,Low,560.51,No,Medium,68.85,,0,0
20.5,80.5,38.7,30.2,31.1,5.9,1.32,29.1,45.3,258.0,198.0,Medium,Low,29.06,Shallow (1-3m) — High Risk,Medium,Simple Strip Footing,28.17,4.93,42.68,49.75,12.95,14.82,66.21,0.0,1.75,Tropical Wet & Dry,Low,NE Monsoon,Medium,40,Very High,2,185.0,0,0.0,Low,2,High,312.46,Low,,613.86,,558.48,,138.29,403.79,Zone III,44,Flat-Coastal (<2°),High,Shallow (0-3m),Poor,1042,0,42,0,100,129.48,Tiger Reserve,196.36,382.28,509.04,200.42,222.39,Low,509.04,No,Medium,60.85,,0,0
20.5,81.5,33.3,41.3,25.4,6.7,1.5,19.9,17.9,182.0,225.0,Medium,Medium,63.29,Shallow (1-3m) — High Risk,Low,Simple Strip Footing,27.65,4.21,42.56,49.87,12.64,16.42,67.62,0.0,1.75,Tropical Wet & Dry,Low,NE Monsoon,Medium,40,Very High,2,188.5,0,0.0,Low,2,High,208.31,Low,,524.54,,542.38,,78.53,467.26,Zone III,44,Flat-Coastal (<2°),High,Shallow (0-3m),Poor,35879,0,61,1,9,220.77,Tiger Reserve,266.04,319.48,406.64,220.77,245.27,Low,406.64,No,Medium,55.35,,0,0
20.5,82.0,36.7,37.7,25.6,6.1,1.39,24.5,27.6,150.0,208.5,Medium,Low,50.21,Shallow (1-3m) — High Risk,Medium,Simple Strip Footing,27.58,3.51,43.21,49.2,12.42,16.74,67.5,0.0,1.7,Tropical Wet & Dry,Low,NE Monsoon,Medium,40,Very High,2,188.8,0,0.0,Low,2,High,156.23,Low,,472.71,,490.33,,88.24,503.76,Zone III,44,Flat-Coastal (<2°),High,Shallow (0-3m),Poor,6574,0,56,1,88,247.11,Tiger Reserve,303.75,282.33,355.88,247.11,271.18,Low,355.88,No,Medium,58.85,,0,0
20.5,83.5,31.4,35.9,32.6,6.7,1.43,22.4,16.1,166.0,214.5,Medium,Low,52.07,Shallow (1-3m) — High Risk,Low,Simple Strip Footing,27.99,4.76,42.02,50.39,11.95,16.0,69.52,0.0,1.69,Tropical Wet & Dry,Medium,NE Monsoon,Medium,40,Very High,2,187.3,2,4.8,Medium,2,High,0.0,Low,,317.86,,334.24,,212.22,378.49,Zone III,44,Flat-Coastal (<2°),High,Shallow (0-3m),Poor,2989,0,76,2,53,360.81,Tiger Reserve,424.91,152.12,207.95,360.81,174.86,Low,207.95,No,Medium,55.6,,0,0
20.5,93.0,31.9,33.4,34.7,5.7,1.27,24.6,34.7,273.0,190.5,Medium,Low,45.22,Shallow (1-3m) — High Risk,Medium,Simple Strip Footing,27.85,9.0,31.88,99.26,25.04,12.73,80.03,0.0,1.76,Tropical Wet & Dry,Low,Normal Monsoon,Low,10,Low,2,187.6,100,6.8,High,2,High,669.11,Low,,680.32,,495.25,,744.26,529.91,Zone III,44,Flat-Coastal (<2°),Low,Shallow (0-3m),Poor,404,4,58,0,83,442.91,Tiger Reserve,466.1,702.37,452.3,679.51,429.48,Low,624.87,No,Medium,68.85,,0,0
20.5,94.5,31.7,39.7,28.6,6.6,1.37,23.4,20.6,163.0,205.5,Medium,Low,61.21,Shallow (1-3m) — High Risk,Low,Simple Strip Footing,28.42,8.05,34.87,32.98,7.52,10.73,66.31,0.0,1.82,Tropical Wet & Dry,Low,Normal Monsoon,Low,20,Low,2,183.7,100,6.8,High,2,High,697.6,Low,,836.34,,643.73,,892.12,672.62,Zone III,44,Flat-Coastal (<2°),Low,Shallow (0-3m),Poor,401,3,59,0,67,591.0,Tiger Reserve,613.76,707.88,450.55,669.11,578.32,Low,780.89,No,Medium,69.35,,0,0
20.5,95.0,31.9,40.6,27.5,6.9,,21.8,36.5,183.0,,Medium,Unknown,63.22,Shallow (1-3m) — High Risk,Low,Isolated Footing,29.72,8.46,35.17,17.85,3.28,13.41,62.6,0.0,1.87,Tropical Wet & Dry,Low,Normal Monsoon,Low,20,Low,2,174.9,100,6.8,High,2,High,714.15,Low,,888.38,,693.89,,941.92,721.32,Zone III,44,Flat-Coastal (<2°),Low,Shallow (0-3m),Poor,835,0,50,0,96,641.14,Tiger Reserve,663.76,716.97,461.54,667.17,628.65,Low,832.89,No,Medium,59.6,,0,0
20.5,95.5,29.2,42.7,28.1,7.0,1.29,23.0,54.0,159.0,193.5,Medium,Medium,71.71,Shallow (1-3m) — High Risk,Low,Simple Strip Footing,29.64,8.35,34.98,13.36,2.15,14.75,59.72,0.0,1.87,Tropical Wet & Dry,Low,Normal Monsoon,Low,20,Low,2,173.1,100,6.8,High,2,High,733.87,Low,,940.42,,744.28,,991.9,770.41,Zone III,44,Flat-Coastal (<2°),Low,Shallow (0-3m),Poor,63,0,44,1,50,691.53,Tiger Reserve,714.02,729.5,477.82,669.11,679.21,Low,884.9,No,Low,65.3,,0,0
20.5,97.0,32.7,37.7,29.7,5.6,1.12,16.5,34.3,266.0,168.0,Medium,Low,55.01,Shallow (1-3m) — High Risk,Medium,Simple Strip Footing,23.27,3.6,34.09,23.7,4.18,9.64,70.87,0.0,1.82,Tropical Wet & Dry,Low,Normal Monsoon,Low,0,Low,2,215.9,100,6.6,High,2,High,809.55,Low,,1090.86,,896.4,,1142.74,919.39,Zone III,44,Flat-Coastal (<2°),Low,Shallow (0-3m),Poor,18561,1,80,1,67,771.06,National Park,781.82,785.89,553.02,697.6,742.59,Low,1036.93,No,Medium,69.6,,0,0
21.0,70.5,29.1,37.5,33.4,7.0,1.5,21.4,11.4,125.0,225.0,Medium,Low,58.83,Shallow (1-3m) — High Risk,Low,Simple Strip Footing,28.75,9.53,33.96,30.54,10.2,18.68,68.32,0.0,1.69,Semi-Arid,Medium,Normal Monsoon,Low,20,Low,2,182.7,10,5.1,Medium,2,High,303.26,Low,,1205.4,,1174.4,,926.54,147.84,Zone III,44,Gentle (2-5°),Low,Medium-Deep (5-15m),Moderate,78586,6,61,17,73,33.06,National Park,863.66,1228.98,190.91,33.06,34.93,Low,166.79,No,Medium,66.65,,0,0
21.0,71.0,35.2,33.5,31.3,7.1,1.52,23.2,10.4,142.0,228.0,Medium,Low,41.51,Shallow (1-3m) — High Risk,Low,Simple Strip Footing,29.1,10.0,33.62,30.0,9.5,19.97,65.52,0.0,1.71,Semi-Arid,Medium,Normal Monsoon,Low,20,Low,2,179.7,9,5.1,Medium,2,High,270.87,Low,,1161.77,,1129.69,,888.76,146.02,Zone III,44,Gentle (2-5°),Low,Medium-Deep (5-15m),Poor,44198,1,62,7,83,23.55,National Park,826.54,1201.41,151.88,23.55,53.23,Low,174.6,No,High,62.85,,0,0
21.0,71.5,33.4,30.4,36.1,7.1,1.46,25.1,18.3,142.0,219.0,Medium,Low,35.92,Shallow (1-3m) — High Risk,Low,Simple Strip Footing,29.1,10.0,33.62,30.0,9.5,19.97,65.52,0.0,1.71,Semi-Arid,Medium,Normal Monsoon,Low,20,Low,2,179.7,12,5.1,Medium,2,High,245.12,Low,,1118.94,,1085.71,,852.58,136.68,Zone III,44,Gentle (2-5°),Low,Medium-Deep (5-15m),Moderate,31519,1,74,1,95,73.49,National Park,790.97,1175.62,122.64,73.49,99.12,Low,196.18,No,High,68.6,,0,0
21.0,73.0,37.8,35.9,26.3,7.0,1.52,27.9,18.5,181.0,228.0,Medium,Low,44.39,Medium-Deep (5-12m) — Low-Medium Risk,Low,Simple Strip Footing,29.56,7.8,38.51,59.99,18.45,16.37,65.03,0.0,1.74,Semi-Arid,Medium,Normal Monsoon,Low,40,Low,2,177.1,6,4.3,Low,4,Low,157.19,Low,,996.19,,999.0,,755.87,30.41,Zone III,44,Gentle (2-5°),Low,Medium-Deep (5-15m),Poor,71667,0,70,0,47,138.62,National Park,681.55,1099.67,151.88,228.57,251.11,Low,307.37,No,High,69.1,,0,0
21.0,74.0,44.5,28.3,27.2,6.9,1.55,38.7,11.9,159.0,232.5,High,Low,17.35,Medium-Deep (5-12m) — Low-Medium Risk,Low,Raft Foundation,28.25,7.37,38.15,49.34,14.7,17.69,62.99,0.0,1.73,Tropical Wet & Dry,Medium,Normal Monsoon,Low,40,Low,2,182.6,4,4.3,Low,4,Low,56.44,Low,,920.44,,999.0,,703.92,126.46,Zone III,44,Gentle (2-5°),Low,Medium-Deep (5-15m),Poor,9214,0,72,0,54,216.89,National Park,579.74,1000.35,234.9,332.26,354.16,,999.0,No,High,62.55,,0,0
21.0,76.5,46.2,25.6,28.1,7.4,1.55,40.6,10.8,127.0,232.5,High,Low,8.56,Deep (10-20m) — Low Risk,Low,Raft Foundation,29.11,6.06,41.8,31.48,7.96,17.2,56.5,0.0,1.74,Tropical Wet & Dry,Low,Normal Monsoon,Low,40,Low,2,172.6,1,4.1,Low,3,Low,174.6,Low,,762.85,,999.0,,529.52,384.47,Zone III,44,Gentle (2-5°),Low,Deep (10-25m),Poor,20064,0,51,0,99,249.75,National Park,329.68,758.46,478.63,447.69,445.49,,999.0,No,High,66.3,,0,0
21.0,78.0,42.5,23.6,33.9,7.4,1.61,47.5,12.8,122.0,241.5,High,Low,8.0,Deep (10-20m) — Low Risk,Low,Raft Foundation,29.05,4.01,43.62,36.15,9.71,15.97,57.45,0.0,1.74,Tropical Wet & Dry,Low,Normal Monsoon,Low,40,Low,2,173.9,0,0.0,Low,3,Low,265.48,Low,,699.85,,999.0,,374.12,403.73,Zone III,44,Gentle (2-5°),Low,Deep (10-25m),Poor,117338,1,69,1,90,155.51,Tiger Reserve,190.91,621.16,630.58,305.12,307.37,,999.0,No,High,65.05,,0,0
21.0,79.0,45.1,17.1,37.9,7.3,1.58,45.6,13.7,139.0,237.0,High,Low,0.1,Deep (10-20m) — Low Risk,Low,Raft Foundation,28.95,3.59,44.41,37.27,9.85,14.33,59.23,0.0,1.73,Tropical Wet & Dry,Low,Normal Monsoon,Low,40,Low,2,176.1,1,4.3,Low,3,Low,351.86,Low,,675.49,,999.0,,270.64,403.73,Zone III,44,Gentle (2-5°),Low,Deep (10-25m),Poor,225259,1,75,2,42,83.81,Tiger Reserve,122.64,535.72,672.47,219.63,227.63,,999.0,No,Medium,67.8,,0,0
21.0,79.5,40.7,17.8,41.4,7.4,1.57,46.3,15.6,158.0,235.5,High,Low,0.1,Deep (10-20m) — Low Risk,Low,Raft Foundation,29.15,3.59,44.83,43.7,11.66,14.96,60.37,0.0,1.73,Tropical Wet & Dry,Low,Normal Monsoon,Low,60,Low,2,176.1,1,4.3,Low,3,Low,398.08,Low,,669.26,,613.84,,218.98,413.84,Zone III,44,Gentle (2-5°),Low,Deep (10-25m),Poor,34517,4,73,11,58,80.55,Tiger Reserve,111.19,495.8,621.67,183.9,196.18,Low,621.67,No,Medium,63.6,,0,0
21.0,80.5,43.6,23.1,33.3,6.3,1.55,29.9,14.9,154.0,232.5,High,Low,5.43,Shallow (1-3m) — High Risk,Medium,Raft Foundation,28.23,3.77,43.78,47.7,12.45,13.49,64.08,0.0,1.71,Tropical Wet & Dry,Low,NE Monsoon,Medium,40,Very High,2,183.4,1,4.3,Low,2,High,316.86,Low,,634.69,,613.84,,116.26,452.03,Zone III,44,Flat-Coastal (<2°),High,Shallow (0-3m),Poor,9115,0,65,0,99,144.92,Tiger Reserve,151.88,418.24,520.85,144.92,166.79,Low,520.85,No,Medium,53.85,,0,0
21.0,84.0,36.8,25.8,37.4,6.6,1.46,25.6,16.3,205.0,219.0,Medium,Low,20.34,Shallow (1-3m) — High Risk,Low,Simple Strip Footing,28.83,5.56,42.39,50.15,12.41,16.07,67.97,0.0,1.63,Tropical Wet & Dry,Medium,NE Monsoon,Medium,40,Very High,2,182.1,2,4.8,Medium,2,High,76.12,Low,,283.13,,291.52,,216.89,302.61,Zone III,44,Flat-Coastal (<2°),High,Shallow (0-3m),Poor,21057,0,65,0,86,379.95,Tiger Reserve,445.49,76.0,198.15,379.95,99.82,Low,198.15,No,Medium,56.85,,0,0
21.0,84.5,33.3,35.3,31.4,6.4,1.42,21.9,19.8,179.0,213.0,Medium,Low,48.29,Shallow (1-3m) — High Risk,Medium,Simple Strip Footing,28.44,4.04,43.34,52.51,12.0,16.21,69.57,0.0,1.63,Tropical Wet & Dry,Medium,NE Monsoon,Medium,40,Very High,2,184.8,2,4.8,Medium,2,High,117.91,Low,,236.12,,241.78,,174.51,266.12,Zone III,44,Flat-Coastal (<2°),High,Shallow (0-3m),Poor,10800,3,65,1,80,428.18,Tiger Reserve,458.53,55.6,166.89,428.18,63.7,Low,166.89,No,Medium,53.1,,0,0
21.0,85.0,32.0,39.3,28.7,6.3,1.4,16.8,19.0,153.0,210.0,Medium,Low,59.85,Shallow (1-3m) — High Risk,Medium,Simple Strip Footing,28.24,4.53,42.87,52.94,11.37,16.96,73.12,0.0,1.53,Tropical Wet & Dry,High,NE Monsoon,Medium,40,Very High,2,186.5,3,4.8,Medium,2,High,165.59,Low,,191.76,,193.25,,138.62,235.34,Zone III,44,Flat-Coastal (<2°),Low,Shallow (0-3m),Poor,10336,1,61,1,85,425.88,Tiger Reserve,408.55,76.0,147.9,477.14,59.34,Low,147.9,No,Medium,68.35,,0,0
21.0,85.5,27.5,37.6,34.9,5.9,1.25,19.8,38.1,205.0,187.5,Medium,Low,61.0,Shallow (1-3m) — High Risk,Medium,Simple Strip Footing,28.16,5.24,42.07,54.54,10.97,17.28,76.28,0.0,1.53,Tropical Wet & Dry,High,NE Monsoon,Medium,40,Very High,2,186.8,3,4.5,Medium,2,High,215.27,Low,,152.35,,147.13,,115.45,212.78,Zone III,44,Flat-Coastal (<2°),Low,Shallow (0-3m),Poor,3651,2,60,0,100,375.78,Tiger Reserve,359.05,117.61,146.05,526.61,91.4,Low,146.05,No,Low,68.8,,0,0
21.0,86.5,42.8,22.5,34.7,6.5,1.31,17.2,28.3,205.0,196.5,High,Low,4.89,Shallow (1-3m) — High Risk,Low,Raft Foundation,28.54,6.37,40.99,57.36,10.57,15.48,78.1,0.0,1.52,Tropical Wet & Dry,High,NE Monsoon,Medium,40,Very High,2,184.1,3,4.5,Medium,2,High,282.71,Low,,111.19,Low,80.57,,132.7,202.53,Zone III,44,Flat-Coastal (<2°),Low,Shallow (0-3m),Poor,3730,0,50,1,92,277.41,Tiger Reserve,262.65,214.59,191.17,605.99,184.74,Low,61.74,No,Medium,62.35,,0,0
21.0,86.0,37.0,31.4,31.5,6.2,1.33,17.6,22.5,182.0,199.5,Medium,Low,34.1,Shallow (1-3m) — High Risk,Medium,Simple Strip Footing,28.54,6.37,40.99,57.36,10.57,15.48,78.1,0.0,1.52,Tropical Wet & Dry,High,NE Monsoon,Medium,40,Very High,2,184.1,3,4.5,Medium,2,High,265.83,Low,,122.79,,106.6,,113.1,201.21,Zone III,44,Flat-Coastal (<2°),Low,Shallow (0-3m),Poor,5162,2,52,0,98,326.2,Tiger Reserve,310.28,165.09,161.93,576.47,136.22,Low,109.14,No,Medium,68.35,,0,0
21.0,94.0,28.7,33.9,37.3,5.5,1.05,19.9,48.1,392.0,157.5,Medium,Low,50.31,Shallow (1-3m) — High Risk,Medium,Simple Strip Footing,24.46,4.22,34.31,46.84,11.47,6.84,73.21,0.0,1.77,Tropical Wet & Dry,Low,Normal Monsoon,Low,0,Low,2,209.2,100,6.8,High,2,High,630.32,Low,,788.94,,579.74,,826.78,604.86,Zone III,44,Flat-Coastal (<2°),Low,Shallow (0-3m),Poor,27679,1,63,1,97,527.03,Tiger Reserve,549.32,646.93,389.72,619.97,515.0,Low,728.1,No,Low,70.05,,0,0
21.0,94.5,24.4,46.4,29.2,6.6,1.41,19.3,23.5,202.0,211.5,Low,Medium,86.72,Shallow (1-3m) — High Risk,Low,Simple Strip Footing,28.37,8.55,34.15,28.39,6.03,12.59,61.98,0.0,1.77,Tropical Wet & Dry,Low,Normal Monsoon,Low,20,Low,2,181.2,100,6.8,High,2,High,644.52,Low,,840.52,,630.58,,877.08,654.36,Zone III,44,Flat-Coastal (<2°),Low,Shallow (0-3m),Poor,5418,0,64,0,97,577.91,Tiger Reserve,600.06,652.88,395.74,613.68,566.05,Low,779.99,No,Low,70.55,,0,0
21.0,95.0,27.6,44.3,28.1,6.9,1.34,21.9,44.9,178.0,201.0,Medium,Medium,77.63,Shallow (1-3m) — High Risk,Low,Simple Strip Footing,29.95,9.08,34.45,14.78,2.3,15.4,59.22,0.0,1.84,Tropical Wet & Dry,Low,Normal Monsoon,Low,20,Low,2,171.3,100,6.8,High,2,High,662.33,Low,,892.14,,681.55,,927.51,704.16,Zone III,44,Flat-Coastal (<2°),Low,Shallow (0-3m),Poor,30775,1,64,0,95,628.93,Tiger Reserve,644.52,662.69,408.16,611.57,617.22,Low,831.89,No,Low,63.3,,0,0
21.0,96.5,31.7,33.8,34.5,6.2,1.22,20.3,32.5,298.0,183.0,Medium,Low,46.46,Shallow (1-3m) — High Risk,Medium,Simple Strip Footing,28.85,8.69,33.92,11.67,1.72,12.25,57.2,0.0,1.82,Tropical Wet & Dry,Low,Normal Monsoon,Low,20,Low,2,174.6,100,5.8,High,2,High,734.54,Low,,1047.27,,834.99,,1079.45,854.85,Zone III,44,Flat-Coastal (<2°),Low,Shallow (0-3m),Poor,2536,0,75,1,92,697.92,National Park,707.64,713.32,477.58,630.32,670.4,Low,987.6,No,Medium,68.35,,0,0
21.0,96.0,31.7,31.8,36.5,6.7,1.32,21.2,28.6,141.0,198.0,Medium,Low,41.46,Shallow (1-3m) — High Risk,Low,Simple Strip Footing,28.85,8.69,33.92,11.67,1.72,12.25,57.2,0.0,1.82,Tropical Wet & Dry,Low,Normal Monsoon,Low,20,Low,2,174.6,100,6.8,High,2,High,707.64,Low,,995.53,,783.77,,1028.72,804.45,Zone III,44,Flat-Coastal (<2°),Low,Shallow (0-3m),Poor,871,10,46,1,83,676.48,National Park,683.47,693.14,449.81,619.97,651.23,Low,935.69,No,Medium,68.6,,0,0
21.5,70.0,24.1,38.0,37.9,7.1,1.44,22.0,15.1,132.0,216.0,Low,Low,66.08,Shallow (1-3m) — High Risk,Low,Simple Strip Footing,29.06,9.62,33.76,29.42,9.69,18.04,67.63,0.0,1.69,Semi-Arid,High,Normal Monsoon,Low,20,Low,2,180.8,53,5.4,High,2,High,306.61,Low,,1278.94,,1247.16,,1002.27,121.35,Zone III,44,Gentle (2-5°),Low,Medium-Deep (5-15m),Moderate,41443,1,72,3,69,94.06,National Park,866.52,1303.95,213.91,94.06,65.98,Low,122.56,No,Medium,69.6,,0,0
21.5,70.5,27.6,38.4,34.0,6.2,1.4,27.3,31.8,265.0,210.0,Medium,Low,62.88,Shallow (1-3m) — High Risk,Medium,Simple Strip Footing,28.94,6.34,40.68,29.76,9.59,16.55,61.73,0.0,1.69,Semi-Arid,High,Normal Monsoon,Low,40,Low,2,178.2,56,5.4,High,2,High,264.92,Low,,1235.79,,1202.99,,964.69,94.19,Zone III,44,Gentle (2-5°),Low,Medium-Deep (5-15m),Moderate,65404,5,69,12,70,54.26,National Park,826.56,1275.87,164.59,54.26,24.53,Low,111.19,No,Medium,57.85,,0,0
21.5,71.0,29.7,39.2,31.1,7.2,1.42,24.5,9.5,112.0,213.0,Medium,Low,62.36,Shallow (1-3m) — High Risk,Low,Simple Strip Footing,29.26,6.49,40.88,28.85,8.78,17.52,58.58,0.0,1.71,Semi-Arid,Medium,Normal Monsoon,Low,40,Low,2,174.0,27,5.1,Medium,2,High,227.26,Low,,1193.4,,1159.53,,928.58,91.32,Zone III,44,Gentle (2-5°),Low,Medium-Deep (5-15m),Moderate,19505,1,67,3,80,49.07,National Park,787.85,1249.42,117.29,49.07,47.01,Low,122.56,No,Medium,64.9,,0,0
21.5,71.5,24.5,36.7,38.8,7.2,1.48,30.4,9.4,138.0,222.0,Low,Low,62.35,Shallow (1-3m) — High Risk,Low,Simple Strip Footing,29.26,6.49,40.88,28.85,8.78,17.52,58.58,0.0,1.71,Semi-Arid,Medium,Normal Monsoon,Low,40,Low,2,174.0,14,5.1,Medium,2,High,195.99,Low,,1151.87,,1116.85,,894.12,114.58,Zone III,44,Gentle (2-5°),Low,Medium-Deep (5-15m),Moderate,15673,1,64,6,91,85.07,National Park,750.58,1224.71,75.88,85.07,95.79,Low,151.63,No,Medium,71.35,,0,0
21.5,72.0,26.9,39.7,33.3,7.1,1.59,30.1,9.5,131.0,238.5,Medium,Low,66.97,Shallow (1-3m) — High Risk,Low,Simple Strip Footing,29.71,7.5,38.25,30.59,9.05,18.27,60.38,0.0,1.73,Semi-Arid,Medium,Normal Monsoon,Low,40,Low,2,173.3,12,5.1,Medium,2,High,174.55,Low,,1111.29,,1075.07,,861.52,89.31,Zone III,44,Gentle (2-5°),Low,Medium-Deep (5-15m),Moderate,115742,2,77,2,91,59.31,National Park,714.98,1201.84,55.6,132.04,146.64,Low,190.47,No,Medium,66.1,,0,0
21.5,73.0,35.9,35.0,29.1,6.8,1.54,30.3,11.4,123.0,231.0,Medium,Low,44.42,Medium-Deep (5-12m) — Low-Medium Risk,Low,Simple Strip Footing,29.74,7.19,40.05,48.94,14.87,17.95,61.75,0.0,1.74,Semi-Arid,Medium,Normal Monsoon,Low,40,Low,2,174.2,6,4.7,Medium,4,Low,158.89,Low,,1033.43,,999.0,,802.73,39.27,Zone III,44,Gentle (2-5°),Low,Medium-Deep (5-15m),Poor,69497,0,70,0,37,99.59,National Park,649.87,1116.21,117.29,232.22,249.46,Low,280.7,No,High,66.6,,0,0
21.5,73.5,38.9,35.5,25.5,7.0,1.64,33.9,14.3,138.0,246.0,Medium,Low,42.07,Medium-Deep (5-12m) — Low-Medium Risk,Low,Simple Strip Footing,28.95,7.23,39.43,44.84,13.45,19.58,61.13,0.0,1.74,Semi-Arid,Medium,Normal Monsoon,Low,40,Low,2,177.7,4,4.3,Low,4,Low,108.8,Low,,996.41,,999.0,,777.05,79.8,Zone III,44,Gentle (2-5°),Low,Medium-Deep (5-15m),Poor,31198,0,53,0,4,145.32,National Park,621.01,1067.35,164.59,283.23,301.05,,999.0,No,High,69.55,,0,0
21.5,74.0,39.9,25.8,34.4,7.1,1.38,32.2,36.4,167.0,207.0,Medium,Low,16.62,Medium-Deep (5-12m) — Low-Medium Risk,Low,Simple Strip Footing,28.95,7.23,39.43,44.84,13.45,19.58,61.13,0.0,1.73,Tropical Wet & Dry,Medium,Normal Monsoon,Low,40,Low,2,177.7,4,4.3,Low,4,Low,61.6,Low,,960.86,,999.0,,754.18,128.68,Zone III,44,Gentle (2-5°),Low,Medium-Deep (5-15m),Poor,13816,0,68,0,91,194.04,National Park,570.72,1018.83,213.91,334.48,352.69,,999.0,No,High,69.55,,0,0
21.5,75.0,39.7,26.7,33.6,7.4,1.61,43.1,9.3,160.0,241.5,Medium,Low,19.11,Deep (10-20m) — Low Risk,Low,Simple Strip Footing,28.95,5.62,42.09,27.97,7.25,15.39,56.91,0.0,1.73,Tropical Wet & Dry,Low,Normal Monsoon,Low,40,Low,2,173.8,2,4.1,Low,3,Low,61.6,Low,,894.86,,999.0,,684.29,230.27,Zone III,44,Gentle (2-5°),Low,Deep (10-25m),Poor,25134,0,59,0,94,294.47,National Park,468.05,923.03,314.78,437.37,456.05,,999.0,No,High,73.3,,0,0
21.5,77.0,44.8,22.6,32.6,7.2,1.61,42.9,16.1,164.0,241.5,High,Low,2.74,Deep (10-20m) — Low Risk,Low,Raft Foundation,28.33,5.09,42.07,37.04,10.05,15.73,57.2,0.0,1.73,Tropical Wet & Dry,Low,Normal Monsoon,Low,40,Low,2,177.0,1,4.1,Low,3,Low,151.63,Low,,789.06,,999.0,,477.54,436.23,Zone III,44,Gentle (2-5°),Low,Deep (10-25m),Poor,50192,5,67,0,82,174.15,National Park,264.11,738.61,519.35,381.91,377.57,,999.0,No,High,65.55,,0,0
21.5,77.5,42.0,22.4,35.5,6.7,1.47,45.1,27.4,215.0,220.5,High,Low,5.6,Deep (10-20m) — Low Risk,Low,Raft Foundation,27.53,3.68,42.16,36.58,9.76,16.42,57.66,0.0,1.73,Tropical Wet & Dry,Low,Normal Monsoon,Low,40,Low,2,181.4,0,0.0,Low,3,Low,190.47,Low,,769.41,,999.0,,425.91,467.79,Zone III,44,Gentle (2-5°),Low,Deep (10-25m),Poor,21837,0,69,0,70,138.44,National Park,213.91,694.7,570.72,331.96,328.66,,999.0,No,High,65.05,,0,0
21.5,78.5,48.3,13.9,37.8,7.4,1.59,51.7,11.3,118.0,238.5,High,Low,0.1,Deep (10-20m) — Low Risk,Low,Raft Foundation,28.27,3.61,43.47,38.64,10.27,15.67,58.21,0.0,1.74,Tropical Wet & Dry,Low,Normal Monsoon,Low,40,Low,2,178.4,1,4.3,Low,3,Low,280.7,Low,,739.9,,999.0,,322.77,455.9,Zone III,44,Gentle (2-5°),Low,Deep (10-25m),Poor,6735,3,69,0,97,85.65,Tiger Reserve,117.29,610.85,641.85,234.21,234.26,,999.0,No,Medium,65.05,,0,0
21.5,80.5,46.5,19.6,33.9,7.4,1.52,32.9,14.9,172.0,228.0,High,Low,0.1,Shallow (1-3m) — High Risk,Low,Raft Foundation,27.98,2.96,44.32,46.69,12.06,12.3,61.7,0.0,1.71,Tropical Wet & Dry,Low,NE Monsoon,Medium,40,Very High,2,183.0,3,4.7,Medium,2,High,330.67,Low,,645.74,,657.67,,118.7,501.79,Zone III,44,Flat-Coastal (<2°),High,Shallow (0-3m),Poor,42080,1,65,1,98,89.55,Tiger Reserve,117.29,413.82,538.16,89.55,111.19,Low,538.16,No,Medium,53.1,,0,0
21.5,81.5,41.5,20.8,37.8,7.4,1.62,34.2,11.6,164.0,243.0,High,Low,2.2,Shallow (1-3m) — High Risk,Low,Raft Foundation,28.32,2.88,45.45,45.69,11.55,13.0,62.67,0.0,1.71,Tropical Wet & Dry,Low,NE Monsoon,Medium,60,Very High,2,182.0,0,0.0,Low,2,High,235.52,Low,,545.97,,556.37,Low,34.93,505.14,Zone III,44,Flat-Coastal (<2°),High,Shallow (0-3m),Poor,364874,0,71,1,66,128.59,Tiger Reserve,190.47,310.37,443.25,128.59,151.63,Low,443.25,No,Medium,51.85,,0,0
21.5,82.5,42.9,19.8,37.3,6.2,1.38,38.0,28.0,195.0,207.0,High,Low,0.1,Shallow (1-3m) — High Risk,Medium,Raft Foundation,28.09,2.35,46.05,46.74,11.78,15.14,66.25,0.0,1.7,Tropical Wet & Dry,Low,NE Monsoon,Medium,60,Very High,2,185.4,2,4.8,Medium,2,High,152.12,Low,,448.1,,456.22,,99.0,407.53,Zone III,44,Flat-Coastal (<2°),High,Shallow (0-3m),Poor,24684,0,66,4,56,215.26,Tiger Reserve,280.7,206.91,353.53,215.26,234.26,Low,353.53,No,Medium,46.35,,0,0
21.5,81.0,38.2,21.3,40.6,7.3,1.58,33.8,16.4,138.0,237.0,Medium,Low,7.41,Shallow (1-3m) — High Risk,Low,Simple Strip Footing,28.32,2.88,45.45,45.69,11.55,13.0,62.67,0.0,1.71,Tropical Wet & Dry,Low,NE Monsoon,Medium,60,Very High,2,182.0,2,4.3,Low,2,High,282.33,Low,,595.68,,606.91,,70.53,525.84,Zone III,44,Flat-Coastal (<2°),High,Shallow (0-3m),Poor,10084,1,66,0,98,98.06,Tiger Reserve,151.63,362.09,490.25,98.06,122.56,Low,490.25,No,Medium,59.6,,0,0
21.5,83.5,39.2,22.4,38.4,7.0,1.45,28.6,17.7,211.0,217.5,Medium,Low,8.96,Shallow (1-3m) — High Risk,Low,Simple Strip Footing,28.54,4.69,42.51,49.46,12.48,15.72,67.59,0.0,1.81,Tropical Wet & Dry,Medium,NE Monsoon,Medium,40,Very High,2,183.6,3,4.8,Medium,2,High,111.19,Low,,353.72,,358.18,,199.58,313.39,Zone III,44,Flat-Coastal (<2°),High,Shallow (0-3m),Poor,12297,2,65,5,95,312.13,Tiger Reserve,377.57,103.46,274.15,312.13,134.49,Low,274.15,No,Medium,55.6,,0,0
21.5,84.5,36.4,31.6,32.0,6.4,1.38,25.1,20.4,160.0,207.0,Medium,Low,35.32,Shallow (1-3m) — High Risk,Medium,Simple Strip Footing,28.12,3.52,43.38,51.16,12.19,16.22,69.28,0.0,1.63,Tropical Wet & Dry,Medium,NE Monsoon,Medium,40,Very High,2,186.5,3,4.8,Medium,2,High,152.12,Low,,266.58,,264.63,,145.32,227.04,Zone III,44,Flat-Coastal (<2°),High,Shallow (0-3m),Poor,897,0,58,0,99,412.07,Tiger Reserve,447.55,0.0,216.78,412.07,31.04,Low,216.78,No,Medium,50.1,,0,0
21.5,84.0,37.4,21.7,40.9,6.8,1.44,26.5,17.4,176.0,216.0,Medium,Low,9.37,Shallow (1-3m) — High Risk,Low,Simple Strip Footing,28.54,4.69,42.51,49.46,12.48,15.72,67.59,0.0,1.63,Tropical Wet & Dry,Medium,NE Monsoon,Medium,40,Very High,2,183.6,2,4.8,Medium,2,High,122.71,Low,,308.85,,310.59,,194.04,268.75,Zone III,44,Flat-Coastal (<2°),High,Shallow (0-3m),Poor,9169,0,70,4,82,361.87,Tiger Reserve,427.1,51.73,241.59,361.87,82.77,Low,241.59,No,Medium,55.6,,0,0
21.5,86.5,37.0,30.6,32.5,6.4,1.35,19.2,28.6,180.0,202.5,Medium,Low,32.1,Shallow (1-3m) — High Risk,Medium,Simple Strip Footing,27.11,4.27,41.38,56.79,10.39,14.04,76.99,0.0,1.52,Tropical Wet & Dry,Medium,NE Monsoon,Medium,40,Very High,2,192.9,5,4.7,Medium,2,High,228.24,Low,,166.79,,135.04,,91.2,147.82,Zone III,44,Flat-Coastal (<2°),Low,Shallow (0-3m),Poor,20466,1,74,8,53,262.09,Tiger Reserve,243.96,206.91,235.92,561.65,175.88,Low,102.97,No,Medium,58.85,,0,0
21.5,92.0,31.2,33.6,35.3,5.7,1.2,22.7,31.1,225.0,180.0,Medium,Low,46.56,Shallow (1-3m) — High Risk,Medium,Simple Strip Footing,28.36,15.46,18.64,188.31,43.42,20.59,85.82,0.0,1.67,Tropical Wet & Dry,Low,Normal Monsoon,Low,0,Low,2,181.1,97,5.7,High,2,High,558.29,Low,,595.68,,365.72,,612.21,390.65,Zone III,44,Flat-Coastal (<2°),Low,Shallow (0-3m),Poor,17730,10,70,0,82,313.11,Tiger Reserve,335.13,608.65,381.07,584.62,301.56,Low,526.24,No,Medium,63.6,,0,0
21.5,93.0,27.5,39.6,32.8,5.5,1.16,18.7,29.4,212.0,174.0,Medium,Low,66.0,Shallow (1-3m) — High Risk,Medium,Simple Strip Footing,24.77,4.96,34.6,73.44,18.47,4.71,78.06,0.0,1.73,Tropical Wet & Dry,Low,Normal Monsoon,Low,0,Low,2,207.5,100,6.8,High,2,High,558.29,Low,,696.09,,468.05,,713.09,489.58,Zone III,44,Flat-Coastal (<2°),Low,Shallow (0-3m),Poor,47,2,41,1,30,415.63,Tiger Reserve,437.3,591.51,343.48,568.55,404.43,Low,628.72,No,Low,70.05,,0,0
21.5,93.5,26.3,37.2,36.6,5.5,1.1,20.7,35.4,524.0,165.0,Medium,Low,61.44,Shallow (1-3m) — High Risk,Medium,Simple Strip Footing,23.34,3.45,33.95,43.15,10.08,7.24,71.52,0.0,1.73,Tropical Wet & Dry,Low,Normal Monsoon,Low,0,Low,2,215.7,100,6.2,High,2,High,565.17,Low,,746.66,,519.35,,763.74,539.62,Zone III,44,Flat-Coastal (<2°),Low,Shallow (0-3m),Poor,561,1,76,1,99,467.02,Tiger Reserve,488.56,589.33,334.99,567.18,455.95,Low,680.1,No,Low,70.05,,0,0
21.5,94.0,31.3,39.4,29.2,5.7,1.11,20.3,53.0,318.0,166.5,Medium,Low,60.94,Shallow (1-3m) — High Risk,Medium,Simple Strip Footing,23.34,3.45,33.95,43.15,10.08,7.24,71.52,0.0,1.77,Tropical Wet & Dry,Low,Normal Monsoon,Low,0,Low,2,215.7,100,6.2,High,2,High,576.46,Low,,797.4,,570.72,,814.49,589.92,Zone III,44,Flat-Coastal (<2°),Low,Shallow (0-3m),Poor,29171,1,63,0,98,518.46,Tiger Reserve,539.89,591.51,334.21,565.17,507.49,Low,731.54,No,Medium,69.6,,0,0
21.5,94.5,27.7,41.8,30.6,6.8,1.38,20.2,24.4,164.0,207.0,Medium,Medium,71.26,Shallow (1-3m) — High Risk,Low,Simple Strip Footing,28.4,8.33,34.5,22.5,4.32,13.67,58.8,0.0,1.77,Tropical Wet & Dry,Low,Normal Monsoon,Low,20,Low,2,178.3,100,6.2,High,2,High,591.9,Low,,848.3,,622.12,,865.33,640.41,Zone III,44,Flat-Coastal (<2°),Low,Shallow (0-3m),Poor,359,0,65,1,95,569.94,Tiger Reserve,576.46,597.99,341.19,558.29,559.06,Low,783.04,No,Low,65.3,,0,0
21.5,95.5,35.5,36.4,28.1,6.8,,21.1,46.7,187.0,,Medium,Unknown,48.4,Shallow (1-3m) — High Risk,Low,Isolated Footing,31.1,8.69,36.29,10.71,1.59,15.5,53.73,0.0,1.84,Tropical Wet & Dry,Low,Normal Monsoon,Low,20,Low,2,160.8,100,5.6,High,2,High,633.94,Low,,950.43,,725.02,,967.21,741.81,Zone III,44,Flat-Coastal (<2°),Low,Shallow (0-3m),Poor,1308,0,77,2,21,605.82,National Park,611.17,623.25,376.23,558.29,582.15,Low,886.15,No,Medium,57.6,,0,0
21.5,96.0,30.6,39.6,29.8,6.8,,18.0,40.1,136.0,,Medium,Unknown,62.28,Shallow (1-3m) — High Risk,Low,Isolated Footing,30.07,9.13,34.84,9.98,1.43,11.59,53.8,0.0,1.82,Tropical Wet & Dry,Low,Normal Monsoon,Low,20,Low,2,165.3,100,6.8,High,2,High,659.83,Low,,1001.63,,776.51,,1017.53,792.66,Zone III,44,Flat-Coastal (<2°),Low,Shallow (0-3m),Poor,2790,1,68,0,96,625.48,National Park,633.94,641.55,402.45,565.17,599.17,Low,937.75,No,Medium,59.6,,0,0
21.5,96.5,29.7,43.4,26.9,5.9,1.25,18.5,32.8,261.0,187.5,Medium,Medium,72.86,Shallow (1-3m) — High Risk,Medium,Simple Strip Footing,30.07,9.13,34.84,9.98,1.43,11.59,53.8,0.0,1.82,Tropical Wet & Dry,Low,Normal Monsoon,Low,20,Low,2,165.3,100,6.8,High,2,High,688.5,Low,,1052.91,,828.0,,1067.24,843.6,Zone III,44,Flat-Coastal (<2°),Low,Shallow (0-3m),Poor,444,0,84,1,87,648.52,National Park,659.83,663.22,433.16,576.46,619.88,Low,989.38,No,Low,63.55,,0,0
21.5,97.0,27.6,38.6,33.8,5.6,1.24,15.6,22.8,186.0,186.0,Medium,Low,63.38,Shallow (1-3m) — High Risk,Medium,Simple Strip Footing,25.79,4.63,35.92,10.64,1.55,6.8,61.27,0.0,1.81,Tropical Wet & Dry,Low,Normal Monsoon,Low,10,Low,2,194.1,93,5.8,High,2,High,719.61,Low,,1104.25,,879.51,,1117.09,894.59,Zone III,44,Flat-Coastal (<2°),Low,Shallow (0-3m),Poor,70,0,69,0,68,669.92,National Park,688.5,687.95,467.46,591.9,643.94,Low,1041.02,No,Low,68.8,,0,0
22.0,71.0,30.4,38.3,31.3,7.2,1.54,25.5,8.2,104.0,231.0,Medium,Low,59.27,Shallow (1-3m) — High Risk,Low,Simple Strip Footing,29.14,5.64,41.61,27.75,8.23,16.4,56.75,0.0,1.7,Semi-Arid,High,Normal Monsoon,Low,40,Low,2,172.7,100,5.5,High,2,High,190.02,Low,,1226.72,,1191.19,,969.95,39.21,Zone III,44,Gentle (2-5°),Low,Medium-Deep (5-15m),Moderate,60595,0,66,3,43,75.76,Marine Park,751.26,1298.02,103.1,102.19,88.13,Low,75.76,No,High,60.35,,0,0
22.0,71.5,21.9,46.1,32.0,7.2,1.56,25.9,8.3,114.0,234.0,Low,Medium,88.97,Shallow (1-3m) — High Risk,Low,Simple Strip Footing,29.14,5.64,41.61,27.75,8.23,16.4,56.75,0.0,1.7,Semi-Arid,Medium,Normal Monsoon,Low,40,Low,2,172.7,82,5.8,High,2,High,151.39,Low,,1186.48,,1149.83,,937.12,79.44,Zone III,44,Gentle (2-5°),Low,Medium-Deep (5-15m),Moderate,20090,0,64,1,98,72.17,National Park,712.23,1274.32,51.55,123.52,121.29,Low,116.97,No,Medium,63.6,,0,0
22.0,73.0,28.0,37.1,34.8,7.1,1.56,30.1,14.8,161.0,234.0,Medium,Low,59.15,Medium-Deep (5-12m) — Low-Medium Risk,Low,Simple Strip Footing,29.76,6.3,41.45,39.97,12.15,16.54,58.8,0.0,1.84,Semi-Arid,High,Normal Monsoon,Low,40,Low,2,171.8,3,4.1,Low,4,Low,122.49,Low,,1072.25,,999.0,,850.65,91.33,Zone III,44,Gentle (2-5°),Low,Medium-Deep (5-15m),Moderate,58678,7,68,4,24,82.48,National Park,605.61,1135.2,103.1,248.56,259.96,Low,263.22,No,Medium,67.1,,0,0
22.0,74.0,37.5,30.3,32.2,7.1,1.56,29.1,15.6,166.0,234.0,Medium,Low,30.75,Medium-Deep (5-12m) — Low-Medium Risk,Low,Simple Strip Footing,29.05,6.35,40.9,40.11,12.13,17.99,58.47,0.0,1.7,Tropical Wet & Dry,Medium,Normal Monsoon,Low,40,Low,2,174.9,2,4.1,Low,4,Low,102.88,Low,,1002.72,,999.0,,790.67,152.66,Zone III,44,Gentle (2-5°),Low,Medium-Deep (5-15m),Poor,10967,0,77,0,68,185.58,National Park,546.64,1039.94,206.19,345.74,359.9,,999.0,No,High,69.55,,0,0
22.0,74.5,40.2,29.8,30.0,7.1,1.47,40.9,23.1,185.0,220.5,High,Low,26.26,Deep (10-20m) — Low Risk,Low,Raft Foundation,28.19,5.74,40.81,32.93,9.43,18.43,58.08,0.0,1.7,Tropical Wet & Dry,Medium,Normal Monsoon,Low,40,Low,2,178.6,2,4.1,Low,4,Low,88.96,Low,,970.38,,999.0,,739.34,196.98,Zone III,44,Gentle (2-5°),Low,Deep (10-25m),Poor,2277,0,67,0,100,237.12,National Park,515.47,992.99,257.74,395.52,410.5,,999.0,No,High,62.55,,0,0
22.0,75.5,40.8,31.7,27.5,7.4,1.56,44.3,9.8,132.0,234.0,High,Low,30.29,Deep (10-20m) — Low Risk,Low,Raft Foundation,28.79,4.64,43.64,31.24,8.74,14.16,55.63,0.0,1.69,Tropical Wet & Dry,Low,Normal Monsoon,Low,60,Low,2,173.1,1,4.1,Low,2,Low,75.76,Low,,911.39,,999.0,,636.85,292.97,Zone III,44,Gentle (2-5°),Low,Deep (10-25m),Poor,7444,1,69,3,97,293.47,National Park,412.38,900.84,360.84,496.25,512.34,,999.0,No,High,65.3,,0,0
22.0,76.0,36.7,52.7,10.5,7.4,1.58,46.4,8.2,114.0,237.0,Medium,Medium,87.71,Deep (10-20m) — Low Risk,Low,Simple Strip Footing,28.92,3.95,44.43,36.07,10.37,14.38,55.89,0.0,1.71,Tropical Wet & Dry,Low,Normal Monsoon,Low,60,Low,2,172.8,1,4.1,Low,2,Low,55.6,Low,,885.13,,999.0,,585.72,342.58,Zone III,44,Gentle (2-5°),Low,Deep (10-25m),Poor,6272,0,69,0,100,243.14,National Park,360.84,855.82,412.38,474.9,466.43,,999.0,No,High,67.05,,0,0
22.0,77.5,46.8,15.9,37.3,6.8,1.44,46.4,25.0,210.0,216.0,High,Low,0.1,Deep (10-20m) — Low Risk,Low,Raft Foundation,27.68,3.74,42.65,42.08,11.93,14.71,56.93,0.0,1.7,Tropical Wet & Dry,Low,Normal Monsoon,Low,40,Low,2,179.9,0,0.0,Low,2,Low,164.08,Low,,821.72,,999.0,,433.1,493.97,Zone III,44,Gentle (2-5°),Low,Deep (10-25m),Poor,3456,0,64,1,91,99.35,National Park,206.19,725.02,567.01,321.0,313.71,,999.0,No,High,68.3,,0,0
22.0,78.0,50.8,18.5,30.7,7.0,1.43,45.5,21.6,196.0,214.5,High,Low,0.1,Deep (10-20m) — Low Risk,Low,Raft Foundation,27.0,3.32,41.88,43.34,12.26,15.14,58.44,0.0,1.71,Tropical Wet & Dry,Low,Normal Monsoon,Low,40,Low,2,184.9,1,4.3,Low,2,Low,213.21,Low,,806.38,,999.0,,382.66,514.17,Zone III,44,Gentle (2-5°),Low,Deep (10-25m),Poor,8941,0,63,3,71,63.59,National Park,154.65,673.56,580.42,269.84,263.22,,999.0,No,High,66.3,,0,0
22.0,78.5,45.0,18.3,36.7,7.3,1.63,47.0,12.7,164.0,244.5,High,Low,0.1,Deep (10-20m) — Low Risk,Low,Raft Foundation,26.85,2.35,43.35,43.02,11.91,16.11,58.73,0.0,1.71,Tropical Wet & Dry,Low,Normal Monsoon,Low,40,Low,2,186.0,1,4.3,Low,2,Low,263.22,Low,,794.25,,999.0,,332.61,511.5,Zone III,44,Gentle (2-5°),Low,Deep (10-25m),Poor,5967,1,61,0,95,59.29,National Park,103.1,622.12,586.98,218.83,213.21,,999.0,No,Medium,67.05,,0,0
22.0,79.0,44.1,17.7,38.2,7.0,1.6,50.4,17.0,139.0,240.0,High,Low,0.1,Deep (10-20m) — Low Risk,Low,Raft Foundation,26.85,2.35,43.35,43.02,11.91,16.11,58.73,0.0,1.71,Tropical Wet & Dry,Low,Normal Monsoon,Low,40,Low,2,186.0,3,4.7,Medium,2,Low,313.71,Low,,785.46,,999.0,,283.14,514.17,Zone III,44,Gentle (2-5°),Low,Deep (10-25m),Poor,67630,8,58,27,70,45.51,Tiger Reserve,51.55,570.72,597.75,168.12,164.08,,999.0,No,Medium,63.05,,0,0
22.0,80.0,41.4,16.0,42.6,7.2,1.62,37.7,18.6,180.0,243.0,High,Low,0.1,Shallow (1-3m) — High Risk,Low,Raft Foundation,27.73,2.79,44.41,47.7,12.73,14.74,60.09,0.0,1.67,Tropical Wet & Dry,Low,Normal Monsoon,Low,40,Low,2,182.9,3,4.7,Medium,2,High,399.21,Low,,710.37,,719.99,,187.82,535.04,Zone III,44,Flat-Coastal (<2°),Low,Shallow (0-3m),Poor,24314,1,69,2,20,70.22,Tiger Reserve,51.55,468.05,607.15,70.22,75.76,Low,607.15,No,Medium,61.1,,0,0
22.0,80.5,41.0,21.1,37.9,6.2,1.42,37.3,39.9,319.0,213.0,High,Low,3.55,Shallow (1-3m) — High Risk,Medium,Raft Foundation,27.15,2.56,43.89,47.03,11.97,12.71,61.08,0.0,1.67,Tropical Wet & Dry,Low,Normal Monsoon,Low,40,Very High,2,186.8,3,4.7,Medium,2,High,352.8,Low,,661.29,,670.11,,144.38,552.66,Zone III,44,Flat-Coastal (<2°),High,Shallow (0-3m),Poor,808104,6,75,26,58,34.91,Tiger Reserve,75.76,416.83,560.47,34.91,55.6,Low,560.47,No,Medium,49.9,,0,0
22.0,81.0,39.9,21.6,38.5,6.1,1.34,36.1,32.7,208.0,201.0,Medium,Low,6.12,Shallow (1-3m) — High Risk,Medium,Simple Strip Footing,27.93,2.91,44.7,45.0,10.84,12.69,60.52,0.0,1.67,Tropical Wet & Dry,Low,Normal Monsoon,Low,40,Very High,2,182.3,4,5.0,Medium,2,High,308.12,Low,,612.67,,620.55,,108.45,541.9,Zone III,44,Flat-Coastal (<2°),High,Shallow (0-3m),Poor,80066,1,62,6,18,53.01,Tiger Reserve,116.97,365.72,514.79,53.01,75.76,Low,514.79,No,Medium,59.6,,0,0
22.0,81.5,40.6,17.1,42.3,7.4,1.63,32.6,13.2,169.0,244.5,High,Low,0.1,Shallow (1-3m) — High Risk,Low,Raft Foundation,27.93,2.91,44.7,45.0,10.84,12.69,60.52,0.0,1.67,Tropical Wet & Dry,Low,Normal Monsoon,Low,40,Very High,2,182.3,9,5.0,Medium,2,High,266.04,Low,,564.63,,571.39,,89.55,491.28,Zone III,44,Flat-Coastal (<2°),High,Shallow (0-3m),Poor,31534,1,52,0,91,98.51,Tiger Reserve,164.08,314.78,470.42,98.51,116.97,Low,470.42,No,Medium,54.35,,0,0
22.0,83.0,44.2,20.6,35.2,7.4,1.63,38.3,15.4,185.0,244.5,High,Low,0.1,Shallow (1-3m) — High Risk,Low,Raft Foundation,28.14,2.44,45.7,47.86,11.87,14.92,65.79,0.0,1.61,Tropical Wet & Dry,Low,Normal Monsoon,Low,60,Very High,2,184.9,6,4.9,Medium,2,High,174.66,Low,,425.96,,427.72,,169.89,340.78,Zone III,44,Flat-Coastal (<2°),High,Shallow (0-3m),Poor,9727,0,52,0,68,249.41,Tiger Reserve,313.71,164.59,350.02,249.41,194.04,Low,350.02,No,Medium,51.35,,0,0
22.0,83.5,44.2,20.1,35.7,6.3,1.49,37.0,29.0,218.0,223.5,High,Low,0.1,Shallow (1-3m) — High Risk,Medium,Raft Foundation,28.08,3.09,43.8,48.56,12.32,16.27,66.65,0.0,1.61,Tropical Wet & Dry,Low,Normal Monsoon,Low,40,Very High,2,185.7,7,4.9,Medium,2,High,166.79,Low,,382.66,,381.9,,215.63,291.47,Zone III,44,Flat-Coastal (<2°),High,Shallow (0-3m),Poor,29474,0,54,0,83,300.52,Tiger Reserve,364.46,117.29,316.84,300.52,145.32,Low,316.84,No,Medium,50.6,,0,0
22.0,85.0,37.8,30.9,31.4,6.4,1.39,26.5,20.2,194.0,208.5,Medium,Low,31.89,Shallow (1-3m) — High Risk,Medium,Simple Strip Footing,27.11,2.26,43.85,50.62,11.84,16.09,69.45,0.0,1.53,Tropical Wet & Dry,Medium,Normal Monsoon,Low,40,Very High,2,192.2,4,4.8,Medium,2,High,228.0,Low,,271.48,,258.48,,82.48,152.09,Zone III,44,Flat-Coastal (<2°),Low,Shallow (0-3m),Poor,3527,0,78,0,61,412.68,Tiger Reserve,391.76,75.88,257.64,429.39,59.31,Low,252.58,No,Medium,58.1,,0,0
22.0,84.5,36.4,29.8,33.7,5.9,1.3,30.2,35.3,262.0,195.0,Medium,Low,30.82,Shallow (1-3m) — High Risk,Medium,Simple Strip Footing,27.86,2.76,44.0,49.36,12.06,15.32,67.79,0.0,1.61,Tropical Wet & Dry,Medium,Normal Monsoon,Low,40,Very High,2,187.4,3,4.8,Medium,2,High,196.36,Low,,304.23,,296.28,,134.03,196.1,Zone III,44,Flat-Coastal (<2°),High,Shallow (0-3m),Poor,941,0,51,0,99,403.03,Tiger Reserve,443.31,55.6,268.92,403.03,63.65,Low,268.92,No,Medium,55.1,,0,0
22.0,85.5,37.8,33.7,28.5,6.3,1.4,29.9,19.9,206.0,210.0,Medium,Low,38.89,Shallow (1-3m) — High Risk,Medium,Simple Strip Footing,26.84,2.18,43.79,53.23,11.53,15.21,71.61,0.0,1.53,Tropical Wet & Dry,Medium,Normal Monsoon,Low,40,Very High,2,194.4,6,4.8,Medium,2,High,226.89,Low,,245.42,,226.31,Low,30.93,114.42,Zone III,44,Flat-Coastal (<2°),Low,Shallow (0-3m),Poor,692,0,70,0,46,361.13,Tiger Reserve,340.22,117.29,256.59,455.73,91.2,Low,212.19,No,Medium,57.35,,0,0
22.0,86.0,36.9,36.8,26.2,5.9,1.35,18.5,23.8,159.0,202.5,Medium,Low,47.72,Shallow (1-3m) — High Risk,Medium,Simple Strip Footing,26.43,2.54,43.12,55.44,10.72,12.83,75.07,0.0,1.52,Tropical Wet & Dry,Medium,Normal Monsoon,Low,40,Very High,2,197.2,8,4.7,Medium,2,High,195.79,Low,,228.37,,202.49,Medium,20.62,91.3,Zone III,44,Flat-Coastal (<2°),Low,Shallow (0-3m),Poor,7099,1,60,0,90,309.6,Tiger Reserve,288.67,164.59,265.89,485.99,135.83,Low,177.82,No,Medium,58.1,,0,0
22.0,88.5,35.9,5.8,58.2,6.6,1.05,20.0,32.3,378.0,63.0,Medium,Low,0.1,Shallow (1-3m) — High Risk,Low,Isolated Footing,28.43,7.59,35.07,64.87,13.01,18.05,81.19,0.0,1.54,Tropical Wet & Dry,High,Bay of Bengal Monsoon,High,20,Very High,2,183.6,8,4.8,Medium,2,High,226.89,Low,,304.23,Very High,0.0,,249.01,67.51,Zone III,44,Flat-Coastal (<2°),Low,Shallow (0-3m),Poor,68644,1,39,4,3,52.75,Tiger Reserve,30.93,349.92,419.47,578.3,65.78,Low,212.19,No,Medium,44.6,,0,0
22.0,90.0,35.1,19.0,45.9,5.9,1.21,21.4,51.2,291.0,181.5,Medium,Low,5.38,Shallow (1-3m) — High Risk,Medium,Simple Strip Footing,28.21,8.68,30.97,100.2,22.6,17.61,83.48,0.0,1.55,Tropical Wet & Dry,Medium,Bay of Bengal Monsoon,High,0,Low,2,183.7,24,5.5,Medium,2,High,349.92,Low,,425.96,,154.65,,398.46,177.61,Zone III,44,Flat-Coastal (<2°),Low,Shallow (0-3m),Poor,17844,1,88,0,36,103.73,Tiger Reserve,123.72,490.63,477.44,595.27,95.48,Low,342.66,No,Medium,66.35,,0,0
22.0,90.5,31.9,25.5,42.6,5.7,1.06,22.9,33.9,353.0,159.0,Medium,Low,25.47,Shallow (1-3m) — High Risk,Medium,Simple Strip Footing,28.35,11.31,25.87,141.1,33.57,19.27,85.25,0.0,1.55,Tropical Wet & Dry,Medium,Bay of Bengal Monsoon,High,0,Low,2,181.6,33,5.5,Medium,2,High,395.75,Low,,471.0,,206.19,,449.0,226.11,Zone III,44,Flat-Coastal (<2°),Low,Shallow (0-3m),Poor,2023,2,40,0,100,155.1,Tiger Reserve,175.27,539.12,436.93,589.85,146.14,Low,390.22,No,Medium,64.35,,0,0
22.0,92.0,30.7,35.1,34.1,5.6,1.24,21.9,18.3,173.0,186.0,Medium,Low,50.91,Shallow (1-3m) — High Risk,Medium,Simple Strip Footing,27.81,11.8,24.27,153.68,36.71,17.18,86.82,0.0,1.84,Tropical Wet & Dry,Low,Normal Monsoon,Low,0,Low,2,183.8,100,6.2,High,2,High,502.94,Low,,612.67,,360.84,,601.5,376.31,Zone III,44,Flat-Coastal (<2°),Low,Shallow (0-3m),Poor,4802,5,54,1,96,309.6,Tiger Reserve,329.91,554.91,333.3,530.79,300.02,Low,537.58,No,Medium,66.1,,0,0
22.0,92.5,32.0,36.4,31.6,5.3,1.13,24.1,47.0,420.0,169.5,Medium,Low,52.6,Shallow (1-3m) — High Risk,High,Simple Strip Footing,25.99,6.3,33.31,102.16,25.03,6.17,83.75,0.0,1.84,Tropical Wet & Dry,Low,Normal Monsoon,Low,0,Low,2,197.6,100,6.2,High,2,High,500.38,Low,,661.29,,412.38,,652.51,427.03,Zone III,44,Flat-Coastal (<2°),Low,Shallow (0-3m),Poor,3599,0,69,0,96,361.13,Tiger Reserve,381.45,543.25,308.08,519.56,351.48,Low,587.61,No,Medium,67.35,,0,0
22.0,93.5,33.7,31.7,34.6,5.4,1.01,23.0,66.3,592.0,151.5,Medium,Low,38.81,Shallow (1-3m) — High Risk,High,Simple Strip Footing,24.42,4.48,34.11,34.6,7.51,6.29,67.48,0.0,1.84,Tropical Wet & Dry,Low,Normal Monsoon,Low,0,Low,2,206.9,100,6.2,High,2,High,510.54,Low,,759.83,,515.47,,754.19,528.88,Zone III,44,Flat-Coastal (<2°),Low,Shallow (0-3m),Poor,122,1,95,0,92,464.22,Tiger Reserve,484.54,533.74,279.67,511.6,454.48,Low,688.44,No,Medium,66.1,,0,0
22.0,94.0,25.4,45.6,29.1,5.8,1.23,19.1,35.7,213.0,184.5,Medium,Medium,83.52,Shallow (1-3m) — High Risk,Medium,Simple Strip Footing,24.42,4.48,34.11,34.6,7.51,6.29,67.48,0.0,1.7,Tropical Wet & Dry,Low,Normal Monsoon,Low,0,Low,2,206.9,100,6.2,High,2,High,522.96,Low,,809.59,,567.01,,803.66,579.93,Zone III,44,Flat-Coastal (<2°),Low,Shallow (0-3m),Poor,240,0,25,0,0,515.1,National Park,510.54,536.13,278.74,510.54,500.79,Low,739.14,No,Low,64.8,,0,0
22.0,95.0,29.9,38.7,31.4,6.7,,21.0,31.2,178.0,,Medium,Unknown,60.87,Shallow (1-3m) — High Risk,Low,Isolated Footing,31.25,9.74,35.16,9.81,1.35,16.33,52.33,0.0,1.76,Tropical Wet & Dry,Low,Normal Monsoon,Low,20,Low,2,158.6,100,6.2,High,2,High,560.86,Low,,909.81,,670.09,,903.18,682.21,Zone III,44,Flat-Coastal (<2°),Low,Shallow (0-3m),Poor,1767,2,62,0,94,536.56,National Park,539.87,554.91,303.81,500.38,514.94,Low,840.91,No,Low,58.05,,0,0
22.0,94.5,25.7,43.3,31.0,6.5,1.29,15.6,27.5,195.0,193.5,Medium,Medium,77.41,Shallow (1-3m) — High Risk,Low,Simple Strip Footing,28.64,7.8,35.47,16.74,2.82,10.85,57.54,0.0,1.7,Tropical Wet & Dry,Low,Normal Monsoon,Low,20,Low,2,175.9,100,6.2,High,2,High,539.87,Low,,859.59,,618.55,,853.34,631.05,Zone III,44,Flat-Coastal (<2°),Low,Shallow (0-3m),Poor,634,0,36,0,19,523.49,National Park,522.96,543.25,287.04,502.94,505.38,Low,789.97,No,Low,65.3,,0,0
22.0,95.5,31.5,36.4,32.1,6.8,,17.4,42.5,164.0,,Medium,Unknown,53.2,Shallow (1-3m) — High Risk,Low,Isolated Footing,31.63,9.08,36.57,9.4,1.36,15.78,51.51,0.0,1.76,Tropical Wet & Dry,Low,Normal Monsoon,Low,40,Low,2,156.1,100,5.9,High,2,High,585.5,Low,,960.2,,721.62,,953.17,733.41,Zone III,44,Flat-Coastal (<2°),Low,Shallow (0-3m),Poor,489,0,53,1,98,553.97,National Park,560.86,570.83,327.77,502.94,529.2,Low,891.95,No,Medium,54.35,,0,0
22.0,96.0,30.7,41.4,28.0,6.4,1.33,15.8,23.5,146.0,199.5,Medium,Medium,66.66,Shallow (1-3m) — High Risk,Medium,Simple Strip Footing,30.0,9.11,35.36,9.25,1.47,11.84,53.54,0.0,1.7,Tropical Wet & Dry,Low,Normal Monsoon,Low,20,Low,2,165.3,100,5.6,High,2,High,613.33,Low,,1010.74,,773.16,,1003.27,784.63,Zone III,44,Flat-Coastal (<2°),Low,Shallow (0-3m),Poor,11622,2,90,3,23,575.32,National Park,585.5,590.68,357.47,510.54,547.8,Low,943.06,No,Medium,63.1,,0,0
22.0,97.0,33.6,38.8,27.6,5.6,1.15,18.9,30.2,188.0,172.5,Medium,Low,56.68,Shallow (1-3m) — High Risk,Medium,Simple Strip Footing,25.81,4.42,36.63,9.44,1.5,6.3,60.79,0.0,1.82,Tropical Wet & Dry,Low,Normal Monsoon,Low,10,Low,2,193.6,100,6.8,High,2,High,677.0,Low,,1112.18,,876.22,,1103.77,887.14,Zone III,44,Flat-Coastal (<2°),Low,Shallow (0-3m),Poor,18,0,9,0,5,614.56,National Park,643.96,640.6,429.1,539.87,596.27,Low,1045.48,No,Medium,68.35,,0,0
22.5,70.5,21.4,50.2,28.4,7.1,1.57,24.6,7.4,93.0,235.5,Low,Medium,99.82,Shallow (1-3m) — High Risk,Low,Simple Strip Footing,28.98,5.36,40.74,25.25,7.6,16.71,60.45,0.0,1.71,Semi-Arid,High,Normal Monsoon,Low,40,Low,2,177.0,100,5.5,High,3,High,212.49,Low,,1301.5,,1265.51,,1045.66,38.02,Zone V,50,Gentle (2-5°),Low,Medium-Deep (5-15m),Moderate,108812,1,69,1,53,0.0,Marine Park,759.13,1371.57,157.5,158.72,133.83,Very High,0.0,No,Medium,49.3,,0,0
22.5,71.5,31.9,39.7,28.4,7.2,1.48,27.4,7.9,108.0,222.0,Medium,Low,60.97,Shallow (1-3m) — High Risk,Low,Simple Strip Footing,29.1,4.79,42.34,26.3,7.8,16.67,56.26,0.0,1.7,Semi-Arid,High,Normal Monsoon,Low,40,Low,2,172.4,100,5.5,High,3,High,116.65,Low,,1222.63,,1184.48,,981.37,75.32,Zone V,50,Gentle (2-5°),Low,Medium-Deep (5-15m),Moderate,15179,3,62,22,54,91.0,National Park,676.27,1299.25,61.2,171.63,162.56,Low,102.73,No,High,55.85,,0,0
22.5,72.5,29.4,32.3,38.3,7.1,1.54,30.8,10.0,132.0,231.0,Medium,Low,45.47,Medium-Deep (5-12m) — Low-Medium Risk,Low,Simple Strip Footing,29.84,5.87,41.82,29.8,9.17,14.38,56.58,0.0,1.7,Semi-Arid,High,Normal Monsoon,Low,40,Low,2,169.3,7,4.7,Medium,4,Low,55.6,Low,,1147.97,,1107.47,,924.57,147.83,Zone III,44,Flat-Coastal (<2°),Low,Medium-Deep (5-15m),Moderate,218860,1,58,0,96,63.59,National Park,599.08,1203.73,61.2,234.6,237.12,Low,205.46,No,Medium,68.1,,0,0
22.5,74.0,33.6,32.8,33.6,7.1,1.59,32.4,11.4,167.0,238.5,Medium,Low,41.68,Medium-Deep (5-12m) — Low-Medium Risk,Low,Simple Strip Footing,29.4,6.32,41.81,35.45,10.9,16.13,55.59,0.0,1.7,Tropical Wet & Dry,Medium,Normal Monsoon,Low,60,Low,2,170.3,2,4.1,Low,4,Low,153.49,Low,,1045.85,,999.0,,797.48,190.35,Zone III,44,Flat-Coastal (<2°),Low,Medium-Deep (5-15m),Moderate,24945,2,70,1,56,193.41,National Park,499.68,1063.51,207.93,365.2,375.29,,999.0,No,High,67.8,,0,0
22.5,75.5,45.2,16.6,38.3,7.6,1.63,49.1,10.2,96.0,244.5,High,Low,0.1,Deep (10-20m) — Low Risk,Low,Raft Foundation,28.19,4.33,43.43,32.57,9.3,15.27,55.28,0.0,1.69,Tropical Wet & Dry,Low,Normal Monsoon,Low,40,Low,2,175.5,1,4.1,Low,3,Low,51.37,Low,,958.94,,999.0,,645.88,313.91,Zone III,44,Flat-Coastal (<2°),Low,Deep (10-25m),Poor,93290,2,66,1,79,287.64,National Park,415.39,928.44,360.7,509.57,513.63,,999.0,No,High,65.05,,0,0
22.5,76.0,41.9,25.3,32.9,7.2,1.52,41.9,15.0,191.0,228.0,High,Low,12.97,Deep (10-20m) — Low Risk,Low,Raft Foundation,28.57,3.69,44.59,36.51,10.78,13.25,55.13,0.0,1.71,Tropical Wet & Dry,Low,Normal Monsoon,Low,60,Low,2,173.6,1,4.1,Low,3,High,0.0,Low,,934.09,,999.0,,595.71,360.5,Zone III,44,Gentle (2-5°),Low,Deep (10-25m),Poor,230847,0,64,7,25,236.28,National Park,364.46,883.23,411.82,473.41,462.27,,999.0,No,High,59.05,,0,0
22.5,76.5,38.7,23.7,37.6,7.3,1.66,38.5,8.4,94.0,249.0,Medium,Low,12.81,Deep (10-20m) — Low Risk,Low,Simple Strip Footing,28.57,3.69,44.59,36.51,10.78,13.25,55.13,0.0,1.71,Tropical Wet & Dry,Low,Normal Monsoon,Low,60,Low,2,173.6,1,4.1,Low,3,Low,51.37,Low,,911.61,,999.0,,545.8,408.29,Zone III,44,Gentle (2-5°),Low,Deep (10-25m),Poor,5154,2,61,3,72,184.91,National Park,313.71,832.14,462.97,422.07,410.91,,999.0,No,High,71.05,,0,0
22.5,74.5,40.9,29.1,30.0,7.3,1.64,37.2,8.5,112.0,246.0,High,Low,23.67,Deep (10-20m) — Low Risk,Low,Raft Foundation,28.5,5.98,41.23,32.71,9.52,16.85,56.3,0.0,1.7,Tropical Wet & Dry,Medium,Normal Monsoon,Low,40,Low,2,175.3,2,4.1,Low,4,Low,144.55,Low,,1014.99,,999.0,,746.8,227.33,Zone III,44,Flat-Coastal (<2°),Low,Deep (10-25m),Poor,5719,5,48,0,100,243.14,National Park,472.78,1017.81,258.7,412.48,423.89,,999.0,No,High,61.8,,0,0
22.5,77.0,35.5,25.2,39.3,7.3,1.66,32.9,10.4,122.0,249.0,Medium,Low,20.4,Deep (10-20m) — Low Risk,Low,Simple Strip Footing,28.82,3.74,45.14,41.47,12.58,12.69,55.45,0.0,1.7,Tropical Wet & Dry,Low,Normal Monsoon,Low,60,Low,2,172.8,1,4.1,Low,3,Low,102.73,Low,,891.67,,999.0,,496.24,456.91,Zone III,44,Gentle (2-5°),Low,Deep (10-25m),Poor,2302,2,66,0,98,133.55,National Park,263.22,781.1,514.15,370.76,359.55,,999.0,No,High,71.05,,0,0
22.5,77.5,35.6,22.9,41.5,7.3,1.64,33.6,12.0,156.0,246.0,Medium,Low,14.53,Deep (10-20m) — Low Risk,Low,Simple Strip Footing,28.41,3.58,44.11,45.9,13.88,13.52,55.88,0.0,1.7,Tropical Wet & Dry,Low,Normal Monsoon,Low,40,Low,2,175.2,0,0.0,Low,3,Low,154.1,Low,,874.44,,999.0,,447.13,506.12,Zone III,44,Gentle (2-5°),Low,Deep (10-25m),Poor,6742,2,74,3,57,82.18,National Park,213.21,730.13,522.62,319.46,308.19,,999.0,No,High,74.05,,0,0
22.5,78.0,43.3,21.8,34.9,6.6,1.51,33.1,22.8,198.0,226.5,High,Low,2.54,Deep (10-20m) — Low Risk,Low,Raft Foundation,27.98,4.1,42.38,47.35,14.0,12.51,57.53,0.0,1.71,Tropical Wet & Dry,Low,Normal Monsoon,Low,40,Low,2,179.1,1,4.3,Low,3,Low,205.46,Low,,860.09,,999.0,,398.66,555.76,Zone III,44,Gentle (2-5°),Low,Deep (10-25m),Poor,285017,7,83,21,67,30.82,National Park,164.08,679.24,525.04,268.21,256.82,,999.0,No,High,65.55,,0,0
22.5,79.0,42.1,20.5,37.4,7.1,1.6,44.2,15.3,180.0,240.0,High,Low,0.73,Deep (10-20m) — Low Risk,Low,Raft Foundation,26.55,1.93,43.71,46.76,13.69,13.62,58.48,0.0,1.71,Tropical Wet & Dry,Low,Normal Monsoon,Low,40,Low,2,187.2,3,4.7,Medium,3,Low,308.19,Low,,825.32,,999.0,,304.79,569.49,Zone III,44,Gentle (2-5°),Low,Deep (10-25m),Poor,0,0,0,0,0,71.91,National Park,75.76,577.8,544.07,165.98,154.1,,999.0,No,Medium,65.3,,0,0
22.5,79.5,36.9,17.5,45.6,7.4,1.67,45.9,12.0,143.0,250.5,Medium,Low,0.1,Deep (10-20m) — Low Risk,Low,Simple Strip Footing,26.71,1.46,44.44,46.09,12.83,15.56,59.56,0.0,1.71,Tropical Wet & Dry,Low,Normal Monsoon,Low,40,Low,2,187.6,3,4.7,Medium,3,Low,359.55,Low,,776.75,,780.13,,260.51,576.64,Zone III,44,Gentle (2-5°),Low,Deep (10-25m),Poor,1590,2,55,1,97,91.31,Tiger Reserve,51.37,527.32,560.19,115.25,102.73,Low,677.36,No,Medium,69.85,,0,0
22.5,80.0,38.1,16.3,45.6,7.4,1.67,43.7,14.7,147.0,250.5,Medium,Low,0.1,Shallow (1-3m) — High Risk,Low,Simple Strip Footing,27.3,1.81,45.31,47.88,13.04,15.79,59.93,0.0,1.67,Tropical Wet & Dry,Low,Normal Monsoon,Low,40,Low,2,184.9,4,5.0,Medium,3,High,410.91,Low,,728.61,,735.41,,219.46,588.35,Zone III,44,Flat-Coastal (<2°),Low,Shallow (0-3m),Poor,5862,2,60,2,90,65.57,Tiger Reserve,0.0,477.06,580.26,65.57,51.37,Low,631.76,No,Medium,60.35,,0,0
22.5,80.5,46.4,14.8,38.8,7.4,1.61,40.1,15.6,191.0,241.5,High,Low,0.1,Shallow (1-3m) — High Risk,Low,Raft Foundation,26.68,1.53,44.83,47.38,12.04,14.18,60.62,0.0,1.67,Tropical Wet & Dry,Low,Normal Monsoon,Low,40,Very High,2,188.8,4,5.0,Medium,3,High,381.8,Low,,681.02,,686.82,,183.8,585.84,Zone III,44,Flat-Coastal (<2°),High,Shallow (0-3m),Poor,405541,2,64,13,7,24.5,Tiger Reserve,51.37,427.1,587.2,24.5,0.0,Low,587.2,No,Medium,46.35,,0,0
22.5,70.0,25.1,40.5,34.4,6.9,1.5,21.7,10.9,142.0,225.0,Medium,Medium,71.13,Shallow (1-3m) — High Risk,Low,Simple Strip Footing,28.87,8.45,33.98,22.61,6.96,16.47,68.75,0.0,1.71,Semi-Arid,Very High,Normal Monsoon,Low,20,Low,2,182.2,100,5.5,High,3,High,262.32,Low,,1342.29,,1307.31,,1080.21,85.2,Zone V,50,Gentle (2-5°),Low,Medium-Deep (5-15m),Moderate,0,0,0,0,0,51.37,Marine Park,802.15,1397.58,145.99,176.23,147.09,Low,51.37,No,Medium,54.1,,0,0
22.5,82.5,42.5,17.4,40.1,7.4,1.56,37.0,14.0,182.0,234.0,High,Low,0.1,Shallow (1-3m) — High Risk,Low,Raft Foundation,27.48,1.49,45.97,45.82,11.08,13.04,63.8,0.0,1.68,Tropical Wet & Dry,Low,Normal Monsoon,Low,40,Very High,2,187.2,8,5.0,Medium,3,High,245.27,Low,,499.07,,498.87,,171.82,381.14,Zone III,44,Flat-Coastal (<2°),High,Shallow (0-3m),Poor,3661,0,60,2,79,196.59,Tiger Reserve,256.82,234.26,425.77,196.59,205.46,Low,425.77,No,Medium,53.1,,0,0
22.5,82.0,41.7,19.4,38.9,7.1,1.49,33.8,22.1,189.0,223.5,High,Low,0.1,Shallow (1-3m) — High Risk,Low,Raft Foundation,27.35,1.71,45.18,45.25,11.01,13.08,60.93,0.0,1.68,Tropical Wet & Dry,Low,Normal Monsoon,Low,40,Very High,2,185.6,9,5.0,Medium,3,High,271.18,Low,,542.86,,544.56,,150.33,432.27,Zone III,44,Flat-Coastal (<2°),High,Shallow (0-3m),Poor,0,0,0,0,0,145.63,Tiger Reserve,205.46,280.7,462.7,145.63,154.1,Low,462.7,No,Medium,53.1,,0,0
22.5,83.0,46.5,20.4,33.0,6.9,1.46,40.2,27.0,237.0,219.0,High,Low,0.1,Shallow (1-3m) — High Risk,Low,Raft Foundation,27.05,1.21,45.5,47.85,11.89,13.83,65.02,0.0,1.61,Tropical Wet & Dry,Low,Normal Monsoon,Low,40,Very High,2,190.3,7,4.9,Medium,3,High,228.33,Low,,456.95,,454.47,,204.38,330.06,Zone III,44,Flat-Coastal (<2°),High,Shallow (0-3m),Poor,1643,0,67,1,77,244.23,Tiger Reserve,308.19,190.47,392.24,247.73,216.34,Low,392.24,No,Medium,53.1,,0,0
22.5,84.5,37.8,26.0,36.2,6.4,1.43,30.1,20.3,208.0,214.5,Medium,Low,19.64,Shallow (1-3m) — High Risk,Medium,Simple Strip Footing,27.1,2.45,44.04,48.75,12.01,15.59,66.8,0.0,1.61,Tropical Wet & Dry,Medium,Normal Monsoon,Low,40,Very High,2,191.1,5,4.8,Medium,3,High,245.27,Low,,346.74,,334.23,,138.09,177.61,Zone III,44,Flat-Coastal (<2°),High,Shallow (0-3m),Poor,518,0,51,0,93,382.02,Tiger Reserve,446.0,111.19,322.21,356.67,115.42,Low,322.21,No,Medium,53.85,,0,0
22.5,84.0,36.2,23.4,40.4,6.6,1.45,36.0,24.2,210.0,217.5,Medium,Low,15.06,Shallow (1-3m) — High Risk,Low,Simple Strip Footing,26.67,1.56,44.63,48.08,12.15,16.47,66.3,0.0,1.61,Tropical Wet & Dry,Low,Normal Monsoon,Low,40,Very High,2,193.2,8,4.9,Medium,3,High,228.33,Low,,379.98,,371.43,,173.4,228.21,Zone III,44,Flat-Coastal (<2°),High,Shallow (0-3m),Poor,651,1,42,0,89,334.58,Tiger Reserve,410.91,122.56,339.29,338.09,138.44,Low,339.29,No,Medium,58.1,,0,0
22.5,85.0,35.3,33.5,31.2,6.4,1.44,27.6,16.2,216.0,216.0,Medium,Low,41.39,Shallow (1-3m) — High Risk,Medium,Simple Strip Footing,27.16,2.29,44.1,50.35,12.03,14.64,67.46,0.0,1.53,Tropical Wet & Dry,Medium,Normal Monsoon,Low,40,Very High,2,191.1,5,4.8,Medium,3,High,232.96,Low,,318.49,,301.35,,99.35,127.58,Zone III,44,Flat-Coastal (<2°),Low,Shallow (0-3m),Poor,0,0,0,0,0,417.16,Tiger Reserve,395.0,122.41,312.9,381.15,94.11,Low,287.77,No,Medium,58.85,,0,0
22.5,86.5,36.5,37.8,25.7,6.2,1.39,17.3,20.1,186.0,208.5,Medium,Low,50.7,Shallow (1-3m) — High Risk,Medium,Simple Strip Footing,27.4,2.65,44.81,53.92,11.26,13.64,72.43,0.0,1.52,Tropical Wet & Dry,Medium,Bay of Bengal Monsoon,High,40,Very High,2,191.3,9,4.7,Medium,3,High,122.41,Low,,277.99,,213.21,Low,37.99,45.39,Zone III,44,Flat-Coastal (<2°),Low,Shallow (0-3m),Poor,24423,0,72,1,77,265.88,Tiger Reserve,243.14,151.13,335.3,480.04,151.73,Low,206.72,No,Medium,55.6,,0,0
22.5,87.0,27.2,43.1,29.6,6.1,1.32,14.4,18.6,147.0,198.0,Medium,Medium,75.11,Shallow (1-3m) — High Risk,Medium,Simple Strip Footing,27.62,3.55,44.64,53.15,10.35,15.74,77.37,0.0,1.59,Tropical Wet & Dry,High,Bay of Bengal Monsoon,High,60,Very High,2,189.8,12,4.7,Medium,3,High,111.19,Low,,282.77,,164.08,,85.08,88.61,Zone III,44,Flat-Coastal (<2°),Low,Shallow (0-3m),Poor,22285,1,76,1,52,216.44,Tiger Reserve,193.41,189.57,357.81,518.79,195.54,Low,200.15,No,Low,62.3,,0,0
22.5,87.5,31.8,23.2,44.9,6.4,1.27,19.2,23.5,138.0,190.5,Medium,Low,19.84,Shallow (1-3m) — High Risk,Medium,Simple Strip Footing,27.63,2.9,44.91,53.71,10.14,17.74,80.33,0.0,1.59,Tropical Wet & Dry,High,Bay of Bengal Monsoon,High,40,Very High,2,188.9,14,4.7,Medium,3,High,122.41,Low,,296.67,,116.97,,135.29,93.09,Zone III,44,Flat-Coastal (<2°),Low,Shallow (0-3m),Poor,40011,0,76,1,42,168.22,Tiger Reserve,144.88,232.96,386.02,534.26,182.24,Low,206.72,No,Medium,67.1,,0,0
22.5,88.5,40.3,9.9,49.8,6.3,1.15,20.7,32.3,312.0,172.5,High,Low,0.1,Shallow (1-3m) — High Risk,Medium,Raft Foundation,28.09,3.92,41.82,60.85,11.95,14.89,79.53,0.0,1.54,Tropical Wet & Dry,Very High,Bay of Bengal Monsoon,High,40,Very High,2,186.4,14,4.7,Medium,4,High,189.57,Low,,346.74,Low,55.6,,237.15,15.14,Zone III,44,Flat-Coastal (<2°),Low,Shallow (0-3m),Poor,0,0,0,0,0,84.27,Tiger Reserve,63.59,326.57,455.09,522.71,99.38,Low,253.19,No,Medium,57.35,,0,0
22.5,90.5,26.2,24.1,49.7,5.6,1.24,21.2,38.0,305.0,186.0,Medium,Low,28.81,Shallow (1-3m) — High Risk,Medium,Simple Strip Footing,27.8,7.28,33.65,101.16,22.33,18.07,85.23,0.0,1.55,Tropical Wet & Dry,Medium,Bay of Bengal Monsoon,High,10,High,2,185.1,59,5.7,High,4,High,375.09,High,,499.07,,213.21,,441.97,215.94,Zone III,44,Flat-Coastal (<2°),Low,Shallow (0-3m),Poor,23072,2,73,2,39,168.22,Tiger Reserve,183.58,501.58,403.33,542.05,163.85,Low,413.49,No,Low,51.55,,0,0
22.5,92.5,30.9,37.8,31.3,5.4,1.17,22.2,26.5,196.0,175.5,Medium,Low,57.42,Shallow (1-3m) — High Risk,High,Simple Strip Footing,26.52,7.31,33.0,89.96,20.78,7.48,80.69,0.0,1.84,Tropical Wet & Dry,Low,Normal Monsoon,Low,10,Low,2,195.6,100,6.2,High,4,High,444.78,High,,681.02,,415.39,,640.14,421.18,Zone III,44,Moderate (5-15°),Low,Shallow (0-3m),Poor,7390,0,46,0,98,366.45,Tiger Reserve,384.81,488.69,258.9,464.89,358.7,Low,602.76,Yes,Medium,56.35,,0,0
22.5,93.0,32.5,35.2,32.3,5.4,1.05,22.6,41.4,490.0,157.5,Medium,Low,49.0,Shallow (1-3m) — High Risk,High,Simple Strip Footing,22.92,1.94,35.35,53.28,12.01,5.33,77.27,0.0,1.84,Tropical Wet & Dry,Low,Normal Monsoon,Low,0,Low,2,219.8,100,6.2,High,4,High,447.65,High,,728.61,,466.43,,690.02,472.5,Zone III,44,Moderate (5-15°),Low,Shallow (0-3m),Poor,19661,1,68,0,89,417.16,Tiger Reserve,435.79,480.8,236.88,457.69,409.11,Low,651.74,Yes,Medium,56.35,,0,0
22.5,93.5,37.2,30.2,32.5,5.3,0.98,24.2,84.9,653.0,147.0,Medium,Low,30.86,Shallow (1-3m) — High Risk,High,Isolated Footing,24.69,3.78,35.13,24.81,4.76,5.18,66.47,0.0,1.84,Tropical Wet & Dry,Low,Normal Monsoon,Low,0,Low,2,204.7,100,6.2,High,4,High,456.14,High,,776.75,,517.55,,740.07,523.83,Zone III,44,Moderate (5-15°),Low,Shallow (0-3m),Poor,0,0,0,0,0,456.01,National Park,447.65,478.14,224.48,456.01,445.81,Low,701.1,Yes,Medium,52.85,,0,0
22.5,94.0,27.8,43.5,28.7,5.7,1.16,19.1,32.2,251.0,174.0,Medium,Medium,75.39,Shallow (1-3m) — High Risk,Medium,Simple Strip Footing,24.69,3.78,35.13,24.81,4.76,5.18,66.47,0.0,1.7,Tropical Wet & Dry,Low,Normal Monsoon,Low,0,Low,2,204.7,100,6.2,High,4,High,469.95,High,,825.32,,568.72,,790.25,575.16,Zone III,44,Moderate (5-15°),Low,Shallow (0-3m),Poor,262,0,30,0,0,459.92,National Park,456.14,480.8,223.32,456.14,445.24,Low,750.77,Yes,Low,55.05,,0,0
22.5,94.5,26.7,44.4,28.8,5.8,1.24,16.6,32.7,264.0,186.0,Medium,Medium,78.96,Shallow (1-3m) — High Risk,Medium,Simple Strip Footing,28.84,7.61,36.31,12.68,1.99,7.05,56.85,0.0,1.7,Tropical Wet & Dry,Low,Normal Monsoon,Low,20,Low,2,174.3,100,6.2,High,4,High,488.62,High,,874.26,,619.95,,840.54,626.49,Zone III,44,Moderate (5-15°),Low,Shallow (0-3m),Poor,2314,0,56,0,99,469.27,National Park,469.95,488.69,233.56,447.65,450.38,Low,800.7,Yes,Low,53.8,,0,0
22.5,95.0,35.8,36.7,27.4,6.5,,19.4,36.6,148.0,,Medium,Unknown,48.79,Shallow (1-3m) — High Risk,Low,Isolated Footing,31.33,9.16,35.81,8.45,1.17,14.31,51.26,0.0,1.76,Tropical Wet & Dry,Low,Normal Monsoon,Low,20,Low,2,157.0,100,6.2,High,4,High,511.64,High,,923.52,,671.2,,890.92,677.81,Zone III,44,Moderate (5-15°),Low,Shallow (0-3m),Poor,0,0,0,0,0,483.75,National Park,488.62,501.58,253.83,444.78,461.04,Low,850.83,Yes,Medium,49.85,,0,0
22.5,95.5,36.0,30.7,33.3,6.6,1.34,17.6,21.0,177.0,201.0,Medium,Low,33.55,Shallow (1-3m) — High Risk,Low,Simple Strip Footing,31.86,9.61,36.03,8.47,1.27,16.11,50.03,0.0,1.76,Tropical Wet & Dry,Low,Normal Monsoon,Low,40,Low,2,153.3,100,5.6,High,4,High,538.43,High,,973.03,,722.48,,941.38,729.14,Zone III,44,Moderate (5-15°),Low,Shallow (0-3m),Poor,107,1,51,1,84,502.92,National Park,511.64,519.07,281.96,447.65,476.86,Low,901.13,Yes,Medium,55.1,,0,0
22.5,96.0,33.7,35.6,30.7,6.6,1.25,17.7,32.9,150.0,187.5,Medium,Low,48.56,Shallow (1-3m) — High Risk,Low,Simple Strip Footing,29.38,8.26,35.44,9.46,1.61,12.53,53.77,0.0,1.7,Tropical Wet & Dry,Low,Normal Monsoon,Low,20,Low,2,168.3,100,5.6,High,4,High,568.47,High,,1022.77,,773.78,,991.9,780.47,Zone III,44,Moderate (5-15°),Low,Shallow (0-3m),Poor,0,0,0,0,0,526.26,National Park,538.43,540.74,315.87,456.14,497.34,Low,951.58,Yes,Medium,60.35,,0,0
22.5,96.5,30.3,31.8,37.8,5.8,1.23,18.0,26.5,243.0,184.5,Medium,Low,43.14,Shallow (1-3m) — High Risk,Medium,Simple Strip Footing,29.38,8.26,35.44,9.46,1.61,12.53,53.77,0.0,1.7,Tropical Wet & Dry,Low,Normal Monsoon,Low,20,Low,2,168.3,100,6.9,High,4,High,601.26,High,,1072.7,,825.1,,1042.47,831.79,Zone III,44,Moderate (5-15°),Low,Shallow (0-3m),Poor,47,0,17,7,6,553.25,National Park,568.47,566.1,353.9,469.95,521.93,Low,1002.15,Yes,Medium,58.6,,0,0
22.5,97.0,30.4,35.9,33.7,5.9,1.23,16.0,25.0,218.0,184.5,Medium,Low,53.27,Shallow (1-3m) — High Risk,Medium,Simple Strip Footing,25.67,4.07,36.6,10.06,1.76,4.56,60.25,0.0,1.82,Tropical Wet & Dry,Low,Normal Monsoon,Low,10,Low,2,193.7,100,6.8,High,4,High,636.39,High,,1122.79,,876.43,,1093.08,883.11,Zone III,44,Moderate (5-15°),Low,Shallow (0-3m),Poor,701,1,71,0,86,559.25,National Park,601.26,594.67,394.86,488.62,550.08,Low,1052.82,Yes,Medium,58.6,,0,0
23.0,70.0,23.8,53.5,22.7,7.3,1.52,25.0,8.9,109.0,228.0,Low,Medium,105.19,Shallow (1-3m) — High Risk,Low,Simple Strip Footing,29.0,4.63,40.12,18.85,5.77,15.79,61.07,0.0,1.69,Semi-Arid,High,Normal Monsoon,Low,20,Low,2,177.4,100,5.5,High,3,High,255.89,Low,,1376.21,,1339.8,,1121.27,113.13,Zone V,50,Gentle (2-5°),Low,Medium-Deep (5-15m),Moderate,26920,3,74,1,83,75.63,Marine Park,773.93,1445.32,91.27,226.79,198.87,Low,75.63,No,Medium,59.85,,0,0
23.0,71.0,20.9,51.8,27.3,7.2,1.54,28.2,8.4,131.0,231.0,Low,Medium,104.42,Shallow (1-3m) — High Risk,Low,Simple Strip Footing,29.59,4.6,42.91,24.02,7.19,16.72,54.23,0.0,1.71,Semi-Arid,Medium,Normal Monsoon,Low,40,Low,2,167.9,100,5.5,High,3,High,153.53,Low,,1297.88,,1259.44,,1056.57,80.5,Zone V,50,Gentle (2-5°),Low,Medium-Deep (5-15m),Moderate,15428,1,73,5,95,75.63,Marine Park,685.76,1367.15,104.82,212.27,193.47,Low,75.63,No,Medium,59.85,,0,0
23.0,71.5,26.1,36.7,37.2,7.3,1.48,28.3,9.9,173.0,222.0,Medium,Low,60.43,Shallow (1-3m) — High Risk,Low,Simple Strip Footing,29.59,4.6,42.91,24.02,7.19,16.72,54.23,0.0,1.71,Semi-Arid,High,Normal Monsoon,Low,40,Low,2,167.9,100,5.5,High,3,High,102.36,Low,,1260.17,,1220.66,,1026.71,105.92,Zone V,50,Gentle (2-5°),Low,Medium-Deep (5-15m),Moderate,132894,3,58,24,53,116.65,Marine Park,643.1,1319.79,55.84,223.25,210.53,Low,116.65,No,Medium,56.6,,0,0
23.0,72.0,29.1,32.2,38.7,7.3,1.52,28.2,15.9,142.0,228.0,Medium,Low,45.58,Shallow (1-3m) — High Risk,Low,Simple Strip Footing,29.91,4.9,43.2,24.72,7.51,15.07,52.59,0.0,1.89,Semi-Arid,High,Normal Monsoon,Low,60,Low,2,164.5,100,5.8,High,3,High,51.18,Low,,1223.55,,1182.92,,998.72,145.68,Zone III,44,Gentle (2-5°),Low,Medium-Deep (5-15m),Moderate,455952,0,61,2,90,113.08,National Park,601.66,1272.8,22.24,244.8,237.74,Low,163.55,No,Medium,55.6,,0,0
23.0,73.5,22.1,34.9,42.9,7.2,1.56,30.8,9.3,177.0,234.0,Low,Low,60.73,Medium-Deep (5-12m) — Low-Medium Risk,Low,Simple Strip Footing,29.22,5.44,42.92,30.78,9.63,14.97,53.76,0.0,1.71,Semi-Arid,High,Normal Monsoon,Low,60,Low,2,169.0,3,4.0,Low,4,Low,102.36,Low,,1121.27,,999.0,,858.03,212.75,Zone III,44,Flat-Coastal (<2°),Low,Medium-Deep (5-15m),Moderate,12138,1,63,0,84,173.78,National Park,487.72,1134.45,155.25,349.36,353.44,,999.0,No,Medium,73.3,,0,0
23.0,73.0,36.3,30.4,33.3,7.6,1.52,35.0,9.8,173.0,228.0,Medium,Low,32.44,Medium-Deep (5-12m) — Low-Medium Risk,Low,Simple Strip Footing,29.63,5.61,43.02,29.74,9.59,14.95,53.12,0.0,1.71,Semi-Arid,Very High,Normal Monsoon,Low,60,Low,2,166.4,5,4.7,Medium,4,Low,51.18,Low,,1153.99,,999.0,,908.17,201.21,Zone III,44,Flat-Coastal (<2°),Low,Medium-Deep (5-15m),Poor,0,0,0,0,0,138.27,National Park,523.58,1180.08,104.82,309.9,311.16,Low,262.32,No,High,60.6,,0,0
23.0,74.0,29.2,39.4,31.4,7.0,1.61,32.2,10.0,124.0,241.5,Medium,Low,63.46,Medium-Deep (5-12m) — Low-Medium Risk,Low,Simple Strip Footing,29.22,5.44,42.92,30.78,9.63,14.97,53.76,0.0,1.68,Tropical Wet & Dry,High,Normal Monsoon,Low,60,Low,2,169.0,1,3.9,Low,4,Low,153.53,Low,,1090.11,,999.0,,808.04,235.25,Zone III,44,Flat-Coastal (<2°),Low,Medium-Deep (5-15m),Moderate,21359,3,60,0,99,215.77,National Park,454.66,1089.39,206.06,391.64,397.9,,999.0,No,Medium,67.3,,0,0
23.0,75.0,46.7,20.5,32.8,7.4,1.63,47.1,8.5,105.0,244.5,High,Low,0.1,Deep (10-20m) — Low Risk,Low,Raft Foundation,27.62,4.57,42.53,31.64,9.03,15.83,55.22,0.0,1.68,Tropical Wet & Dry,Medium,Normal Monsoon,Low,40,Low,2,178.1,1,4.1,Low,3,Low,116.65,Low,,1032.97,,999.0,,708.72,302.37,Zone III,44,Flat-Coastal (<2°),Low,Deep (10-25m),Poor,2876,1,73,0,100,308.38,National Park,399.64,991.62,308.09,481.63,490.96,,999.0,No,High,62.55,,0,0
23.0,75.5,48.1,17.0,34.9,7.4,1.64,48.9,10.7,105.0,246.0,High,Low,0.1,Deep (10-20m) — Low Risk,Low,Raft Foundation,27.34,3.34,43.56,32.78,9.46,16.16,55.17,0.0,1.68,Tropical Wet & Dry,Medium,Normal Monsoon,Low,40,Low,2,179.4,1,4.1,Low,3,Low,75.63,Low,,1007.3,,999.0,,659.48,342.68,Zone III,44,Flat-Coastal (<2°),Low,Deep (10-25m),Poor,16896,1,57,1,98,292.45,National Park,379.31,940.96,359.19,528.41,515.7,,999.0,No,High,62.55,,0,0
23.0,76.0,42.2,15.8,41.9,7.5,1.67,47.9,9.6,108.0,250.5,High,Low,0.1,Deep (10-20m) — Low Risk,Low,Raft Foundation,27.48,2.7,44.46,35.92,10.75,14.59,55.27,0.0,1.69,Tropical Wet & Dry,Low,Normal Monsoon,Low,40,Low,2,178.9,1,4.1,Low,3,Low,55.6,Low,,983.76,,999.0,,610.61,385.66,Zone III,44,Gentle (2-5°),Low,Deep (10-25m),Poor,90535,0,72,8,56,242.31,National Park,364.9,890.39,410.31,478.4,464.77,,999.0,No,High,67.05,,0,0
23.0,77.0,38.2,19.5,42.3,7.4,1.66,43.2,10.0,112.0,249.0,Medium,Low,2.91,Deep (10-20m) — Low Risk,Low,Simple Strip Footing,27.77,2.69,45.24,40.69,12.63,13.57,55.63,0.0,1.68,Tropical Wet & Dry,Low,Normal Monsoon,Low,40,Low,2,177.9,0,0.0,Low,3,Low,116.65,Low,,943.7,,999.0,,514.4,476.72,Zone III,44,Gentle (2-5°),Low,Deep (10-25m),Poor,18526,3,58,4,74,144.44,National Park,279.86,789.57,469.72,377.53,363.18,,999.0,No,High,73.3,,0,0
23.0,77.5,42.1,19.5,38.4,7.3,1.62,43.6,12.6,139.0,243.0,High,Low,0.1,Deep (10-20m) — Low Risk,Low,Raft Foundation,27.88,2.34,45.37,45.39,14.2,12.79,56.34,0.0,1.68,Tropical Wet & Dry,Low,Normal Monsoon,Low,40,Low,2,178.2,0,0.0,Low,3,Low,163.55,Low,,927.5,,999.0,,467.39,500.78,Zone III,44,Gentle (2-5°),Low,Deep (10-25m),Poor,124079,5,69,9,71,99.1,National Park,233.62,739.37,467.02,327.49,312.61,,999.0,No,High,66.3,,0,0
23.0,78.5,45.0,20.5,34.5,7.4,1.63,36.3,11.0,126.0,244.5,High,Low,0.1,Deep (10-20m) — Low Risk,Low,Raft Foundation,28.2,2.74,45.4,46.22,14.03,12.57,56.65,0.0,1.67,Tropical Wet & Dry,Low,Normal Monsoon,Low,60,Low,2,177.1,3,4.7,Medium,3,Low,262.32,Low,,892.15,,999.0,,376.89,506.8,Zone III,44,Gentle (2-5°),Low,Deep (10-25m),Poor,0,0,0,0,0,59.26,National Park,133.06,639.56,477.74,229.12,212.49,,999.0,No,Medium,62.3,,0,0
23.0,80.0,39.8,13.0,47.2,7.1,1.65,43.8,18.3,203.0,247.5,Medium,Low,0.1,Shallow (1-3m) — High Risk,Low,Simple Strip Footing,27.3,1.72,45.64,47.4,13.2,14.52,59.44,0.0,1.65,Tropical Wet & Dry,Low,Normal Monsoon,Low,40,Low,2,184.4,4,5.0,Medium,3,High,404.69,Low,,750.52,,754.6,,259.29,551.21,Zone III,44,Flat-Coastal (<2°),Low,Shallow (0-3m),Poor,136530,2,72,2,53,99.24,Tiger Reserve,20.47,492.2,530.5,99.24,75.63,Low,660.13,No,Medium,65.35,,0,0
23.0,80.5,39.5,19.5,41.0,7.1,1.58,41.8,17.5,190.0,237.0,Medium,Low,1.35,Shallow (1-3m) — High Risk,Low,Simple Strip Footing,26.3,0.94,45.35,46.37,12.13,14.72,61.26,0.0,1.65,Tropical Wet & Dry,Low,Normal Monsoon,Low,40,Very High,2,191.4,4,5.0,Medium,3,High,368.09,Low,,704.58,,707.5,,230.0,574.11,Zone III,44,Flat-Coastal (<2°),High,Shallow (0-3m),Poor,5413,2,50,0,82,78.51,Tiger Reserve,71.65,444.14,556.14,78.51,55.6,Low,617.77,No,Medium,60.1,,0,0
23.0,81.5,36.5,22.6,40.9,7.0,1.56,39.1,19.7,202.0,234.0,Medium,Low,12.7,Shallow (1-3m) — High Risk,Low,Simple Strip Footing,25.57,1.13,44.38,44.06,10.85,13.39,62.21,0.0,1.65,Tropical Wet & Dry,Low,Normal Monsoon,Low,40,Very High,2,196.2,9,5.0,Medium,3,High,307.18,Low,,615.43,,615.51,,200.42,481.92,Zone III,44,Flat-Coastal (<2°),High,Shallow (0-3m),Poor,2792,0,82,0,41,93.08,Tiger Reserve,163.55,350.9,538.01,120.78,116.65,Low,538.01,No,Medium,60.1,,0,0
23.0,82.5,46.0,16.1,37.9,7.4,1.66,41.5,13.5,155.0,249.0,High,Low,0.1,Shallow (1-3m) — High Risk,Low,Raft Foundation,26.99,0.9,45.55,44.55,10.88,14.4,61.53,0.0,1.63,Tropical Wet & Dry,Low,Normal Monsoon,Low,40,Very High,2,188.0,8,5.0,Medium,3,High,271.64,Low,,531.48,,527.72,,220.58,379.64,Zone III,44,Flat-Coastal (<2°),High,Shallow (0-3m),Poor,1900,1,68,1,81,171.78,Tiger Reserve,262.32,264.92,467.65,209.94,212.49,Low,467.65,No,Medium,53.1,,0,0
23.0,83.5,40.6,23.2,36.2,6.9,1.46,36.0,15.9,212.0,219.0,High,Low,9.28,Shallow (1-3m) — High Risk,Low,Raft Foundation,25.07,0.59,43.45,47.28,11.81,15.14,66.73,0.0,1.56,Tropical Wet & Dry,Low,Normal Monsoon,Low,20,Very High,2,202.6,7,4.9,Medium,3,High,271.64,Low,,455.6,,446.63,,192.12,277.45,Zone III,44,Flat-Coastal (<2°),High,Shallow (0-3m),Poor,3401,0,54,1,67,266.82,Tiger Reserve,363.18,195.99,411.56,271.64,187.03,Low,411.56,No,Medium,54.35,,0,0
23.0,83.0,42.5,17.4,40.1,7.2,1.61,40.0,14.1,176.0,241.5,High,Low,0.1,Shallow (1-3m) — High Risk,Low,Raft Foundation,25.79,0.32,44.42,46.38,11.57,14.81,64.5,0.0,1.56,Tropical Wet & Dry,Low,Normal Monsoon,Low,20,Very High,2,196.9,8,5.0,Medium,3,High,266.87,Low,,492.29,,486.12,,241.46,328.53,Zone III,44,Flat-Coastal (<2°),High,Shallow (0-3m),Poor,2720,2,59,0,89,218.51,Tiger Reserve,312.61,227.26,437.45,258.29,237.51,Low,437.45,No,Medium,56.35,,0,0
23.0,84.0,35.3,26.8,37.9,6.0,1.26,34.4,30.9,229.0,189.0,Medium,Low,24.64,Shallow (1-3m) — High Risk,Medium,Simple Strip Footing,25.07,0.59,43.45,47.28,11.81,15.14,66.73,0.0,1.55,Tropical Wet & Dry,Low,Normal Monsoon,Low,20,Very High,2,202.6,7,4.9,Medium,3,High,282.74,Low,,422.08,,409.85,,143.98,226.44,Zone III,44,Flat-Coastal (<2°),High,Shallow (0-3m),Poor,0,0,0,0,0,315.99,Tiger Reserve,413.91,163.02,390.85,285.49,137.04,Low,390.85,No,Medium,59.6,,0,0
23.0,84.5,39.2,27.8,32.9,6.5,1.33,34.6,33.2,213.0,199.5,Medium,Low,22.46,Shallow (1-3m) — High Risk,Low,Simple Strip Footing,25.26,1.18,42.91,48.48,11.91,15.49,67.47,0.0,1.55,Tropical Wet & Dry,Low,Normal Monsoon,Low,20,Very High,2,202.0,4,4.8,Medium,3,High,261.39,Low,,392.53,,376.59,,98.85,175.55,Zone III,44,Flat-Coastal (<2°),High,Shallow (0-3m),Poor,512,1,82,0,97,365.68,Tiger Reserve,455.5,116.31,376.18,307.18,88.33,Low,363.27,No,Medium,61.35,,0,0
23.0,85.5,36.8,32.4,30.8,6.5,1.36,25.4,27.3,200.0,204.0,Medium,Low,36.84,Shallow (1-3m) — High Risk,Low,Simple Strip Footing,26.92,2.68,44.05,51.27,11.87,14.87,68.62,0.0,1.46,Tropical Wet & Dry,Medium,Normal Monsoon,Low,40,Very High,2,193.0,9,4.8,Medium,3,High,163.02,Low,,349.25,,324.83,,59.23,75.07,Zone III,44,Flat-Coastal (<2°),Low,Shallow (0-3m),Poor,5012,0,67,0,91,379.9,Tiger Reserve,356.77,55.6,367.53,368.09,39.13,Low,298.95,No,Medium,60.6,,0,0
23.0,86.5,31.3,39.6,29.1,6.1,1.42,18.1,21.0,161.0,213.0,Medium,Low,61.44,Shallow (1-3m) — High Risk,Medium,Simple Strip Footing,27.31,2.5,45.1,52.28,11.47,13.63,71.85,0.0,1.46,Tropical Wet & Dry,Medium,Bay of Bengal Monsoon,High,40,Very High,2,191.7,9,4.7,Medium,3,High,75.5,Low,,333.58,,233.62,Low,45.36,37.93,Zone III,44,Flat-Coastal (<2°),Low,Shallow (0-3m),Poor,30446,1,77,0,80,284.54,Tiger Reserve,261.13,116.31,387.41,444.07,127.14,Low,260.9,No,Medium,55.6,,0,0
23.0,89.0,37.3,12.2,50.4,6.2,1.25,19.8,26.8,169.0,187.5,Medium,Low,0.1,Shallow (1-3m) — High Risk,Medium,Simple Strip Footing,28.01,3.25,42.88,56.42,11.04,17.05,77.95,0.0,1.42,Tropical Wet & Dry,High,Bay of Bengal Monsoon,High,40,Very High,2,187.3,27,5.5,Medium,4,High,211.76,Low,,422.08,,122.49,,279.84,75.9,Zone III,44,Flat-Coastal (<2°),Low,Shallow (0-3m),Poor,15048,0,59,2,55,122.31,Tiger Reserve,113.08,361.86,516.18,468.75,133.83,Low,328.64,No,Medium,65.85,,0,0
23.0,91.0,32.4,34.9,32.7,5.6,1.28,19.7,37.1,435.0,192.0,Medium,Low,48.37,Shallow (1-3m) — High Risk,Medium,Simple Strip Footing,27.03,4.14,36.98,99.25,20.54,17.14,86.86,0.0,1.72,Tropical Wet & Dry,Medium,Bay of Bengal Monsoon,High,10,High,2,188.7,79,5.7,High,4,High,412.41,High,,572.66,,279.86,,477.76,270.2,Zone III,44,Flat-Coastal (<2°),Low,Shallow (0-3m),Poor,5662,0,67,0,80,239.17,Tiger Reserve,251.87,468.19,330.19,467.86,236.55,Low,485.58,No,Medium,49.85,,0,0
23.0,92.0,27.8,31.6,40.5,5.4,1.21,17.9,18.6,161.0,181.5,Medium,Low,45.64,Shallow (1-3m) — High Risk,High,Simple Strip Footing,26.67,6.0,35.4,99.35,20.59,7.4,86.25,0.0,1.75,Tropical Wet & Dry,Low,Normal Monsoon,Low,10,Low,2,191.5,100,6.2,High,4,High,392.44,High,,659.48,,376.34,,578.32,371.68,Zone III,44,Flat-Coastal (<2°),Low,Shallow (0-3m),Poor,3435,0,36,1,90,331.67,Tiger Reserve,347.02,448.79,247.75,424.5,326.62,Low,575.87,No,Low,57.55,,0,0
23.0,94.0,24.2,38.0,37.8,5.7,1.25,20.7,31.0,227.0,187.5,Low,Low,65.96,Shallow (1-3m) — High Risk,Medium,Simple Strip Footing,24.45,3.21,35.74,19.85,3.4,5.55,66.93,0.0,1.58,Tropical Wet & Dry,Low,Normal Monsoon,Low,0,Low,2,206.4,100,6.2,High,4,High,417.61,High,,844.41,,575.81,,780.56,575.72,Zone III,44,Moderate (5-15°),Low,Shallow (0-3m),Poor,1172,0,95,0,91,404.85,National Park,402.06,425.54,168.03,402.06,389.71,Low,766.25,Yes,Low,65.55,,0,0
23.0,94.5,29.0,39.7,31.3,5.7,1.19,19.4,31.4,197.0,178.5,Medium,Low,64.45,Shallow (1-3m) — High Risk,Medium,Simple Strip Footing,29.1,6.83,37.19,12.15,1.88,5.54,56.7,0.0,1.58,Tropical Wet & Dry,Low,Normal Monsoon,Low,20,Low,2,172.9,100,6.2,High,4,High,438.44,High,,892.15,,626.28,,831.26,626.82,Zone III,44,Moderate (5-15°),Low,Shallow (0-3m),Poor,0,0,0,0,0,415.41,National Park,417.61,434.4,181.37,392.44,395.55,Low,815.06,Yes,Low,59.05,,0,0
23.0,95.5,31.6,32.6,35.8,6.4,1.3,17.4,19.3,181.0,195.0,Medium,Low,43.58,Shallow (1-3m) — High Risk,Medium,Simple Strip Footing,31.32,8.76,36.69,8.98,1.42,14.36,50.95,0.0,1.6,Tropical Wet & Dry,Low,Normal Monsoon,Low,40,Low,2,156.6,100,5.6,High,4,High,493.14,High,,988.8,,727.58,,932.74,729.08,Zone III,44,Moderate (5-15°),Low,Shallow (0-3m),Poor,225,0,60,0,97,452.93,National Park,463.85,468.19,240.32,392.44,425.34,Low,913.59,Yes,Medium,55.35,,0,0
23.0,96.5,31.3,33.6,35.1,5.3,0.96,25.9,68.3,608.0,144.0,Medium,Low,46.44,Shallow (1-3m) — High Risk,High,Isolated Footing,28.78,6.52,36.88,11.73,2.14,8.34,56.27,0.0,1.73,Tropical Wet & Dry,Low,Normal Monsoon,Low,20,Low,2,173.9,100,6.9,High,4,High,560.82,High,,1086.69,,829.22,,1034.31,831.39,Zone III,44,Moderate (5-15°),Low,Shallow (0-3m),Poor,410,0,58,0,56,500.48,National Park,525.65,519.65,321.44,417.61,475.14,Low,1013.03,Yes,Medium,51.6,,0,0
23.0,97.0,29.1,27.1,43.8,5.5,1.13,22.9,39.9,363.0,169.5,Medium,Low,32.83,Shallow (1-3m) — High Risk,Medium,Simple Strip Footing,25.4,4.76,35.49,13.97,2.65,4.72,62.29,0.0,1.64,Tropical Wet & Dry,Low,Normal Monsoon,Low,10,Low,2,197.2,100,6.8,High,4,High,598.19,High,,1136.0,,880.13,,1085.12,882.55,Zone III,44,Moderate (5-15°),Low,Shallow (0-3m),Poor,0,0,0,0,0,504.0,National Park,560.82,550.52,365.9,438.44,505.79,Low,1063.01,Yes,Low,59.05,,0,0
23.5,69.0,20.5,55.0,24.5,7.0,1.49,19.7,7.2,110.0,223.5,Low,Medium,112.9,Shallow (1-3m) — High Risk,Low,Simple Strip Footing,28.82,4.58,39.17,14.35,4.84,25.02,63.42,0.0,1.66,Arid,High,Normal Monsoon,Low,20,Low,2,179.9,100,5.5,High,3,High,361.86,Low,,1490.97,,1455.08,,1231.33,227.59,Zone VI,55,Gentle (2-5°),Low,Medium-Deep (5-15m),Moderate,123380,1,80,12,57,189.57,Marine Park,842.12,1546.19,88.05,324.81,294.78,Low,189.57,No,Medium,57.6,,0,0
23.5,70.0,21.2,46.3,32.5,7.8,1.41,24.3,10.1,90.0,211.5,Low,Medium,90.31,Shallow (1-3m) — High Risk,Low,Simple Strip Footing,29.48,2.99,43.9,16.1,5.14,16.43,54.78,0.0,1.69,Semi-Arid,High,Normal Monsoon,Low,40,Low,2,169.0,100,5.5,High,3,High,261.39,Low,,1411.48,,1373.76,,1163.53,156.59,Zone V,50,Gentle (2-5°),Low,Medium-Deep (5-15m),Moderate,98935,1,66,2,77,122.41,Marine Park,748.77,1482.67,39.09,279.27,252.28,Low,122.41,No,Medium,57.35,,0,0
23.5,69.5,19.5,49.2,31.2,7.5,1.39,20.1,10.7,175.0,208.5,Low,Medium,99.6,Shallow (1-3m) — High Risk,Low,Simple Strip Footing,29.01,3.11,42.86,14.94,4.92,20.62,58.4,0.0,1.66,Arid,High,Normal Monsoon,Low,40,Low,2,175.0,100,5.5,High,3,High,311.49,Low,,1450.83,,1414.04,,1196.76,188.51,Zone VI,55,Gentle (2-5°),Low,Medium-Deep (5-15m),Moderate,198936,4,72,5,90,151.13,Marine Park,795.22,1519.2,45.24,298.5,269.5,Low,151.13,No,Medium,53.6,,0,0
23.5,71.0,21.1,53.4,25.5,7.1,1.51,27.6,9.3,136.0,226.5,Low,Medium,108.18,Shallow (1-3m) — High Risk,Low,Simple Strip Footing,29.84,3.97,43.89,21.54,6.55,16.25,51.77,0.0,1.71,Semi-Arid,Medium,Normal Monsoon,Low,40,Low,2,163.8,100,5.5,High,3,High,163.02,Low,,1335.49,,1295.78,,1101.52,135.0,Zone V,50,Gentle (2-5°),Low,Medium-Deep (5-15m),Moderate,18107,4,71,6,89,122.41,Marine Park,657.62,1388.73,126.7,267.66,248.06,Low,122.41,No,Medium,59.1,,0,0
23.5,71.5,23.5,43.0,33.6,7.2,1.22,28.3,32.0,78.0,183.0,Low,Medium,79.3,Shallow (1-3m) — High Risk,Low,Simple Strip Footing,29.84,3.97,43.89,21.54,6.55,16.25,51.77,0.0,1.71,Semi-Arid,High,Normal Monsoon,Low,40,Low,2,163.8,100,5.5,High,3,High,116.31,Low,,1298.99,,1258.24,,1069.43,151.48,Zone V,50,Gentle (2-5°),Low,Medium-Deep (5-15m),Moderate,0,0,0,0,0,151.13,Marine Park,613.18,1342.3,93.12,276.41,261.54,Low,151.13,No,Medium,57.35,,0,0
23.5,72.5,27.0,38.1,34.9,7.4,1.56,32.1,11.1,162.0,234.0,Medium,Low,62.85,Medium-Deep (5-12m) — Low-Medium Risk,Low,Simple Strip Footing,29.67,5.31,42.91,25.34,8.13,14.45,50.15,0.0,1.89,Semi-Arid,High,Normal Monsoon,Low,60,Low,2,162.3,18,5.5,Medium,4,Low,55.6,Low,,1229.46,,1186.52,,969.95,219.37,Zone III,44,Flat-Coastal (<2°),Low,Medium-Deep (5-15m),Moderate,79043,0,69,11,52,169.61,National Park,527.55,1250.74,93.12,319.06,313.03,Low,232.96,No,Medium,65.1,,0,0
23.5,73.5,28.6,40.0,31.4,7.3,1.51,28.5,11.2,197.0,226.5,Medium,Low,65.68,Medium-Deep (5-12m) — Low-Medium Risk,Low,Simple Strip Footing,28.98,4.71,43.68,27.13,8.57,14.98,51.98,0.0,1.71,Semi-Arid,High,Normal Monsoon,Low,60,Low,2,167.7,3,4.6,Medium,4,Low,116.31,Low,,1165.21,,999.0,,871.22,265.69,Zone III,44,Flat-Coastal (<2°),Low,Medium-Deep (5-15m),Moderate,0,0,0,0,0,213.52,National Park,448.29,1151.38,171.98,385.17,385.63,,999.0,No,Medium,64.3,,0,0
23.5,74.0,20.4,40.2,39.4,7.3,1.55,29.0,8.4,148.0,232.5,Low,Medium,76.02,Medium-Deep (5-12m) — Low-Medium Risk,Low,Simple Strip Footing,28.98,4.71,43.68,27.13,8.57,14.98,51.98,0.0,1.68,Semi-Arid,Medium,Normal Monsoon,Low,60,Low,2,167.7,2,4.6,Medium,4,Low,163.02,Low,,1135.35,,999.0,,822.22,283.96,Zone III,44,Flat-Coastal (<2°),Low,Medium-Deep (5-15m),Moderate,5337,2,46,0,100,248.77,National Park,412.22,1101.06,218.79,423.76,426.6,,999.0,No,Medium,66.8,,0,0
23.5,74.5,27.9,40.3,31.8,7.1,1.54,33.6,11.9,153.0,231.0,Medium,Medium,67.27,Deep (10-20m) — Low Risk,Low,Simple Strip Footing,28.62,4.96,43.35,28.94,8.6,14.72,53.03,0.0,1.68,Semi-Arid,Medium,Normal Monsoon,Low,60,Low,2,170.7,0,0.0,Low,4,Low,189.57,Low,,1107.17,,999.0,,773.54,309.78,Zone III,44,Flat-Coastal (<2°),Low,Deep (10-25m),Moderate,0,0,0,0,0,288.86,National Park,379.44,1050.84,267.19,464.84,469.63,,999.0,No,Medium,64.05,,0,0
23.5,75.0,46.5,18.3,35.2,7.3,1.65,43.7,8.6,98.0,247.5,High,Low,0.1,Deep (10-20m) — Low Risk,Low,Raft Foundation,27.63,3.84,43.64,30.66,8.89,15.3,54.2,0.0,1.68,Semi-Arid,Medium,Normal Monsoon,Low,40,Low,2,176.8,0,0.0,Low,3,Low,151.13,Low,,1080.8,,999.0,,725.22,341.45,Zone III,44,Flat-Coastal (<2°),Low,Deep (10-25m),Poor,5293,2,70,0,100,316.57,Tiger Reserve,350.87,1000.73,316.44,507.81,514.2,,999.0,No,High,62.55,,0,0
23.5,75.5,46.3,19.5,34.2,7.5,1.65,49.2,8.6,113.0,247.5,High,Low,0.1,Deep (10-20m) — Low Risk,Low,Raft Foundation,27.45,2.72,44.7,31.37,9.21,13.99,54.31,0.0,1.68,Semi-Arid,Low,Normal Monsoon,Low,40,Low,2,177.8,0,0.0,Low,3,Low,122.41,Low,,1056.37,,999.0,,677.36,377.48,Zone III,44,Flat-Coastal (<2°),Low,Deep (10-25m),Poor,0,0,0,0,0,295.76,Tiger Reserve,327.62,950.74,366.2,539.13,523.68,,999.0,No,High,67.05,,0,0
23.5,76.0,45.0,21.5,33.5,7.6,1.66,49.5,9.2,94.0,249.0,High,Low,0.1,Deep (10-20m) — Low Risk,Low,Raft Foundation,27.68,2.54,45.11,33.9,10.27,13.91,54.34,0.0,1.69,Humid Subtropical,Low,Normal Monsoon,Low,40,Low,2,176.7,0,0.0,Low,3,Low,111.19,Low,,1034.02,,999.0,,630.06,416.75,Zone III,44,Gentle (2-5°),Low,Deep (10-25m),Poor,4424,1,57,0,100,260.35,National Park,310.89,900.91,388.75,489.68,473.81,,999.0,No,High,67.05,,0,0
23.5,76.5,38.8,24.1,37.1,7.6,1.65,44.7,7.8,115.0,247.5,Medium,Low,13.69,Deep (10-20m) — Low Risk,Low,Simple Strip Footing,27.68,2.54,45.11,33.9,10.27,13.91,54.34,0.0,1.69,Humid Subtropical,Low,Normal Monsoon,Low,40,Low,2,176.7,0,0.0,Low,3,Low,122.41,Low,,1013.89,,999.0,,583.45,458.43,Zone III,44,Gentle (2-5°),Low,Deep (10-25m),Poor,843,1,55,1,99,215.19,National Park,301.75,851.25,403.44,440.63,424.23,,999.0,No,High,74.05,,0,0
23.5,77.0,36.6,29.5,33.9,7.4,1.63,39.5,9.9,109.0,244.5,Medium,Low,29.83,Deep (10-20m) — Low Risk,Low,Simple Strip Footing,27.6,2.38,45.45,38.09,11.84,12.83,55.28,0.0,1.68,Humid Subtropical,Low,Normal Monsoon,Low,40,Low,2,178.3,0,0.0,Low,3,Low,151.13,Low,,996.12,,999.0,,537.72,450.29,Zone III,44,Gentle (2-5°),Low,Deep (10-25m),Poor,0,0,0,0,0,173.4,National Park,291.41,801.8,414.48,392.13,375.09,,999.0,No,High,74.05,,0,0
23.5,78.0,38.4,21.4,40.2,7.6,1.64,43.6,10.6,132.0,246.0,Medium,Low,7.42,Deep (10-20m) — Low Risk,Low,Simple Strip Footing,27.4,1.52,45.67,44.33,13.49,13.22,57.11,0.0,1.67,Humid Subtropical,Low,Normal Monsoon,Low,40,Low,2,181.5,0,0.0,Low,3,Low,232.96,Low,,959.98,,999.0,,449.94,445.8,Zone III,44,Gentle (2-5°),Low,Deep (10-25m),Poor,3769,3,81,4,88,115.36,National Park,192.12,703.71,414.48,297.87,279.0,,999.0,No,High,73.3,,0,0
23.5,79.0,40.9,22.7,36.5,7.2,1.68,38.1,12.1,143.0,252.0,High,Low,7.67,Deep (10-20m) — Low Risk,Low,Raft Foundation,27.22,1.29,45.99,44.17,13.61,13.61,57.98,0.0,1.68,Humid Subtropical,Low,Normal Monsoon,Low,40,Low,2,183.3,3,4.7,Medium,3,Low,326.57,Low,,866.64,,999.0,,369.98,463.51,Zone III,44,Gentle (2-5°),Low,Deep (10-25m),Poor,18824,8,66,0,99,132.28,National Park,98.85,607.14,438.15,211.34,189.57,,999.0,No,Medium,63.8,,0,0
23.5,79.5,43.3,16.4,40.2,7.3,1.67,38.4,9.7,107.0,250.5,High,Low,0.1,Deep (10-20m) — Low Risk,Low,Raft Foundation,27.52,1.76,45.75,44.76,13.23,14.32,58.45,0.0,1.68,Humid Subtropical,Low,Normal Monsoon,Low,40,Low,2,182.3,4,5.0,Medium,3,Low,375.09,Low,,820.85,,823.46,,334.72,480.04,Zone III,44,Gentle (2-5°),Low,Deep (10-25m),Poor,0,0,0,0,0,142.76,Tiger Reserve,63.49,559.67,457.86,174.64,151.13,Low,733.4,No,Medium,64.85,,0,0
23.5,80.0,40.4,16.2,43.4,7.5,1.66,41.4,12.8,144.0,249.0,High,Low,0.1,Shallow (1-3m) — High Risk,Low,Raft Foundation,27.47,2.01,45.82,45.32,12.87,12.43,58.77,0.0,1.65,Humid Subtropical,Low,Normal Monsoon,Low,40,Low,2,182.9,4,5.0,Medium,3,High,369.91,Low,,775.79,,777.28,,304.1,501.07,Zone III,44,Flat-Coastal (<2°),Low,Shallow (0-3m),Poor,37080,2,70,5,28,104.29,Tiger Reserve,59.23,512.95,482.02,146.91,122.41,Low,691.81,No,Medium,59.85,,0,0
23.5,81.5,38.9,16.8,44.3,6.9,1.45,42.4,22.1,253.0,217.5,Medium,Low,0.1,Shallow (1-3m) — High Risk,Low,Simple Strip Footing,27.08,1.92,45.12,41.67,10.42,14.37,59.95,0.0,1.65,Humid Subtropical,Low,Normal Monsoon,Low,40,Very High,2,186.1,9,5.0,Medium,3,High,260.16,Low,,646.51,,643.65,,251.26,486.77,Zone III,44,Flat-Coastal (<2°),High,Shallow (0-3m),Poor,1263,0,50,0,100,55.59,Tiger Reserve,182.36,380.03,575.09,162.18,151.13,Low,576.88,No,Medium,60.1,,0,0
23.5,82.0,40.5,17.6,41.9,6.2,1.47,38.2,30.4,180.0,220.5,High,Low,0.1,Shallow (1-3m) — High Risk,Medium,Raft Foundation,26.47,1.48,44.92,42.14,10.55,14.62,60.38,0.0,1.63,Humid Subtropical,Low,Normal Monsoon,Low,40,Very High,2,189.7,9,5.0,Medium,3,High,234.26,Low,,606.09,,601.36,,224.31,436.39,Zone III,44,Flat-Coastal (<2°),High,Shallow (0-3m),Poor,0,0,0,0,0,104.29,Tiger Reserve,231.53,339.71,543.02,195.88,189.57,Low,543.02,No,Medium,51.35,,0,0
23.5,82.5,38.1,16.6,45.3,6.2,1.45,40.5,27.7,197.0,217.5,Medium,Low,0.1,Shallow (1-3m) — High Risk,Medium,Simple Strip Footing,25.96,0.33,45.23,41.63,10.27,16.05,62.13,0.0,1.63,Humid Subtropical,Low,Normal Monsoon,Low,40,Very High,2,194.0,7,5.0,Medium,3,High,217.25,Low,,567.49,,560.62,,206.45,386.2,Zone III,44,Flat-Coastal (<2°),High,Shallow (0-3m),Poor,2556,0,59,0,91,154.45,Tiger Reserve,279.0,302.76,512.15,217.25,232.96,Low,512.15,No,Medium,56.35,,0,0
23.5,83.0,40.8,14.1,45.1,6.3,1.49,39.6,30.2,239.0,223.5,High,Low,0.1,Shallow (1-3m) — High Risk,Medium,Raft Foundation,26.47,1.04,44.27,42.55,10.59,13.74,61.75,0.0,1.56,Humid Subtropical,Low,Normal Monsoon,Low,40,Very High,2,191.0,8,5.0,Medium,3,High,211.27,Low,,531.1,,521.79,,200.15,336.29,Zone III,44,Flat-Coastal (<2°),High,Shallow (0-3m),Poor,930,0,52,0,100,205.0,Tiger Reserve,326.57,254.93,484.82,211.27,235.76,Low,484.82,No,Medium,51.35,,0,0
23.5,83.5,40.9,21.4,37.7,6.1,1.32,36.8,33.6,254.0,198.0,High,Low,4.42,Shallow (1-3m) — High Risk,Medium,Raft Foundation,25.36,0.63,43.63,44.31,10.99,13.52,64.35,0.0,1.56,Humid Subtropical,Low,Normal Monsoon,Low,20,Very High,2,199.2,8,4.9,Medium,3,High,217.25,Low,,497.41,,485.35,,183.55,286.81,Zone III,44,Flat-Coastal (<2°),High,Shallow (0-3m),Poor,0,0,0,0,0,255.7,Tiger Reserve,375.09,203.94,461.69,217.25,185.03,Low,461.69,No,Medium,54.6,,0,0
23.5,84.5,35.1,24.7,40.2,6.6,1.39,39.0,29.6,222.0,208.5,Medium,Low,19.63,Shallow (1-3m) — High Risk,Low,Simple Strip Footing,25.2,0.58,43.37,46.34,11.38,14.7,65.6,0.0,1.55,Humid Subtropical,Low,Normal Monsoon,Low,20,Very High,2,201.1,5,4.8,Medium,3,High,254.93,Low,,440.58,,422.03,,81.58,190.44,Zone III,44,Flat-Coastal (<2°),High,Shallow (0-3m),Poor,953,1,67,0,92,357.32,Tiger Reserve,471.4,101.97,430.56,260.16,84.61,Low,404.05,No,Medium,63.35,,0,0
23.5,86.0,36.4,28.0,35.6,6.3,1.37,31.5,24.1,186.0,205.5,Medium,Low,26.32,Shallow (1-3m) — High Risk,Medium,Simple Strip Footing,27.0,1.9,44.89,49.27,11.12,13.5,71.03,0.0,1.46,Humid Subtropical,Medium,Normal Monsoon,Low,40,Very High,2,193.3,9,4.7,Medium,3,High,101.97,Low,,392.59,,305.83,,52.66,80.48,Zone III,44,Flat-Coastal (<2°),Low,Shallow (0-3m),Poor,30144,1,70,0,90,355.45,Tiger Reserve,332.04,50.99,428.69,369.91,74.82,Low,327.94,No,Medium,58.85,,0,0
23.5,86.5,33.2,31.3,35.5,6.5,1.4,22.9,20.5,178.0,210.0,Medium,Low,38.41,Shallow (1-3m) — High Risk,Low,Simple Strip Footing,27.0,1.9,44.89,49.27,11.12,13.5,71.03,0.0,1.46,Humid Subtropical,Medium,Bay of Bengal Monsoon,High,40,Very High,2,193.3,9,4.7,Medium,3,High,50.99,Low,,389.18,,264.34,Low,34.88,83.66,Zone III,44,Flat-Coastal (<2°),Low,Shallow (0-3m),Poor,28011,0,65,1,56,312.11,Tiger Reserve,288.86,101.97,440.37,412.46,124.46,Low,315.58,No,Medium,57.35,,0,0
23.5,87.5,31.8,30.6,37.6,6.0,1.3,16.7,18.7,143.0,195.0,Medium,Low,38.34,Shallow (1-3m) — High Risk,Medium,Simple Strip Footing,27.73,1.99,45.15,48.42,9.84,16.11,74.87,0.0,1.4,Humid Subtropical,High,Bay of Bengal Monsoon,High,40,Very High,2,189.4,14,4.7,Medium,3,High,50.99,Low,,402.65,,195.79,,116.9,135.99,Zone III,44,Flat-Coastal (<2°),Low,Shallow (0-3m),Poor,95284,2,83,5,25,235.22,Tiger Reserve,213.52,203.94,479.84,426.0,225.61,Low,315.58,No,Medium,67.1,,0,0
23.5,88.0,38.4,22.9,38.8,6.4,1.26,19.1,19.5,141.0,189.0,Medium,Low,11.17,Shallow (1-3m) — High Risk,Medium,Simple Strip Footing,27.97,2.57,44.18,47.82,9.49,17.24,75.19,0.0,1.38,Humid Subtropical,High,Bay of Bengal Monsoon,High,40,Very High,2,188.0,18,4.7,Medium,3,High,101.97,Low,,418.87,,174.49,,166.35,108.12,Zone III,44,Flat-Coastal (<2°),Low,Shallow (0-3m),Poor,39724,0,72,2,59,205.36,Tiger Reserve,185.87,254.93,506.38,415.81,220.17,Low,327.94,No,Medium,67.1,,0,0
23.5,88.5,34.2,13.6,52.2,6.6,1.27,18.2,24.4,166.0,190.5,Medium,Low,0.1,Shallow (1-3m) — High Risk,Low,Simple Strip Footing,28.01,2.94,43.23,52.06,10.12,16.84,76.37,0.0,1.38,Humid Subtropical,High,Bay of Bengal Monsoon,High,40,Very High,2,187.6,21,4.7,Medium,4,High,152.96,Low,,440.58,,166.79,,216.48,100.6,Zone III,44,Flat-Coastal (<2°),Low,Shallow (0-3m),Poor,65567,1,66,1,70,185.16,Tiger Reserve,169.61,305.91,536.59,411.54,198.81,Low,347.58,No,Medium,67.6,,0,0
23.5,89.0,42.3,13.3,44.4,6.1,1.23,17.8,23.3,153.0,184.5,High,Low,0.1,Shallow (1-3m) — High Risk,Medium,Raft Foundation,28.01,2.94,43.23,52.06,10.12,16.84,76.37,0.0,1.42,Humid Subtropical,High,Bay of Bengal Monsoon,High,40,Very High,2,187.6,29,5.1,Medium,4,High,203.94,Low,,467.01,,174.49,,266.91,117.4,Zone III,44,Flat-Coastal (<2°),Low,Shallow (0-3m),Poor,3651,1,60,0,90,177.91,Tiger Reserve,168.05,356.89,500.08,413.38,189.31,Low,373.34,No,Medium,58.85,,0,0
23.5,90.5,39.5,27.7,32.7,5.5,1.21,19.1,22.4,165.0,181.5,Medium,Low,21.85,Shallow (1-3m) — High Risk,Medium,Simple Strip Footing,27.67,4.37,37.6,78.83,14.11,15.67,82.22,0.0,1.51,Humid Subtropical,Medium,Bay of Bengal Monsoon,High,10,High,2,187.7,65,5.7,High,4,High,356.89,High,,567.49,,264.34,,418.92,237.02,Zone III,44,Flat-Coastal (<2°),Low,Shallow (0-3m),Poor,0,0,0,0,0,235.22,Tiger Reserve,241.26,396.78,353.17,451.8,237.42,Low,476.36,No,Medium,51.85,,0,0
23.5,90.0,30.4,22.7,46.9,5.7,1.24,17.7,19.5,180.0,186.0,Medium,Low,20.27,Shallow (1-3m) — High Risk,Medium,Simple Strip Footing,27.86,4.21,39.14,68.76,12.56,18.12,80.04,0.0,1.51,Humid Subtropical,Medium,Bay of Bengal Monsoon,High,20,High,2,187.6,48,5.5,Medium,4,High,305.91,Low,,531.1,,226.89,,368.19,191.87,Zone III,44,Flat-Coastal (<2°),Low,Shallow (0-3m),Poor,36990,0,51,2,60,205.36,Tiger Reserve,207.27,380.49,401.69,434.8,210.38,Low,438.67,No,Medium,57.6,,0,0
23.5,92.0,26.3,37.4,36.3,5.4,1.2,17.4,22.3,173.0,180.0,Medium,Low,61.94,Shallow (1-3m) — High Risk,High,Simple Strip Footing,26.29,5.72,34.88,85.29,15.07,5.31,85.64,0.0,1.75,Humid Subtropical,Low,Normal Monsoon,Low,10,Low,2,194.4,100,6.2,High,4,High,337.37,High,,688.44,,395.75,,571.33,381.68,Zone III,44,Flat-Coastal (<2°),Low,Shallow (0-3m),Poor,2380,0,30,0,99,355.45,Tiger Reserve,348.47,396.78,214.0,372.43,352.54,Low,601.82,No,Low,57.55,,0,0
23.5,93.5,33.5,25.7,40.8,5.5,1.04,23.5,36.9,459.0,156.0,Medium,Low,24.05,Shallow (1-3m) — High Risk,Medium,Simple Strip Footing,23.92,2.65,35.63,23.65,3.84,5.18,69.99,0.0,1.59,Humid Subtropical,Low,Normal Monsoon,Low,0,Low,2,211.4,100,6.2,High,4,High,348.47,High,,820.85,,539.12,,723.87,531.29,Zone III,44,Moderate (5-15°),Low,Shallow (0-3m),Poor,3664,0,87,0,27,344.85,National Park,337.37,366.94,115.3,344.85,334.95,Low,738.37,Yes,Medium,59.85,,0,0
23.5,94.0,27.2,34.5,38.3,6.2,1.23,19.3,23.2,203.0,184.5,Medium,Low,53.61,Shallow (1-3m) — High Risk,Medium,Simple Strip Footing,23.92,2.65,35.63,23.65,3.84,5.18,69.99,0.0,1.58,Humid Subtropical,Low,Normal Monsoon,Low,0,Low,2,211.4,100,6.2,High,4,High,366.23,High,,866.64,,588.08,,774.73,581.61,Zone III,44,Moderate (5-15°),Low,Shallow (0-3m),Poor,669,2,32,1,4,349.96,National Park,348.47,370.38,113.04,348.47,334.19,Low,785.36,Yes,Low,60.3,,0,0
23.5,95.5,33.5,29.9,36.6,6.2,1.26,19.6,19.4,218.0,189.0,Medium,Low,34.55,Shallow (1-3m) — High Risk,Medium,Simple Strip Footing,30.35,7.61,37.87,12.13,2.04,9.61,54.95,0.0,1.6,Humid Subtropical,Low,Normal Monsoon,Low,40,Low,2,165.3,100,5.9,High,4,High,450.16,High,,1007.38,,736.84,,927.33,733.23,Zone III,44,Moderate (5-15°),Low,Shallow (0-3m),Poor,1674,0,77,0,100,404.42,National Park,418.0,418.51,205.39,337.37,374.99,Low,929.19,Yes,Medium,55.35,,0,0
24.0,69.5,22.7,54.0,23.4,7.4,1.3,15.5,19.3,64.0,195.0,Low,Medium,107.76,Shallow (1-3m) — High Risk,Low,Simple Strip Footing,29.79,2.95,44.36,12.14,4.0,21.94,53.56,0.0,1.67,Arid,Medium,Normal Monsoon,Low,40,Low,2,166.2,100,5.5,High,3,High,325.49,Low,,1486.26,,1448.23,,1238.82,231.08,Zone VI,55,Gentle (2-5°),Low,Medium-Deep (5-15m),Moderate,16403,0,41,2,90,195.59,Marine Park,774.55,1550.92,37.75,349.0,320.74,Low,195.59,No,Medium,56.85,,0,0
24.0,71.5,19.3,48.1,32.6,7.2,1.48,27.2,9.0,121.0,222.0,Low,Medium,97.09,Shallow (1-3m) — High Risk,Low,Simple Strip Footing,29.88,3.24,44.7,19.2,5.95,15.22,49.43,0.0,1.8,Semi-Arid,Medium,Normal Monsoon,Low,40,Low,2,160.4,100,5.5,High,3,High,150.87,Low,,1338.98,,1297.1,,1082.23,202.12,Zone V,50,Gentle (2-5°),Low,Medium-Deep (5-15m),Moderate,12382,1,66,2,94,195.59,Marine Park,587.0,1361.17,142.86,330.38,314.11,Low,195.59,No,Medium,59.85,,0,0
24.0,73.0,21.0,40.6,38.4,7.3,1.56,33.1,10.2,162.0,234.0,Low,Medium,76.3,Medium-Deep (5-12m) — Low-Medium Risk,Low,Simple Strip Footing,28.6,4.68,42.6,25.94,8.54,15.37,49.69,0.0,1.68,Semi-Arid,High,Normal Monsoon,Low,40,Low,2,166.0,5,4.6,Medium,3,Low,122.33,Low,,1240.26,,999.0,,935.89,293.8,Zone III,44,Flat-Coastal (<2°),Low,Medium-Deep (5-15m),Moderate,49517,0,69,0,57,236.98,National Park,454.11,1211.15,167.98,389.3,388.3,Low,305.04,No,Medium,66.1,,0,0
24.0,73.5,31.9,34.7,33.4,7.3,1.52,40.2,11.1,169.0,228.0,Medium,Low,48.47,Medium-Deep (5-12m) — Low-Medium Risk,Low,Simple Strip Footing,28.15,4.15,43.6,24.76,7.83,14.19,50.51,0.0,1.68,Semi-Arid,High,Normal Monsoon,Low,40,Low,2,169.2,5,4.6,Medium,3,Low,150.87,Low,,1210.09,,999.0,,887.68,319.53,Zone III,44,Flat-Coastal (<2°),Low,Medium-Deep (5-15m),Moderate,14111,0,57,0,71,259.15,National Park,412.59,1161.35,203.06,417.38,422.69,,999.0,No,High,67.8,,0,0
24.0,74.0,20.5,42.7,36.9,7.5,1.51,29.6,8.3,143.0,226.5,Low,Medium,82.15,Medium-Deep (5-12m) — Low-Medium Risk,Low,Simple Strip Footing,28.15,4.15,43.6,24.76,7.83,14.19,50.51,0.0,1.68,Semi-Arid,Medium,Normal Monsoon,Low,40,Low,2,169.2,3,4.6,Medium,3,Low,189.1,Low,,1181.47,,999.0,,839.83,334.82,Zone III,44,Flat-Coastal (<2°),Low,Medium-Deep (5-15m),Moderate,7540,3,59,0,99,288.78,National Park,373.25,1111.67,243.84,449.33,460.25,,999.0,No,Medium,70.3,,0,0
24.0,75.0,37.9,23.1,39.1,7.5,1.64,43.1,9.5,108.0,246.0,Medium,Low,12.27,Deep (10-20m) — Low Risk,Low,Simple Strip Footing,27.58,3.3,44.18,29.06,8.76,14.32,53.24,0.0,1.66,Semi-Arid,Medium,Normal Monsoon,Low,40,Low,2,175.7,1,4.6,Medium,3,Low,195.59,Low,,1129.33,,999.0,,745.5,384.61,Zone III,44,Flat-Coastal (<2°),Low,Deep (10-25m),Poor,3444,1,47,1,99,268.89,Tiger Reserve,304.45,1012.78,322.62,521.89,542.16,,999.0,No,High,69.05,,0,0
24.0,76.0,36.6,31.4,31.9,7.4,1.64,45.7,7.7,109.0,246.0,Medium,Low,34.58,Deep (10-20m) — Low Risk,Low,Simple Strip Footing,27.89,2.25,45.76,31.55,9.67,13.22,53.37,0.0,1.66,Humid Subtropical,Low,Normal Monsoon,Low,60,Low,2,174.5,0,0.0,Low,3,Low,166.79,Low,,1084.8,,999.0,,653.67,424.78,Zone III,44,Gentle (2-5°),Low,Deep (10-25m),Poor,0,0,0,0,0,228.03,Tiger Reserve,257.55,914.67,334.88,506.83,489.03,,999.0,No,High,71.05,,0,0
24.0,77.0,35.6,27.4,37.0,7.5,1.66,36.4,8.4,120.0,249.0,Medium,Low,25.78,Deep (10-20m) — Low Risk,Low,Simple Strip Footing,27.8,2.26,45.96,34.79,10.74,13.37,54.14,0.0,1.67,Humid Subtropical,Low,Normal Monsoon,Low,60,Low,2,175.9,0,0.0,Low,3,Low,195.59,Low,,1048.86,,999.0,,565.55,395.44,Zone III,44,Gentle (2-5°),Low,Deep (10-25m),Poor,908,2,50,0,100,213.21,National Park,245.46,817.61,359.34,413.75,394.54,,999.0,No,High,71.05,,0,0
24.0,77.5,30.7,37.0,32.3,7.2,1.63,36.6,8.7,125.0,244.5,Medium,Low,55.66,Deep (10-20m) — Low Risk,Low,Simple Strip Footing,27.22,1.46,46.19,38.93,12.07,13.82,56.03,0.0,1.67,Humid Subtropical,Low,Normal Monsoon,Low,40,Low,2,181.0,0,0.0,Low,3,Low,226.5,Low,,1028.6,,999.0,,523.47,389.7,Zone III,44,Gentle (2-5°),Low,Deep (10-25m),Moderate,251,4,66,4,79,185.74,National Park,254.58,769.61,355.82,369.02,348.92,,999.0,No,High,74.55,,0,0
24.0,78.0,33.3,23.0,43.6,7.5,1.59,36.7,12.8,164.0,238.5,Medium,Low,17.54,Deep (10-20m) — Low Risk,Low,Simple Strip Footing,27.63,1.75,45.72,40.5,12.23,13.54,55.85,0.0,1.65,Humid Subtropical,Low,Normal Monsoon,Low,40,Low,2,178.9,0,0.0,Low,3,Low,263.75,Low,,982.41,,999.0,,483.18,390.34,Zone III,44,Gentle (2-5°),Low,Deep (10-25m),Moderate,0,0,0,0,0,169.58,National Park,214.6,722.06,359.34,326.17,305.04,,999.0,No,High,75.3,,0,0
24.0,78.5,37.3,25.6,37.1,6.4,1.64,30.7,15.1,123.0,246.0,Medium,Low,19.24,Deep (10-20m) — Low Risk,Medium,Simple Strip Footing,27.29,1.3,45.91,40.76,12.51,14.79,56.91,0.0,1.65,Humid Subtropical,Low,Normal Monsoon,Low,40,Low,2,181.8,2,4.7,Medium,3,Low,305.04,Low,,936.77,,999.0,,445.17,397.34,Zone III,44,Gentle (2-5°),Low,Deep (10-25m),Poor,1823,1,59,7,90,168.04,National Park,173.02,675.04,369.68,286.05,263.75,,999.0,No,Medium,70.55,,0,0
24.0,79.0,37.2,23.8,39.0,7.1,1.64,42.5,9.0,124.0,246.0,Medium,Low,14.86,Deep (10-20m) — Low Risk,Low,Simple Strip Footing,27.29,1.3,45.91,40.76,12.51,14.79,56.91,0.0,1.67,Humid Subtropical,Low,Normal Monsoon,Low,40,Low,2,181.8,2,4.7,Medium,3,Low,337.34,Low,,891.76,,999.0,,410.06,410.37,Zone III,44,Gentle (2-5°),Low,Deep (10-25m),Poor,1733,0,56,3,95,127.75,Tiger Reserve,137.91,628.69,386.3,249.98,226.5,,999.0,No,Medium,72.3,,0,0
24.0,80.0,35.7,24.8,39.5,7.4,1.64,39.3,9.5,133.0,246.0,Medium,Low,19.16,Shallow (1-3m) — High Risk,Low,Simple Strip Footing,27.47,1.3,46.65,41.85,12.09,15.1,58.62,0.0,1.63,Humid Subtropical,Low,Normal Monsoon,Low,40,Low,2,182.8,3,5.0,Medium,3,High,340.69,Low,,804.1,,803.17,,335.87,452.21,Zone III,44,Flat-Coastal (<2°),Low,Shallow (0-3m),Poor,0,0,0,0,0,77.84,Tiger Reserve,113.05,538.65,435.24,198.74,174.44,Low,726.35,No,Medium,64.85,,0,0
24.0,80.5,30.6,31.0,38.4,7.1,1.46,37.5,22.5,226.0,219.0,Medium,Low,40.78,Shallow (1-3m) — High Risk,Low,Simple Strip Footing,27.39,1.16,46.59,40.66,11.26,13.57,59.15,0.0,1.63,Humid Subtropical,Low,Normal Monsoon,Low,40,Very High,2,183.7,3,5.0,Medium,3,High,296.67,Low,,761.71,,759.42,,291.07,479.64,Zone III,44,Flat-Coastal (<2°),High,Shallow (0-3m),Poor,1461,0,58,1,98,60.82,Tiger Reserve,132.13,495.45,465.91,189.31,166.79,Low,688.36,No,Medium,60.1,,0,0
24.0,81.5,38.6,21.4,40.0,7.1,1.68,37.1,11.6,119.0,252.0,Medium,Low,7.18,Shallow (1-3m) — High Risk,Low,Simple Strip Footing,27.48,1.56,46.0,38.38,10.1,13.08,59.37,0.0,1.63,Humid Subtropical,Low,Normal Monsoon,Low,40,Very High,2,183.5,9,5.0,Medium,3,High,217.24,Low,,680.72,,675.2,,209.46,497.81,Zone III,44,Flat-Coastal (<2°),High,Shallow (0-3m),Poor,20311,0,71,1,58,60.82,Tiger Reserve,205.95,410.88,536.12,210.24,195.59,Low,618.31,No,Medium,60.1,,0,0
24.0,82.0,38.9,24.6,36.4,6.3,1.48,38.8,25.9,222.0,222.0,Medium,Low,14.82,Shallow (1-3m) — High Risk,Medium,Simple Strip Footing,27.19,1.45,45.66,38.99,10.45,14.59,58.95,0.0,1.63,Humid Subtropical,Low,Normal Monsoon,Low,40,Very High,2,184.5,8,5.0,Medium,3,High,185.58,Low,,642.59,,635.16,,176.38,448.87,Zone III,44,Flat-Coastal (<2°),High,Shallow (0-3m),Poor,20096,0,57,0,100,107.03,Tiger Reserve,250.38,360.52,574.57,185.58,226.5,Low,586.96,No,Medium,58.35,,0,0
24.0,82.5,34.3,22.5,43.2,7.4,1.61,38.0,11.8,135.0,241.5,Medium,Low,15.09,Shallow (1-3m) — High Risk,Low,Simple Strip Footing,27.42,1.79,44.97,37.22,9.55,16.88,58.84,0.0,1.63,Humid Subtropical,Low,Normal Monsoon,Low,40,Very High,2,183.2,7,5.0,Medium,3,High,163.66,Low,,606.45,,596.88,,153.13,400.45,Zone III,44,Flat-Coastal (<2°),High,Shallow (0-3m),Poor,440,1,46,0,99,156.15,Tiger Reserve,296.92,310.35,558.63,163.66,263.75,Low,558.63,No,Medium,58.1,,0,0
24.0,83.0,36.5,16.6,46.9,7.4,1.64,41.9,11.0,133.0,246.0,Medium,Low,0.1,Shallow (1-3m) — High Risk,Low,Simple Strip Footing,27.66,2.54,44.1,37.09,9.34,16.12,59.86,0.0,1.67,Humid Subtropical,Low,Normal Monsoon,Low,40,Very High,2,183.0,7,5.0,Medium,3,High,155.67,Low,,572.67,,560.71,,144.55,352.75,Zone III,44,Flat-Coastal (<2°),High,Shallow (0-3m),Poor,438,0,80,0,97,206.11,Tiger Reserve,344.72,260.44,533.78,155.67,246.86,Low,533.78,No,Medium,58.1,,0,0
24.0,83.5,38.2,16.6,45.1,6.9,1.59,41.2,14.8,158.0,238.5,Medium,Low,0.1,Shallow (1-3m) — High Risk,Low,Simple Strip Footing,27.41,2.35,44.46,40.23,10.1,14.88,61.1,0.0,1.67,Humid Subtropical,Low,Normal Monsoon,Low,40,Very High,2,185.4,7,4.9,Medium,3,High,163.66,Low,,541.69,,527.09,,153.13,306.13,Zone III,44,Flat-Coastal (<2°),High,Shallow (0-3m),Poor,1165,0,72,1,97,256.42,Tiger Reserve,393.32,211.01,512.94,163.66,199.18,Low,512.94,No,Medium,60.1,,0,0
24.0,84.0,33.3,20.2,46.6,7.2,1.61,37.7,15.3,180.0,241.5,Medium,Low,10.54,Shallow (1-3m) — High Risk,Low,Simple Strip Footing,27.41,2.35,44.46,40.23,10.1,14.88,61.1,0.0,1.53,Humid Subtropical,Low,Normal Monsoon,Low,40,Very High,2,185.4,8,4.9,Medium,3,High,185.58,Low,,514.02,,496.54,,143.52,261.16,Zone III,44,Flat-Coastal (<2°),High,Shallow (0-3m),Poor,3179,2,54,6,93,306.91,Tiger Reserve,441.36,162.47,496.59,185.58,153.59,Low,479.37,No,Medium,60.1,,0,0
24.0,89.5,28.1,20.0,51.9,6.0,1.29,18.1,20.6,173.0,193.5,Medium,Low,16.28,Shallow (1-3m) — High Risk,Medium,Simple Strip Footing,27.91,3.32,40.94,58.71,10.64,16.79,77.66,0.0,1.38,Humid Subtropical,Medium,Bay of Bengal Monsoon,High,20,Very High,2,188.0,43,5.5,Medium,4,High,260.44,Low,,541.69,,244.81,,315.92,191.97,Zone III,44,Flat-Coastal (<2°),Low,Shallow (0-3m),Poor,4694,1,63,0,77,239.05,Tiger Reserve,233.65,315.37,439.46,367.09,248.04,Low,448.02,No,Low,56.8,,0,0
24.0,92.5,29.0,32.6,38.4,5.0,1.14,22.2,36.1,457.0,171.0,Medium,Low,46.7,Shallow (1-3m) — High Risk,High,Simple Strip Footing,25.58,6.03,32.6,77.77,13.55,3.89,83.99,0.0,1.51,Humid Subtropical,Low,Normal Monsoon,Low,0,Low,2,200.2,100,6.2,High,4,High,277.99,High,,761.71,,465.88,,620.48,446.69,Zone III,44,Moderate (5-15°),Low,Shallow (0-3m),Poor,14346,7,68,5,20,302.93,National Park,282.5,327.14,143.04,302.93,307.19,Low,674.1,Yes,Low,56.55,,0,0
24.0,94.0,26.9,31.6,41.5,5.4,1.09,18.9,48.8,565.0,163.5,Medium,Low,46.72,Shallow (1-3m) — High Risk,High,Simple Strip Footing,23.07,2.73,34.34,34.34,5.37,5.12,75.51,0.0,1.51,Humid Subtropical,Low,Normal Monsoon,Low,0,Low,2,218.6,100,6.2,High,4,High,316.27,High,,891.76,,605.22,,772.85,592.66,Zone III,44,Moderate (5-15°),Low,Shallow (0-3m),Poor,573,3,38,0,98,295.33,National Park,295.62,315.37,59.18,295.33,278.71,Low,807.83,Yes,Low,56.05,,0,0
24.0,95.5,29.7,32.6,37.7,5.4,1.25,18.2,26.8,189.0,187.5,Medium,Low,45.86,Shallow (1-3m) — High Risk,High,Simple Strip Footing,28.54,6.69,36.65,17.62,3.07,6.03,59.98,0.0,1.51,Humid Subtropical,Low,Normal Monsoon,Low,20,Low,2,178.7,100,5.9,High,4,High,410.22,High,,1028.6,,750.09,,925.22,741.52,Zone III,44,Moderate (5-15°),Low,Shallow (0-3m),Poor,359,0,62,0,99,357.96,National Park,374.8,370.51,181.1,282.5,326.34,Low,947.77,Yes,Low,55.55,,0,0
24.0,97.0,25.9,34.4,39.7,5.5,1.2,20.3,34.2,243.0,180.0,Medium,Low,54.92,Shallow (1-3m) — High Risk,Medium,Simple Strip Footing,29.2,6.55,36.93,22.02,4.53,3.25,59.66,0.0,1.73,Humid Subtropical,Low,Normal Monsoon,Low,20,Low,2,175.2,100,5.9,High,4,High,531.06,High,,1169.84,,897.81,,1077.58,891.82,Zone III,44,Moderate (5-15°),Low,Shallow (0-3m),Poor,437,3,52,0,86,393.79,National Park,488.93,469.56,329.15,343.11,425.23,Low,1091.54,Yes,Low,58.3,,0,0
24.5,68.0,24.4,32.0,43.6,7.7,1.49,13.6,11.1,108.0,223.5,Low,Low,50.72,Shallow (1-3m) — High Risk,Low,Simple Strip Footing,29.68,2.76,44.88,7.97,2.68,16.09,55.49,0.0,1.65,Arid,Medium,Normal Monsoon,Low,40,Low,2,168.9,23,5.0,Medium,3,High,487.39,Low,,1639.31,,1602.65,,1381.89,376.13,Zone VI,55,Gentle (2-5°),Low,Medium-Deep (5-15m),Moderate,10607,5,56,1,99,338.28,Marine Park,904.06,1694.97,198.53,409.3,444.42,Low,338.28,No,High,64.85,,0,0
24.5,68.5,25.2,36.5,38.3,7.6,1.51,14.3,8.2,74.0,226.5,Medium,Low,61.01,Shallow (1-3m) — High Risk,Low,Simple Strip Footing,30.13,2.09,46.91,8.4,2.8,13.72,51.26,0.0,1.65,Arid,Medium,Normal Monsoon,Low,60,Low,2,161.9,57,5.5,High,3,High,439.92,Low,,1599.74,,1562.27,,1347.36,339.0,Zone VI,55,Gentle (2-5°),Low,Medium-Deep (5-15m),Moderate,435,3,62,0,100,301.73,Marine Park,855.02,1665.95,153.15,374.1,415.77,Low,301.73,No,High,56.1,,0,0
24.5,69.5,26.9,50.3,22.8,7.8,1.48,12.3,6.5,58.0,222.0,Medium,Medium,93.47,Shallow (1-3m) — High Risk,Low,Simple Strip Footing,30.23,2.35,45.74,9.47,3.08,17.48,49.13,0.0,1.67,Arid,Medium,Normal Monsoon,Low,60,Low,2,158.5,100,5.5,High,3,High,347.9,Low,,1522.88,,1483.7,,1281.89,278.28,Zone VI,55,Gentle (2-5°),Low,Medium-Deep (5-15m),Moderate,431,3,33,0,99,244.65,Marine Park,757.39,1570.23,83.58,315.97,373.23,Low,244.65,No,High,48.85,,0,0
24.5,70.0,25.8,45.2,29.0,7.8,1.5,11.0,6.2,76.0,225.0,Medium,Medium,82.04,Shallow (1-3m) — High Risk,Low,Simple Strip Footing,30.16,2.48,44.78,11.13,3.58,19.57,47.5,0.0,1.71,Semi-Arid,Medium,Normal Monsoon,Low,40,Low,2,156.4,100,5.5,High,3,High,304.23,Low,,1485.71,,1445.63,,1243.45,257.89,Zone V,50,Gentle (2-5°),Low,Medium-Deep (5-15m),Moderate,9562,17,24,0,51,228.16,Marine Park,708.87,1520.33,80.44,295.47,361.09,Low,228.16,No,High,52.35,,0,0
24.5,71.0,27.5,38.7,33.8,7.6,1.44,21.0,7.9,90.0,216.0,Medium,Low,63.75,Shallow (1-3m) — High Risk,Low,Simple Strip Footing,30.06,2.56,45.44,16.21,5.05,15.3,46.4,0.0,1.8,Semi-Arid,Medium,Normal Monsoon,Low,40,Low,2,155.0,100,5.5,High,3,High,226.11,Low,,1414.21,,1372.26,,1146.04,245.48,Zone V,50,Gentle (2-5°),Low,Medium-Deep (5-15m),Moderate,14254,0,68,5,89,228.16,Marine Park,612.64,1420.78,144.51,277.99,358.17,Low,228.16,No,High,59.1,,0,0
24.5,71.5,19.4,38.6,42.1,7.3,1.49,22.5,8.3,136.0,223.5,Low,Low,73.22,Shallow (1-3m) — High Risk,Low,Simple Strip Footing,30.06,2.56,45.44,16.21,5.05,15.3,46.4,0.0,1.8,Semi-Arid,Medium,Normal Monsoon,Low,40,Low,2,155.0,100,5.5,High,3,High,195.39,Low,,1380.04,,1337.12,,1097.66,254.84,Zone V,50,Gentle (2-5°),Low,Medium-Deep (5-15m),Moderate,8130,1,64,3,95,244.65,Marine Park,565.07,1371.15,189.23,282.46,367.57,Low,244.65,No,High,64.35,,0,0
24.5,72.5,19.4,47.1,33.5,7.4,1.48,32.3,9.5,149.0,222.0,Low,Medium,94.47,Medium-Deep (5-12m) — Low-Medium Risk,Low,Simple Strip Footing,28.58,2.54,44.42,22.68,7.45,13.64,48.36,0.0,1.7,Semi-Arid,Medium,Normal Monsoon,Low,40,Low,2,164.0,9,5.5,Medium,3,Low,166.79,Low,,1315.25,,1270.34,,1001.75,299.89,Zone III,44,Flat-Coastal (<2°),Low,Medium-Deep (5-15m),Moderate,152479,8,69,6,76,279.67,National Park,471.6,1272.22,195.77,315.97,405.55,Low,301.73,No,High,68.35,,0,0
24.5,73.5,31.9,35.2,32.9,7.3,1.5,39.3,12.7,184.0,225.0,Medium,Low,49.72,Medium-Deep (5-12m) — Low-Medium Risk,Low,Simple Strip Footing,26.93,2.55,43.75,22.78,7.19,13.5,49.7,0.0,1.68,Semi-Arid,Medium,Normal Monsoon,Low,40,Low,2,173.2,4,4.6,Medium,3,Low,195.39,Low,,1255.82,,999.0,,907.24,368.44,Zone III,44,Flat-Coastal (<2°),Low,Medium-Deep (5-15m),Moderate,117422,2,61,12,63,308.08,National Park,381.68,1173.84,243.05,374.1,463.48,,999.0,No,High,70.3,,0,0
24.5,74.5,38.0,32.3,29.7,7.3,1.62,39.0,9.3,122.0,243.0,Medium,Low,35.15,Deep (10-20m) — Low Risk,Low,Simple Strip Footing,27.69,2.43,45.1,24.95,7.9,12.96,49.99,0.0,1.68,Semi-Arid,Medium,Normal Monsoon,Low,40,Low,2,170.4,2,4.6,Medium,3,Low,263.15,Low,,1202.54,,999.0,,814.63,406.18,Zone III,44,Flat-Coastal (<2°),Low,Deep (10-25m),Poor,11326,3,63,0,100,261.29,Tiger Reserve,298.57,1076.18,273.55,447.34,534.9,,999.0,No,High,68.3,,0,0
24.5,75.5,35.3,34.0,30.7,7.3,1.62,32.3,9.4,141.0,243.0,Medium,Low,42.64,Deep (10-20m) — Low Risk,Low,Simple Strip Footing,27.82,2.38,44.69,28.33,8.79,15.85,52.74,0.0,1.66,Semi-Arid,Low,Normal Monsoon,Low,40,Low,2,173.9,0,0.0,Low,3,High,228.16,Low,,1156.26,,999.0,,724.66,399.5,Zone III,44,Flat-Coastal (<2°),Low,Deep (10-25m),Poor,68623,6,65,0,77,194.76,Tiger Reserve,229.77,979.45,269.86,529.46,556.19,,999.0,No,High,65.55,,0,0
24.5,76.0,28.7,36.3,35.1,7.3,1.62,27.9,8.0,113.0,243.0,Medium,Low,56.31,Deep (10-20m) — Low Risk,Low,Simple Strip Footing,28.21,1.99,46.05,30.24,9.27,14.31,52.29,0.0,1.66,Humid Subtropical,Low,Normal Monsoon,Low,60,Low,2,171.5,0,0.0,Low,3,High,222.39,Low,,1136.03,,999.0,,680.99,374.34,Zone III,44,Gentle (2-5°),Low,Deep (10-25m),Poor,26320,4,51,0,99,174.21,Tiger Reserve,205.41,931.52,281.69,529.29,509.88,,999.0,No,Medium,66.05,,0,0
24.5,77.0,27.3,35.8,36.9,7.2,1.62,32.2,8.4,122.0,243.0,Medium,Low,56.74,Deep (10-20m) — Low Risk,Low,Simple Strip Footing,27.96,2.26,45.93,32.28,9.87,13.46,52.97,0.0,1.67,Humid Subtropical,Low,Normal Monsoon,Low,60,Low,2,173.6,0,0.0,Low,3,High,244.65,Low,,1097.82,,999.0,,597.25,340.84,Zone III,44,Gentle (2-5°),Low,Deep (10-25m),Poor,885,2,75,1,91,174.21,Tiger Reserve,190.1,836.81,304.37,441.34,420.49,,999.0,No,Medium,66.8,,0,0
24.5,79.0,31.7,28.1,40.2,7.3,1.62,27.9,8.8,112.0,243.0,Medium,Low,32.21,Deep (10-20m) — Low Risk,Low,Simple Strip Footing,27.63,1.77,45.71,36.04,10.89,13.2,56.28,0.0,1.67,Humid Subtropical,Low,Normal Monsoon,Low,40,Low,2,179.4,1,4.7,Medium,3,High,282.46,Low,,919.55,,999.0,,413.11,357.98,Zone III,44,Gentle (2-5°),Low,Deep (10-25m),Poor,704,8,55,0,100,103.52,Tiger Reserve,185.6,654.25,335.65,294.11,269.91,,999.0,No,Medium,65.8,,0,0
24.5,79.5,35.5,32.8,31.6,7.1,1.53,29.6,15.4,176.0,229.5,Medium,Low,39.4,Deep (10-20m) — Low Risk,Low,Simple Strip Footing,27.56,1.44,46.09,37.91,11.17,13.62,57.69,0.0,1.67,Humid Subtropical,Low,Normal Monsoon,Low,40,Low,2,181.3,2,4.7,Medium,3,High,295.47,Low,,876.85,,874.94,,364.03,378.98,Zone III,44,Gentle (2-5°),Low,Deep (10-25m),Poor,13071,4,54,0,100,55.23,Tiger Reserve,169.56,610.8,360.8,269.15,244.65,Low,800.99,No,Medium,66.1,,0,0
24.5,80.5,33.5,16.0,50.5,7.6,1.61,39.0,10.4,123.0,241.5,Medium,Low,0.1,Shallow (1-3m) — High Risk,Low,Simple Strip Footing,27.56,1.01,46.85,37.69,10.68,13.55,58.2,0.0,1.63,Humid Subtropical,Low,Normal Monsoon,Low,40,Very High,2,181.9,3,5.0,Medium,3,High,271.18,Low,,794.56,,789.96,,267.37,435.38,Zone III,44,Flat-Coastal (<2°),High,Shallow (0-3m),Poor,2073,1,60,0,99,55.23,Tiger Reserve,181.37,519.9,424.53,244.84,222.39,Low,727.46,No,Medium,60.1,,0,0
24.5,81.0,31.2,25.9,42.9,7.4,1.6,34.7,10.6,148.0,240.0,Medium,Low,27.31,Shallow (1-3m) — High Risk,Low,Simple Strip Footing,27.8,0.86,47.11,34.91,9.59,14.35,57.77,0.0,1.63,Humid Subtropical,Low,Normal Monsoon,Low,40,Very High,2,180.2,8,5.0,Medium,3,High,225.1,Low,,755.31,,749.14,,220.46,469.04,Zone III,44,Flat-Coastal (<2°),High,Shallow (0-3m),Poor,3061,7,46,1,90,88.96,Tiger Reserve,206.72,470.42,461.26,225.1,228.16,Low,693.5,No,Medium,58.6,,0,0
24.5,82.0,31.4,27.5,41.2,7.3,1.63,34.7,13.5,214.0,244.5,Medium,Low,31.07,Shallow (1-3m) — High Risk,Low,Simple Strip Footing,27.79,0.77,46.87,35.46,9.88,13.89,58.2,0.0,1.63,Humid Subtropical,Low,Normal Monsoon,Low,40,Very High,2,180.7,7,5.0,Medium,3,High,142.05,Low,,681.67,,671.86,,134.48,467.66,Zone III,44,Flat-Coastal (<2°),High,Shallow (0-3m),Poor,4342,0,63,0,100,134.97,Tiger Reserve,279.2,372.5,541.14,142.05,269.91,Low,632.74,No,Medium,60.1,,0,0
24.5,82.5,33.1,27.7,39.2,7.3,1.59,35.0,11.9,126.0,238.5,Medium,Low,29.53,Shallow (1-3m) — High Risk,Low,Simple Strip Footing,27.86,1.02,46.75,32.94,8.87,15.61,58.05,0.0,1.63,Humid Subtropical,Low,Normal Monsoon,Low,40,Very High,2,180.2,7,5.0,Medium,3,High,112.05,Low,,647.84,,635.93,,102.26,421.59,Zone III,44,Flat-Coastal (<2°),High,Shallow (0-3m),Poor,3649,1,61,0,99,176.33,Tiger Reserve,321.44,324.39,583.41,112.05,301.73,Low,606.64,No,Medium,58.1,,0,0
24.5,83.0,38.7,21.0,40.3,7.3,1.64,40.8,11.3,146.0,246.0,Medium,Low,6.06,Shallow (1-3m) — High Risk,Low,Simple Strip Footing,28.09,2.01,45.71,32.23,8.48,16.53,58.1,0.0,1.67,Humid Subtropical,Low,Normal Monsoon,Low,40,Very High,2,179.2,8,5.0,Medium,3,High,100.08,Low,,616.46,,602.24,,88.96,376.77,Zone III,44,Flat-Coastal (<2°),High,Shallow (0-3m),Poor,707,0,81,0,97,221.64,Tiger Reserve,365.9,277.22,583.93,100.08,269.21,Low,583.93,No,Medium,58.1,,0,0
24.5,83.5,35.6,22.2,42.3,7.3,1.52,37.9,12.1,152.0,228.0,Medium,Low,12.78,Shallow (1-3m) — High Risk,Low,Simple Strip Footing,27.92,1.9,45.55,35.83,9.23,15.74,59.69,0.0,1.67,Humid Subtropical,Low,Normal Monsoon,Low,40,Very High,2,181.6,7,4.9,Medium,3,High,112.05,Low,,587.9,,571.19,,102.26,333.7,Zone III,44,Flat-Coastal (<2°),High,Shallow (0-3m),Poor,179,0,71,0,100,268.89,Tiger Reserve,411.84,231.6,565.01,112.05,226.47,Low,554.58,No,Medium,58.1,,0,0
24.5,85.5,32.7,30.2,37.1,6.3,1.44,26.9,24.6,140.0,216.0,Medium,Low,36.26,Shallow (1-3m) — High Risk,Medium,Simple Strip Footing,26.88,1.14,45.02,38.78,9.44,13.63,66.26,0.0,1.44,Humid Subtropical,Low,Normal Monsoon,Low,40,Very High,2,192.0,4,4.5,Medium,3,High,188.63,Low,,510.84,,413.75,,113.04,202.03,Zone III,44,Flat-Coastal (<2°),Low,Shallow (0-3m),Poor,6975,8,46,3,91,459.89,Tiger Reserve,436.93,111.19,534.13,271.18,134.97,Low,449.71,No,Medium,59.85,,0,0
24.5,86.0,28.8,40.4,30.8,6.7,1.49,20.9,18.0,144.0,223.5,Medium,Medium,66.44,Shallow (1-3m) — High Risk,Low,Simple Strip Footing,26.84,1.32,44.87,39.9,9.63,14.1,67.97,0.0,1.43,Humid Subtropical,Low,Normal Monsoon,Low,40,Very High,2,193.1,7,4.7,Medium,3,High,150.61,Low,,503.01,,377.48,,87.78,190.13,Zone III,44,Flat-Coastal (<2°),Low,Shallow (0-3m),Poor,554,1,58,0,98,421.38,Tiger Reserve,398.86,122.25,538.58,318.57,151.22,Low,434.83,No,Low,58.3,,0,0
24.5,86.5,29.4,38.1,32.4,6.6,1.4,16.1,17.5,140.0,210.0,Medium,Low,59.97,Shallow (1-3m) — High Risk,Low,Simple Strip Footing,26.84,1.32,44.87,39.9,9.63,14.1,67.97,0.0,1.43,Humid Subtropical,Medium,Bay of Bengal Monsoon,High,40,Very High,2,193.1,9,4.7,Medium,3,High,122.25,Low,,500.38,,344.99,,78.49,191.48,Zone III,44,Flat-Coastal (<2°),Low,Shallow (0-3m),Poor,4964,1,40,0,99,385.81,Tiger Reserve,363.97,150.61,547.85,366.44,180.79,Low,425.65,No,Low,58.55,,0,0
24.5,84.0,35.9,22.3,41.8,7.3,1.56,39.3,10.6,136.0,234.0,Medium,Low,12.67,Shallow (1-3m) — High Risk,Low,Simple Strip Footing,27.92,1.9,45.55,35.83,9.23,15.74,59.69,0.0,1.53,Humid Subtropical,Low,Normal Monsoon,Low,40,Very High,2,181.6,5,4.7,Medium,3,High,142.05,Low,,562.6,,537.19,,134.48,293.15,Zone III,44,Flat-Coastal (<2°),High,Shallow (0-3m),Poor,713,0,50,0,28,317.23,Tiger Reserve,458.82,188.63,550.27,142.05,187.8,Low,522.81,No,Medium,58.1,,0,0
24.5,84.5,40.5,19.8,39.7,7.0,1.53,43.1,15.8,129.0,229.5,High,Low,0.9,Shallow (1-3m) — High Risk,Low,Raft Foundation,28.06,1.97,45.54,38.84,9.77,14.95,60.57,0.0,1.53,Humid Subtropical,Low,Normal Monsoon,Low,40,Very High,2,181.7,1,3.8,Low,3,High,181.34,Low,,541.03,,494.19,,137.72,256.34,Zone III,44,Flat-Coastal (<2°),High,Shallow (0-3m),Poor,708,0,46,0,95,366.21,Tiger Reserve,506.56,150.61,540.06,181.34,156.26,Low,494.33,No,Medium,55.6,,0,0
24.5,87.0,25.1,37.1,37.8,6.4,1.38,20.7,21.1,176.0,207.0,Medium,Low,62.63,Shallow (1-3m) — High Risk,Medium,Simple Strip Footing,27.21,1.65,44.29,42.86,9.62,15.96,69.06,0.0,1.36,Humid Subtropical,Medium,Bay of Bengal Monsoon,High,40,Very High,2,191.5,11,5.0,Medium,3,High,111.19,Low,,503.01,,317.42,,98.82,205.84,Zone III,44,Flat-Coastal (<2°),Low,Shallow (0-3m),Poor,646,0,56,1,81,354.05,Tiger Reserve,333.3,188.63,561.71,340.24,218.34,Low,422.54,No,Low,67.55,,0,0
24.5,87.5,22.8,42.5,34.7,6.1,1.34,17.9,29.2,247.0,201.0,Low,Medium,78.89,Shallow (1-3m) — High Risk,Medium,Simple Strip Footing,27.46,1.93,44.09,43.67,9.06,14.55,70.57,0.0,1.36,Humid Subtropical,Medium,Bay of Bengal Monsoon,High,40,Very High,2,190.5,13,5.0,Medium,3,High,122.25,Low,,510.84,,296.16,,136.07,230.33,Zone III,44,Flat-Coastal (<2°),Low,Shallow (0-3m),Poor,616,0,56,0,82,327.23,Tiger Reserve,308.08,231.6,579.83,319.76,260.43,Low,425.65,No,Low,56.8,,0,0
24.5,85.0,32.6,19.2,48.2,7.1,1.44,29.1,16.5,169.0,216.0,Medium,Low,8.88,Shallow (1-3m) — High Risk,Low,Simple Strip Footing,27.52,1.41,45.43,38.81,9.59,14.06,62.71,0.0,1.44,Humid Subtropical,Low,Normal Monsoon,Low,40,Very High,2,186.2,3,4.5,Medium,3,High,225.1,Low,,523.63,,452.88,,115.3,225.1,Zone III,44,Flat-Coastal (<2°),Low,Shallow (0-3m),Poor,2776,0,56,4,90,415.62,Tiger Reserve,477.44,122.25,534.63,225.1,136.87,Low,469.76,No,Medium,63.1,,0,0
24.5,88.0,28.4,21.3,50.2,6.5,1.3,19.5,17.7,188.0,195.0,Medium,Low,19.17,Shallow (1-3m) — High Risk,Low,Simple Strip Footing,28.03,2.63,43.01,45.0,8.6,15.74,72.13,0.0,1.35,Humid Subtropical,Medium,Bay of Bengal Monsoon,High,40,Very High,2,187.6,19,5.0,Medium,3,High,150.61,Low,,523.63,,282.64,,180.03,215.17,Zone III,44,Flat-Coastal (<2°),Low,Shallow (0-3m),Poor,11841,1,72,0,94,306.64,Tiger Reserve,289.75,274.69,586.82,306.17,305.19,Low,434.83,No,Low,69.3,,0,0
24.5,89.5,35.8,22.1,42.1,6.3,1.28,20.6,21.0,150.0,192.0,Medium,Low,12.29,Shallow (1-3m) — High Risk,Medium,Simple Strip Footing,27.8,2.7,41.05,60.22,10.53,15.83,77.54,0.0,1.38,Humid Subtropical,Medium,Bay of Bengal Monsoon,High,20,Very High,2,188.7,66,5.3,High,4,High,277.22,Low,,587.9,,296.16,,324.01,239.18,Zone III,44,Flat-Coastal (<2°),Low,Shallow (0-3m),Poor,2404,0,50,6,66,272.62,National Park,287.04,260.61,435.07,313.44,303.0,Low,494.33,No,Medium,53.85,,0,0
24.5,90.0,17.9,36.6,45.5,7.1,1.31,17.8,18.2,122.0,196.5,Low,Low,70.02,Shallow (1-3m) — High Risk,Low,Simple Strip Footing,27.59,2.67,40.24,73.22,12.47,14.46,79.66,0.0,1.35,Humid Subtropical,Medium,Bay of Bengal Monsoon,High,20,High,2,189.3,93,5.5,High,4,High,324.39,Low,,616.46,,317.42,,373.45,266.89,Zone III,44,Flat-Coastal (<2°),Low,Shallow (0-3m),Poor,2747,0,43,6,69,254.5,National Park,303.81,274.69,384.48,331.29,314.01,Low,522.81,No,Low,64.55,,0,0
24.5,90.5,29.1,35.1,35.8,5.8,1.25,18.1,23.3,149.0,187.5,Medium,Low,52.83,Shallow (1-3m) — High Risk,Medium,Simple Strip Footing,27.39,2.69,40.14,88.53,15.16,13.37,81.2,0.0,1.35,Humid Subtropical,Low,Bay of Bengal Monsoon,High,20,High,2,190.0,100,5.7,High,4,High,299.57,High,,647.84,,344.99,,423.2,300.75,Zone III,44,Flat-Coastal (<2°),Low,Shallow (0-3m),Poor,3141,1,60,1,70,245.45,National Park,327.77,296.66,333.9,355.35,332.59,Low,554.58,No,Low,55.55,,0,0
24.5,91.5,28.5,38.9,32.6,5.8,1.22,21.6,21.1,232.0,183.0,Medium,Low,63.05,Shallow (1-3m) — High Risk,Medium,Simple Strip Footing,27.36,4.79,37.45,104.33,18.64,14.32,82.09,0.0,1.49,Humid Subtropical,Low,Bay of Bengal Monsoon,High,20,High,2,189.7,100,5.7,High,5,High,243.98,High,,717.59,,413.75,,523.25,380.09,Zone III,44,Flat-Coastal (<2°),Low,Shallow (0-3m),Poor,34584,7,85,11,20,257.44,National Park,268.55,324.94,232.72,301.42,320.52,Low,625.94,No,Low,51.55,,0,0
24.5,92.0,25.6,40.8,33.6,5.6,1.27,19.0,20.7,204.0,190.5,Medium,Medium,71.28,Shallow (1-3m) — High Risk,Medium,Simple Strip Footing,26.98,4.22,37.4,107.28,19.14,13.94,83.86,0.0,1.51,Humid Subtropical,Low,Normal Monsoon,Low,10,Low,2,191.2,100,6.7,High,5,High,227.98,High,,755.31,,452.88,,573.46,423.4,Zone III,44,Flat-Coastal (<2°),Low,Shallow (0-3m),Poor,48460,12,69,19,60,272.49,National Park,243.98,296.66,182.13,272.49,286.51,Low,664.7,No,Low,52.55,,0,0
24.5,92.5,27.7,39.3,33.0,5.1,1.18,15.5,29.3,438.0,177.0,Medium,Low,65.01,Shallow (1-3m) — High Risk,High,Simple Strip Footing,26.81,4.98,38.09,92.86,16.08,6.57,82.54,0.0,1.51,Humid Subtropical,Low,Normal Monsoon,Low,20,Low,2,193.0,100,5.7,High,5,High,222.39,High,,794.56,,494.19,,623.74,468.25,Zone III,44,Moderate (5-15°),Low,Shallow (0-3m),Poor,79909,2,57,0,81,250.35,National Park,227.98,274.69,131.54,250.35,257.83,Low,705.06,Yes,Low,51.8,,0,0
24.5,93.0,30.3,30.8,38.9,5.1,1.13,18.7,30.9,385.0,169.5,Medium,Low,40.64,Shallow (1-3m) — High Risk,High,Simple Strip Footing,25.33,4.74,34.57,60.42,9.69,4.86,79.7,0.0,1.55,Humid Subtropical,Low,Normal Monsoon,Low,0,Low,2,203.6,100,6.2,High,5,High,227.98,High,,835.14,,537.19,,674.1,514.24,Zone III,44,Moderate (5-15°),Low,Shallow (0-3m),Poor,15442,5,79,4,10,236.93,National Park,222.39,260.61,80.95,236.93,236.44,Low,746.76,Yes,Medium,53.1,,0,0
24.5,93.5,32.4,27.5,40.1,5.3,1.12,19.6,33.0,335.0,168.0,Medium,Low,29.87,Shallow (1-3m) — High Risk,High,Simple Strip Footing,23.0,2.83,33.29,44.91,7.04,5.98,79.36,0.0,1.55,Humid Subtropical,Low,Normal Monsoon,Low,0,Low,2,219.1,100,6.2,High,5,High,243.98,High,,876.85,,581.49,,724.5,561.09,Zone III,44,Moderate (5-15°),Low,Shallow (0-3m),Poor,8811,1,65,0,87,233.72,National Park,227.98,255.75,30.35,233.72,224.42,Low,789.6,Yes,Medium,53.85,,0,0
24.5,94.0,28.7,35.1,36.2,5.7,1.27,17.1,30.6,208.0,190.5,Medium,Low,53.31,Shallow (1-3m) — High Risk,Medium,Simple Strip Footing,23.0,2.83,33.29,44.91,7.04,5.98,79.36,0.0,1.51,Humid Subtropical,Low,Normal Monsoon,Low,0,Low,2,219.1,100,6.2,High,5,High,268.55,High,,919.55,,626.82,,774.93,608.6,Zone III,44,Moderate (5-15°),Low,Shallow (0-3m),Poor,21078,4,72,0,58,241.14,National Park,243.98,260.61,20.24,241.14,223.29,Low,833.39,Yes,Low,57.05,,0,0
24.5,94.5,30.0,31.3,38.7,5.7,1.3,20.1,22.4,188.0,195.0,Medium,Low,42.25,Shallow (1-3m) — High Risk,Medium,Simple Strip Footing,25.61,4.04,36.46,37.33,6.0,5.58,71.51,0.0,1.51,Humid Subtropical,Low,Normal Monsoon,Low,10,Low,2,201.7,100,5.9,High,5,High,299.57,High,,963.1,,672.97,,825.4,656.62,Zone III,44,Moderate (5-15°),Low,Shallow (0-3m),Poor,3523,1,66,0,97,258.27,National Park,268.55,274.69,70.83,227.98,233.22,Low,877.99,Yes,Low,56.55,,0,0
24.5,95.0,29.9,32.3,37.8,5.7,1.27,21.6,28.6,171.0,190.5,Medium,Low,44.87,Shallow (1-3m) — High Risk,Medium,Simple Strip Footing,28.54,6.25,38.02,27.82,4.68,4.37,64.39,0.0,1.51,Humid Subtropical,Low,Normal Monsoon,Low,20,Low,2,182.0,100,5.9,High,5,High,335.26,High,,1007.39,,719.78,,875.9,705.05,Zone III,44,Moderate (5-15°),Low,Shallow (0-3m),Poor,28,0,25,2,22,283.35,National Park,299.57,296.66,121.42,222.39,252.9,Low,923.28,Yes,Low,56.55,,0,0
24.5,95.5,31.0,33.0,36.0,5.5,1.24,20.3,27.8,181.0,186.0,Medium,Low,45.3,Shallow (1-3m) — High Risk,Medium,Simple Strip Footing,28.24,6.1,37.93,22.8,4.14,6.52,62.19,0.0,1.51,Humid Subtropical,Low,Normal Monsoon,Low,20,Low,2,182.1,100,5.9,High,5,High,374.29,High,,1052.32,,767.14,,926.42,753.81,Zone III,44,Moderate (5-15°),Low,Shallow (0-3m),Poor,123,2,23,1,7,314.49,National Park,335.26,324.94,172.01,227.98,280.29,Low,969.18,Yes,Medium,56.1,,0,0
24.5,96.0,28.6,32.3,39.0,5.3,1.18,25.4,31.8,253.0,177.0,Medium,Low,46.43,Shallow (1-3m) — High Risk,High,Simple Strip Footing,28.78,7.02,36.38,19.89,3.98,3.83,59.99,0.0,1.7,Humid Subtropical,Low,Normal Monsoon,Low,20,Low,2,177.6,100,5.9,High,5,High,415.72,High,,1097.82,,814.94,,976.95,802.85,Zone III,44,Moderate (5-15°),Low,Shallow (0-3m),Poor,2005,3,65,1,98,335.97,National Park,374.29,358.03,222.6,243.98,313.37,Low,1015.58,Yes,Low,52.3,,0,0
24.5,96.5,25.7,32.2,42.1,5.6,1.25,23.7,35.2,292.0,187.5,Medium,Low,49.66,Shallow (1-3m) — High Risk,Medium,Simple Strip Footing,28.78,7.02,36.38,19.89,3.98,3.83,59.99,0.0,1.7,Humid Subtropical,Low,Normal Monsoon,Low,20,Low,2,177.6,100,5.9,High,5,High,458.89,High,,1143.82,,863.11,,1027.49,852.1,Zone III,44,Moderate (5-15°),Low,Shallow (0-3m),Poor,503,1,63,0,98,333.73,National Park,415.72,394.73,273.19,268.55,350.53,Low,1062.44,Yes,Low,56.55,,0,0
24.5,97.0,31.8,32.7,35.5,5.3,1.17,21.2,41.2,404.0,175.5,Medium,Low,43.59,Shallow (1-3m) — High Risk,High,Simple Strip Footing,29.53,7.81,36.25,21.48,4.41,3.32,58.68,0.0,1.73,Humid Subtropical,Low,Normal Monsoon,Low,20,Low,2,172.8,100,5.9,High,5,High,503.36,High,,1190.26,,911.59,,1078.05,901.54,Zone III,44,Moderate (5-15°),Low,Shallow (0-3m),Poor,416,3,41,2,67,338.93,National Park,458.89,434.11,323.78,299.57,390.61,Low,1109.68,Yes,Medium,51.85,,0,0
25.0,68.0,27.8,36.8,35.4,8.0,1.48,15.9,4.2,52.0,222.0,Medium,Low,58.64,Shallow (1-3m) — High Risk,Low,Simple Strip Footing,29.56,2.36,45.59,7.31,2.3,14.25,52.99,0.0,1.61,Arid,Low,Normal Monsoon,Low,40,Low,2,166.5,27,5.0,Medium,3,High,508.29,Low,,1674.02,,1636.24,,1422.47,414.06,Zone VI,55,Gentle (2-5°),Low,Medium-Deep (5-15m),Moderate,14970,4,64,4,88,376.83,Marine Park,892.3,1728.77,225.89,373.27,489.79,Low,376.83,No,High,64.1,,0,0
25.0,68.5,24.5,18.9,56.6,8.0,1.47,14.9,8.4,84.0,220.5,Low,Low,17.85,Shallow (1-3m) — High Risk,Low,Simple Strip Footing,30.32,1.32,48.26,7.46,2.35,14.38,47.63,0.0,1.61,Arid,Low,Normal Monsoon,Low,60,Low,2,156.0,25,5.0,Medium,3,High,463.16,Low,,1635.43,,1596.85,,1389.07,380.79,Zone VI,55,Gentle (2-5°),Low,Medium-Deep (5-15m),Moderate,195,3,73,0,95,344.53,Marine Park,842.79,1679.13,187.44,334.47,464.05,Low,344.53,No,High,66.35,,0,0
25.0,69.0,26.7,42.8,30.5,7.9,1.4,15.6,5.3,35.0,210.0,Medium,Medium,74.96,Shallow (1-3m) — High Risk,Low,Simple Strip Footing,30.32,1.32,48.26,7.46,2.35,14.38,47.63,0.0,1.62,Arid,Low,Normal Monsoon,Low,60,Low,2,156.0,44,5.4,Medium,3,High,419.33,Low,,1597.6,,1558.2,,1355.5,351.77,Zone VI,55,Gentle (2-5°),Low,Medium-Deep (5-15m),Moderate,531,2,67,1,98,317.14,Marine Park,793.34,1629.57,156.1,299.0,442.73,Low,317.14,No,High,56.6,,0,0
25.0,69.5,34.6,32.9,32.5,8.0,1.48,11.8,7.2,46.0,222.0,Medium,Low,40.73,Shallow (1-3m) — High Risk,Low,Simple Strip Footing,30.56,1.47,47.64,7.96,2.53,17.49,45.29,0.0,1.62,Arid,Low,Normal Monsoon,Low,60,Low,2,151.3,100,5.8,High,3,High,377.24,Low,,1560.6,,1520.35,,1307.06,328.12,Zone VI,55,Gentle (2-5°),Low,Medium-Deep (5-15m),Moderate,444,4,43,1,98,296.03,Marine Park,743.99,1580.1,136.85,268.19,426.51,Low,296.03,No,High,56.6,,0,0
25.0,70.0,26.2,45.8,28.0,7.9,1.47,12.7,5.4,48.0,220.5,Medium,Medium,83.06,Shallow (1-3m) — High Risk,Low,Simple Strip Footing,30.33,1.7,46.14,9.08,2.89,16.83,44.2,0.0,1.69,Semi-Arid,Low,Normal Monsoon,Low,40,Low,2,150.3,100,5.5,High,3,High,337.55,Low,,1524.47,,1483.35,,1258.83,311.08,Zone V,50,Gentle (2-5°),Low,Medium-Deep (5-15m),Moderate,9649,14,24,0,48,282.61,Marine Park,694.74,1530.71,134.96,243.81,415.97,Low,282.61,No,High,54.85,,0,0
25.0,71.0,26.4,45.0,28.7,7.8,1.46,17.8,8.5,112.0,219.0,Medium,Medium,80.82,Shallow (1-3m) — High Risk,Low,Simple Strip Footing,30.1,2.56,45.14,12.83,3.95,17.37,43.39,0.0,1.67,Semi-Arid,Medium,Normal Monsoon,Low,40,Low,2,149.7,100,5.8,High,3,High,269.57,Low,,1455.14,,1412.21,,1163.08,300.92,Zone V,50,Gentle (2-5°),Low,Medium-Deep (5-15m),Moderate,12,0,12,0,9,282.61,Marine Park,596.67,1432.28,180.47,222.39,413.45,Low,282.61,No,High,53.85,,0,0
25.0,71.5,19.4,53.1,27.5,7.7,1.48,21.1,7.2,135.0,222.0,Low,Medium,109.47,Shallow (1-3m) — High Risk,Low,Simple Strip Footing,30.1,2.56,45.14,12.83,3.95,17.37,43.39,0.0,1.67,Semi-Arid,Medium,Normal Monsoon,Low,40,Low,2,149.7,34,5.8,Medium,3,High,244.49,Low,,1422.07,,1378.21,,1115.64,308.57,Zone V,50,Gentle (2-5°),Low,Medium-Deep (5-15m),Moderate,3084,1,41,0,100,296.03,Marine Park,547.92,1383.25,217.8,227.93,421.58,Low,296.03,No,High,61.6,,0,0
25.0,72.0,20.8,49.0,30.2,7.6,1.43,23.0,8.2,125.0,214.5,Low,Medium,97.54,Shallow (1-3m) — High Risk,Low,Simple Strip Footing,29.91,1.91,46.04,15.08,4.78,14.63,43.87,0.0,1.71,Semi-Arid,Medium,Normal Monsoon,Low,40,Low,2,151.3,10,5.5,Medium,3,High,228.12,Low,,1390.17,,1345.37,,1068.52,324.15,Zone III,44,Gentle (2-5°),Low,Medium-Deep (5-15m),Moderate,552,0,47,1,99,317.14,Marine Park,499.45,1334.37,244.63,243.81,435.6,Low,317.14,No,High,64.85,,0,0
25.0,72.5,22.6,41.9,35.5,7.5,1.49,23.4,9.0,139.0,223.5,Low,Medium,77.63,Medium-Deep (5-12m) — Low-Medium Risk,Low,Simple Strip Footing,28.7,1.37,45.91,18.95,6.2,14.2,46.6,0.0,1.71,Semi-Arid,Medium,Normal Monsoon,Low,40,Low,2,160.6,6,4.6,Medium,3,Low,222.39,Low,,1359.52,,1313.76,,1021.79,346.57,Zone III,44,Flat-Coastal (<2°),Low,Medium-Deep (5-15m),Moderate,6241,3,62,4,92,334.98,National Park,451.34,1285.65,249.85,268.19,454.95,Low,344.53,No,High,69.1,,0,0
25.0,73.0,24.0,42.0,34.0,7.4,1.49,28.1,9.5,134.0,223.5,Low,Medium,76.2,Medium-Deep (5-12m) — Low-Medium Risk,Low,Simple Strip Footing,27.92,1.84,45.0,20.19,6.43,13.11,47.12,0.0,1.71,Semi-Arid,Medium,Normal Monsoon,Low,40,Low,2,164.6,5,4.6,Medium,3,Low,228.12,Low,,1330.2,,999.0,,975.49,374.61,Zone III,44,Flat-Coastal (<2°),Low,Medium-Deep (5-15m),Moderate,51312,6,68,9,84,343.41,National Park,403.72,1237.11,264.91,299.0,479.0,Low,376.83,No,Low,69.55,,0,0
25.0,73.5,35.0,38.1,26.9,7.1,1.52,36.3,13.3,162.0,228.0,Medium,Low,53.25,Medium-Deep (5-12m) — Low-Medium Risk,Low,Simple Strip Footing,26.5,1.58,43.81,20.17,6.38,12.92,48.46,0.0,1.71,Semi-Arid,Medium,Normal Monsoon,Low,40,Low,2,172.9,3,4.6,Medium,3,Low,244.49,Low,,1302.31,,999.0,,929.69,407.12,Zone III,44,Flat-Coastal (<2°),Low,Medium-Deep (5-15m),Moderate,40616,1,55,7,86,320.95,Tiger Reserve,356.79,1188.78,265.0,334.47,507.08,,999.0,No,Medium,71.05,,0,0
25.0,74.5,35.9,35.9,28.2,7.3,1.58,37.4,8.4,107.0,237.0,Medium,Low,46.67,Medium-Deep (5-12m) — Low-Medium Risk,Low,Simple Strip Footing,27.48,1.03,45.91,22.78,7.31,12.36,48.07,0.0,1.68,Semi-Arid,Medium,Normal Monsoon,Low,40,Low,2,168.1,3,4.6,Medium,3,Low,301.21,Low,,1251.2,,999.0,,839.93,423.19,Zone III,44,Flat-Coastal (<2°),Low,Medium-Deep (5-15m),Poor,7223,3,54,3,93,229.46,Tiger Reserve,266.45,1092.85,219.62,414.47,572.86,,999.0,No,Medium,69.05,,0,0
25.0,75.0,32.3,34.8,33.0,7.3,1.62,27.9,8.4,109.0,243.0,Medium,Low,48.24,Medium-Deep (5-12m) — Low-Medium Risk,Low,Simple Strip Footing,27.56,1.12,45.94,25.48,8.19,15.49,49.66,0.0,1.66,Semi-Arid,Low,Normal Monsoon,Low,40,Low,2,170.4,1,4.6,Medium,3,Low,296.03,Low,,1228.17,,999.0,,796.17,386.99,Zone III,44,Flat-Coastal (<2°),Low,Medium-Deep (5-15m),Moderate,48606,2,65,0,97,187.15,Tiger Reserve,224.46,1045.31,211.51,457.42,609.52,,999.0,No,Medium,71.55,,0,0
25.0,75.5,32.4,40.4,27.2,7.3,1.59,25.9,13.5,159.0,238.5,Medium,Medium,62.12,Medium-Deep (5-12m) — Low-Medium Risk,Low,Simple Strip Footing,27.9,1.37,45.95,26.86,8.44,16.47,50.45,0.0,1.66,Semi-Arid,Low,Normal Monsoon,Low,40,Low,2,170.2,1,4.6,Medium,3,High,282.61,Low,,1206.95,,999.0,,753.34,354.12,Zone III,44,Flat-Coastal (<2°),Low,Medium-Deep (5-15m),Poor,37876,15,50,8,77,149.79,Tiger Reserve,186.54,998.12,215.02,501.66,579.79,,999.0,No,Medium,58.55,,0,0
25.0,76.0,26.7,46.1,27.2,7.2,1.49,19.9,8.9,143.0,223.5,Medium,Medium,83.21,Medium-Deep (5-12m) — Low-Medium Risk,Low,Simple Strip Footing,28.45,1.46,46.86,28.56,8.72,14.92,50.71,0.0,1.63,Humid Subtropical,Low,Normal Monsoon,Low,60,Low,2,168.2,0,0.0,Low,3,High,277.99,Low,,1187.64,,999.0,,705.28,325.59,Zone III,44,Gentle (2-5°),Low,Medium-Deep (5-15m),Poor,56938,4,58,4,85,121.99,Tiger Reserve,155.69,951.32,229.63,546.89,535.7,,999.0,No,Low,61.25,,0,0
25.0,76.5,27.5,45.3,27.2,7.5,1.55,27.2,7.9,118.0,232.5,Medium,Medium,80.25,Medium-Deep (5-12m) — Low-Medium Risk,Low,Simple Strip Footing,28.45,1.46,46.86,28.56,8.72,14.92,50.71,0.0,1.63,Humid Subtropical,Low,Normal Monsoon,Low,60,Low,2,168.2,0,0.0,Low,3,High,282.61,Low,,1167.5,,999.0,,655.03,302.65,Zone III,44,Gentle (2-5°),Low,Medium-Deep (5-15m),Poor,1978,2,60,2,79,111.19,Tiger Reserve,136.78,904.98,253.43,514.27,492.91,,999.0,No,Low,62.0,,0,0
25.0,77.0,30.4,40.9,28.7,7.3,1.6,27.8,7.9,100.0,240.0,Medium,Low,65.77,Medium-Deep (5-12m) — Low-Medium Risk,Low,Simple Strip Footing,27.97,2.19,45.89,29.24,8.82,13.62,51.88,0.0,1.64,Humid Subtropical,Low,Normal Monsoon,Low,60,Low,2,172.0,0,0.0,Low,3,High,268.19,Low,,1122.65,,999.0,,604.79,286.62,Zone III,44,Gentle (2-5°),Low,Medium-Deep (5-15m),Poor,332,2,70,0,97,121.99,Tiger Reserve,134.93,859.17,249.67,473.86,451.81,,999.0,No,Medium,66.8,,0,0
25.0,78.0,30.1,37.3,32.6,7.1,1.55,31.5,9.2,123.0,232.5,Medium,Low,57.13,Medium-Deep (5-12m) — Low-Medium Risk,Low,Simple Strip Footing,27.74,1.75,45.69,30.19,8.68,13.42,53.85,0.0,1.53,Humid Subtropical,Low,Normal Monsoon,Low,40,Low,2,175.8,0,0.0,Low,3,High,227.93,Low,,1034.73,,999.0,,504.34,279.59,Zone III,44,Gentle (2-5°),Low,Medium-Deep (5-15m),Poor,773,3,55,0,98,187.15,Tiger Reserve,179.68,769.52,249.67,400.31,376.83,,999.0,No,Medium,69.05,,0,0
25.0,79.0,21.4,40.7,38.0,7.5,1.47,22.6,10.5,131.0,220.5,Low,Medium,76.07,Medium-Deep (5-12m) — Low-Medium Risk,Low,Simple Strip Footing,28.14,1.95,46.01,31.03,9.08,13.12,54.46,0.0,1.52,Humid Subtropical,Low,Normal Monsoon,Low,40,Low,2,174.7,0,0.0,Low,3,High,227.93,Low,,949.76,,999.0,,403.98,306.73,Zone III,44,Gentle (2-5°),Low,Medium-Deep (5-15m),Poor,406,1,55,0,100,106.27,Tiger Reserve,236.77,679.68,286.83,341.59,317.14,,999.0,No,Low,70.25,,0,0
25.0,79.5,24.0,45.3,30.7,7.2,1.56,21.7,9.4,110.0,234.0,Low,Medium,84.45,Medium-Deep (5-12m) — Low-Medium Risk,Low,Simple Strip Footing,28.3,1.68,46.74,32.28,9.21,12.76,55.11,0.0,1.52,Humid Subtropical,Low,Normal Monsoon,Low,60,Low,2,174.8,0,0.0,Low,3,High,243.81,Low,,908.65,,904.69,,353.85,330.89,Zone III,44,Gentle (2-5°),Low,Medium-Deep (5-15m),Poor,808,1,49,0,94,60.48,Tiger Reserve,224.47,630.68,315.78,320.45,296.03,Low,838.26,No,Low,66.8,,0,0
25.0,80.0,23.2,37.0,39.8,7.3,1.58,24.5,9.1,116.0,237.0,Low,Low,64.66,Shallow (1-3m) — High Risk,Low,Simple Strip Footing,28.36,1.71,47.07,33.79,9.66,12.8,55.55,0.0,1.44,Humid Subtropical,Low,Normal Monsoon,Low,60,Low,2,175.1,2,5.0,Medium,3,High,268.19,Low,,868.62,,863.35,,303.79,360.38,Zone III,44,Flat-Coastal (<2°),Low,Shallow (0-3m),Poor,44882,3,65,15,60,33.36,Tiger Reserve,223.32,581.96,349.5,305.09,282.61,Low,802.53,No,Low,68.8,,0,0
25.0,80.5,24.2,41.8,34.1,7.0,1.54,15.3,17.8,196.0,231.0,Low,Medium,75.46,Shallow (1-3m) — High Risk,Low,Simple Strip Footing,28.15,1.42,47.06,33.99,9.64,14.03,56.34,0.0,1.44,Humid Subtropical,Low,Normal Monsoon,Low,60,Very High,2,177.0,2,5.0,Medium,3,High,255.43,Low,,829.83,,823.12,,253.83,393.99,Zone III,44,Flat-Coastal (<2°),Low,Shallow (0-3m),Poor,1249,2,71,0,99,60.48,Tiger Reserve,233.48,533.6,386.73,255.43,277.99,Low,768.58,No,Low,60.55,,0,0
25.0,81.0,20.5,46.6,32.9,7.3,1.52,20.0,10.3,144.0,228.0,Low,Medium,91.9,Shallow (1-3m) — High Risk,Low,Simple Strip Footing,28.35,1.09,47.45,31.97,8.84,14.48,56.13,0.0,1.44,Humid Subtropical,Low,Normal Monsoon,Low,60,Very High,2,175.8,2,5.0,Medium,3,High,206.08,Low,,792.47,,784.18,,204.05,430.75,Zone III,44,Flat-Coastal (<2°),Low,Shallow (0-3m),Poor,1557,5,67,2,96,106.27,Tiger Reserve,253.6,485.72,426.57,206.08,282.61,Low,736.65,No,Low,59.8,,0,0
25.0,81.5,27.1,33.0,39.8,7.3,1.58,22.7,9.0,152.0,237.0,Medium,Low,49.98,Shallow (1-3m) — High Risk,Low,Simple Strip Footing,28.35,1.09,47.45,31.97,8.84,14.48,56.13,0.0,1.44,Humid Subtropical,Low,Normal Monsoon,Low,60,Very High,2,175.8,3,5.0,Medium,3,High,157.33,Low,,756.75,,746.73,,154.62,469.94,Zone III,44,Flat-Coastal (<2°),Low,Shallow (0-3m),Poor,5605,1,63,11,60,153.17,Tiger Reserve,281.56,438.46,468.33,157.33,296.03,Low,707.01,No,Low,60.55,,0,0
25.0,82.0,29.0,37.3,33.7,7.5,1.49,26.0,9.6,151.0,223.5,Medium,Low,58.45,Shallow (1-3m) — High Risk,Low,Simple Strip Footing,28.49,0.99,47.6,32.35,9.01,14.81,56.7,0.0,1.44,Humid Subtropical,Low,Normal Monsoon,Low,60,Very High,2,175.7,6,5.0,Medium,3,High,110.0,Low,,722.91,,711.01,,106.04,492.04,Zone III,44,Flat-Coastal (<2°),Low,Shallow (0-3m),Poor,2795,2,77,3,75,176.51,Tiger Reserve,315.26,392.06,511.56,110.0,317.14,Low,679.97,No,Low,60.55,,0,0
25.0,82.5,28.5,35.7,35.8,7.3,1.56,37.4,11.9,140.0,234.0,Medium,Low,55.05,Shallow (1-3m) — High Risk,Low,Simple Strip Footing,28.61,1.18,47.37,30.11,8.25,14.81,56.36,0.0,1.44,Humid Subtropical,Low,Normal Monsoon,Low,60,Very High,2,174.8,6,5.0,Medium,3,High,67.15,Low,,691.23,,677.29,,60.38,448.66,Zone III,44,Flat-Coastal (<2°),Low,Shallow (0-3m),Poor,2509,0,49,3,86,209.72,Tiger Reserve,353.08,346.86,555.91,67.15,341.22,Low,655.85,No,Low,60.55,,0,0
25.0,84.0,28.4,27.9,43.8,7.4,1.42,28.2,19.1,193.0,213.0,Medium,Low,35.67,Shallow (1-3m) — High Risk,Low,Simple Strip Footing,28.39,1.84,46.2,32.32,8.55,14.79,57.85,0.0,1.4,Humid Subtropical,Low,Normal Monsoon,Low,60,Very High,2,177.4,2,4.6,Medium,3,High,110.0,Low,,612.37,,567.23,,106.04,331.44,Zone III,44,Flat-Coastal (<2°),Low,Shallow (0-3m),Poor,2275,0,45,3,16,336.52,Tiger Reserve,481.08,225.71,604.29,110.0,230.5,Low,568.37,No,Low,60.55,,0,0
25.0,84.5,30.4,28.8,40.7,7.5,1.39,27.7,19.9,178.0,208.5,Medium,Low,35.52,Shallow (1-3m) — High Risk,Low,Simple Strip Footing,28.52,2.46,45.95,35.44,9.01,14.74,59.56,0.0,1.4,Humid Subtropical,Low,Normal Monsoon,Low,60,Very High,2,178.5,1,3.8,Low,3,High,157.33,Low,,592.69,,526.86,,154.62,299.51,Zone III,44,Flat-Coastal (<2°),Low,Shallow (0-3m),Poor,4241,1,51,4,28,382.88,Tiger Reserve,526.63,195.19,595.04,157.33,205.72,Low,542.39,No,Medium,62.6,,0,0
25.0,85.0,28.3,27.0,44.7,7.5,1.42,22.0,17.6,169.0,213.0,Medium,Low,33.54,Shallow (1-3m) — High Risk,Low,Simple Strip Footing,28.33,1.98,46.27,35.88,8.94,14.5,61.43,0.0,1.41,Humid Subtropical,Low,Normal Monsoon,Low,60,Very High,2,181.0,1,3.8,Low,3,High,206.08,Low,,576.91,,488.47,,169.54,273.35,Zone III,44,Flat-Coastal (<2°),Low,Shallow (0-3m),Poor,2014,0,51,2,90,430.2,Tiger Reserve,511.24,174.32,590.14,206.08,191.47,Low,520.18,No,Low,63.05,,0,0
25.0,85.5,29.3,26.1,44.6,7.0,1.4,20.1,17.8,162.0,210.0,Medium,Low,30.09,Shallow (1-3m) — High Risk,Low,Simple Strip Footing,28.04,1.77,45.73,35.89,8.89,14.0,63.22,0.0,1.41,Humid Subtropical,Low,Normal Monsoon,Low,40,Very High,2,183.8,2,4.5,Medium,3,High,225.71,Low,,565.38,,452.58,,161.59,254.77,Zone III,44,Flat-Coastal (<2°),Low,Shallow (0-3m),Poor,13553,1,54,1,90,478.2,Tiger Reserve,473.78,166.79,589.69,255.43,190.12,Low,502.22,No,Low,63.55,,0,0
25.0,86.0,25.8,28.1,46.1,7.0,1.35,19.3,22.8,199.0,202.5,Medium,Low,39.29,Shallow (1-3m) — High Risk,Low,Simple Strip Footing,27.86,1.73,45.24,36.65,9.18,14.76,64.52,0.0,1.39,Humid Subtropical,Low,Normal Monsoon,Low,40,Very High,2,185.7,5,4.5,Medium,3,High,195.19,Low,,558.34,,419.81,,139.45,245.47,Zone III,44,Flat-Coastal (<2°),Low,Shallow (0-3m),Poor,1943,1,55,1,90,460.91,Tiger Reserve,439.06,174.32,593.71,305.09,201.93,Low,488.99,No,Low,63.55,,0,0
25.0,86.5,24.1,33.1,42.7,6.7,1.32,18.8,19.3,156.0,198.0,Low,Low,53.83,Shallow (1-3m) — High Risk,Low,Simple Strip Footing,27.86,1.73,45.24,36.65,9.18,14.76,64.52,0.0,1.39,Humid Subtropical,Low,Bay of Bengal Monsoon,High,40,Very High,2,185.7,9,5.0,Medium,3,High,174.32,Low,,555.97,,390.97,,133.82,246.52,Zone III,44,Flat-Coastal (<2°),Low,Shallow (0-3m),Poor,21907,2,67,3,64,428.76,Tiger Reserve,407.76,195.19,602.1,322.19,224.85,Low,480.87,No,Low,66.3,,0,0
25.0,87.0,27.9,28.5,43.6,6.8,1.31,18.4,21.0,180.0,196.5,Medium,Low,37.77,Shallow (1-3m) — High Risk,Low,Simple Strip Footing,27.81,1.68,44.92,39.7,9.34,16.45,66.66,0.0,1.38,Humid Subtropical,Low,Bay of Bengal Monsoon,High,40,Very High,2,187.1,11,5.0,Medium,3,High,166.79,Low,,558.34,,366.97,,146.61,257.79,Zone III,44,Flat-Coastal (<2°),Low,Shallow (0-3m),Poor,22921,1,62,4,38,400.54,Tiger Reserve,380.73,225.71,614.69,292.17,255.89,Low,478.14,No,Low,59.05,,0,0
25.0,87.5,20.0,47.9,32.0,6.4,1.34,17.2,22.2,161.0,201.0,Low,Medium,95.75,Shallow (1-3m) — High Risk,Medium,Simple Strip Footing,27.63,1.9,43.64,41.99,9.05,14.59,69.11,0.0,1.38,Humid Subtropical,Medium,Bay of Bengal Monsoon,High,40,Very High,2,189.1,11,5.0,Medium,3,High,174.32,Low,,565.38,,348.82,,173.81,278.04,Zone III,44,Flat-Coastal (<2°),Low,Shallow (0-3m),Poor,2297,0,57,4,61,371.83,National Park,358.95,250.14,631.23,268.15,292.49,Low,480.87,No,Low,56.8,,0,0
25.0,88.0,26.6,24.2,49.2,6.7,1.32,17.5,19.6,125.0,198.0,Medium,Low,28.58,Shallow (1-3m) — High Risk,Low,Simple Strip Footing,27.82,2.49,42.59,46.67,9.1,15.29,72.0,0.0,1.36,Humid Subtropical,Medium,Bay of Bengal Monsoon,High,40,Very High,2,188.8,17,5.0,Medium,3,High,195.19,Low,,576.91,,337.46,,209.89,269.95,Zone III,44,Flat-Coastal (<2°),Low,Shallow (0-3m),Poor,53442,0,66,1,98,329.73,National Park,343.41,223.75,588.28,251.86,332.82,Low,488.99,No,Low,69.3,,0,0
25.0,88.5,40.3,22.5,37.2,6.7,1.31,16.9,19.8,162.0,196.5,High,Low,7.89,Shallow (1-3m) — High Risk,Low,Raft Foundation,27.53,1.73,43.47,51.65,9.66,15.49,75.26,0.0,1.36,Humid Subtropical,Medium,Bay of Bengal Monsoon,High,40,Very High,2,190.6,29,5.0,Medium,4,High,225.71,Low,,592.69,,333.58,,251.04,267.06,Zone III,44,Flat-Coastal (<2°),Low,Shallow (0-3m),Poor,13834,1,63,1,94,290.16,National Park,334.98,206.3,538.04,244.83,361.05,Low,502.22,No,Medium,60.6,,0,0
25.0,89.0,36.8,25.2,37.9,6.4,1.28,16.1,16.3,133.0,192.0,Medium,Low,18.84,Shallow (1-3m) — High Risk,Medium,Simple Strip Footing,27.53,1.73,43.47,51.65,9.66,15.49,75.26,0.0,1.38,Humid Subtropical,Medium,Bay of Bengal Monsoon,High,40,Very High,2,190.6,57,5.3,High,4,High,262.54,Low,,612.37,,337.46,,295.16,273.76,Zone III,44,Flat-Coastal (<2°),Low,Shallow (0-3m),Poor,4542,1,51,4,67,254.3,National Park,334.21,200.15,487.86,247.87,355.97,Low,520.18,No,Medium,63.35,,0,0
25.0,89.5,35.2,22.0,42.8,6.1,1.3,19.3,16.0,157.0,195.0,Medium,Low,12.76,Shallow (1-3m) — High Risk,Medium,Simple Strip Footing,27.56,1.98,41.93,63.53,11.0,14.91,78.13,0.0,1.38,Humid Subtropical,Medium,Bay of Bengal Monsoon,High,20,Very High,2,190.0,74,5.3,High,4,High,303.4,Low,,635.61,,348.82,,341.08,289.38,Zone III,44,Flat-Coastal (<2°),Low,Shallow (0-3m),Poor,2305,2,55,2,71,223.94,National Park,341.13,206.3,437.74,260.61,358.16,Low,542.39,No,Medium,55.85,,0,0
25.0,90.0,28.6,28.3,43.1,5.9,1.28,19.8,18.2,162.0,192.0,Medium,Low,36.43,Shallow (1-3m) — High Risk,Medium,Simple Strip Footing,27.37,2.38,40.46,77.44,13.08,13.87,79.73,0.0,1.34,Humid Subtropical,Low,Bay of Bengal Monsoon,High,20,High,2,190.7,100,5.3,High,4,High,300.84,Low,,662.01,,366.97,,388.18,312.59,Zone III,44,Flat-Coastal (<2°),Low,Shallow (0-3m),Poor,7786,2,76,1,71,201.59,National Park,343.63,223.75,387.72,281.75,367.48,Low,568.37,No,Low,60.05,,0,0
25.0,90.5,23.9,36.8,39.3,5.7,1.3,20.4,16.8,153.0,195.0,Low,Low,63.32,Shallow (1-3m) — High Risk,Medium,Simple Strip Footing,27.02,3.16,39.1,97.99,16.98,12.52,81.23,0.0,1.34,Humid Subtropical,Low,Bay of Bengal Monsoon,High,20,High,2,192.3,100,5.7,High,4,High,260.65,High,,691.23,,390.97,,436.07,341.84,Zone III,44,Flat-Coastal (<2°),Low,Shallow (0-3m),Poor,7950,0,70,0,47,190.09,National Park,300.84,250.14,337.83,309.57,370.19,Low,597.61,No,Low,60.8,,0,0
25.0,91.0,28.4,31.0,40.6,5.8,1.2,25.3,30.0,221.0,180.0,Medium,Low,43.42,Shallow (1-3m) — High Risk,Medium,Simple Strip Footing,26.87,4.99,36.0,127.14,22.63,15.1,82.96,0.0,1.38,Humid Subtropical,Low,Bay of Bengal Monsoon,High,10,High,2,192.4,100,5.7,High,4,High,224.47,High,,722.91,,419.81,,484.51,375.73,Zone III,44,Flat-Coastal (<2°),Low,Shallow (0-3m),Poor,9195,0,76,0,88,191.4,National Park,260.65,282.98,288.15,298.95,326.27,Low,629.67,No,Low,54.8,,0,0
25.0,91.5,26.2,40.1,33.8,5.6,1.2,20.0,21.6,185.0,180.0,Medium,Medium,68.81,Shallow (1-3m) — High Risk,Medium,Simple Strip Footing,26.87,4.99,36.0,127.14,22.63,15.1,82.96,0.0,1.38,Humid Subtropical,Low,Bay of Bengal Monsoon,High,10,High,2,192.4,100,5.7,High,5,High,194.55,High,,756.75,,452.58,,533.36,413.11,Zone III,44,Flat-Coastal (<2°),Low,Shallow (0-3m),Poor,10666,1,82,2,13,205.28,National Park,224.47,282.98,238.81,260.44,284.39,Low,664.13,No,Low,47.05,,0,0
25.0,92.0,27.3,50.4,22.3,5.5,1.26,21.4,20.3,179.0,189.0,Medium,Medium,93.24,Shallow (1-3m) — High Risk,Medium,Simple Strip Footing,26.49,4.22,35.41,131.51,23.38,13.69,84.71,0.0,1.41,Humid Subtropical,Low,Normal Monsoon,Low,0,Low,2,193.8,100,6.7,High,5,High,174.15,High,,792.47,,488.47,,582.51,453.13,Zone III,44,Flat-Coastal (<2°),Low,Shallow (0-3m),Poor,9094,1,84,3,20,226.48,National Park,194.55,250.14,190.08,226.48,245.59,Low,700.64,No,Low,55.3,,0,0
25.0,92.5,24.5,43.0,32.4,5.0,1.27,17.2,26.8,205.0,190.5,Low,Medium,78.1,Shallow (1-3m) — High Risk,High,Simple Strip Footing,25.61,5.18,33.64,103.28,17.96,10.75,84.57,0.0,1.41,Humid Subtropical,Low,Normal Monsoon,Low,0,Low,2,199.6,100,6.0,High,5,High,166.79,High,,829.83,,526.86,,631.89,495.14,Zone III,44,Moderate (5-15°),Low,Shallow (0-3m),Poor,11490,3,77,4,56,199.42,National Park,174.15,223.75,142.56,199.42,211.59,Low,738.9,Yes,Low,54.8,,0,0
25.0,93.0,31.5,31.6,36.9,5.1,1.1,20.5,42.9,683.0,165.0,Medium,Low,41.2,Shallow (1-3m) — High Risk,High,Simple Strip Footing,24.65,4.78,34.22,63.16,10.1,4.17,82.79,0.0,1.47,Humid Subtropical,Low,Normal Monsoon,Low,0,Low,2,207.0,100,5.5,High,5,High,174.15,High,,868.62,,567.23,,681.45,538.68,Zone III,44,Moderate (5-15°),Low,Shallow (0-3m),Poor,14663,1,90,4,50,182.36,National Park,166.79,206.3,98.07,182.36,185.04,Low,778.64,Yes,Medium,53.85,,0,0
25.0,93.5,30.1,39.3,30.5,5.1,1.11,21.4,51.9,600.0,166.5,Medium,Low,62.13,Shallow (1-3m) — High Risk,High,Simple Strip Footing,22.14,3.01,32.24,47.91,7.53,5.62,81.08,0.0,1.47,Humid Subtropical,Low,Normal Monsoon,Low,0,Low,2,224.8,100,5.5,High,5,High,194.55,High,,908.65,,609.2,,731.15,583.4,Zone III,44,Moderate (5-15°),Low,Shallow (0-3m),Poor,2199,0,63,0,92,178.19,National Park,174.15,200.15,63.32,178.19,169.48,Low,819.66,Yes,Medium,53.85,,0,0
25.0,94.0,31.7,33.9,34.4,5.5,1.18,19.6,37.3,438.0,177.0,Medium,Low,46.71,Shallow (1-3m) — High Risk,Medium,Simple Strip Footing,22.14,3.01,32.24,47.91,7.53,5.62,81.08,0.0,1.45,Humid Subtropical,Low,Normal Monsoon,Low,0,Low,2,224.8,100,5.5,High,5,High,224.47,High,,949.76,,652.44,,780.97,629.05,Zone III,44,Moderate (5-15°),Low,Shallow (0-3m),Poor,14735,1,73,0,60,187.78,National Park,194.55,206.3,59.15,187.78,167.99,Low,861.77,Yes,Medium,57.35,,0,0
25.0,94.5,27.8,34.4,37.9,5.4,1.11,21.2,42.8,759.0,166.5,Medium,Low,52.64,Shallow (1-3m) — High Risk,High,Simple Strip Footing,21.59,0.96,35.37,40.95,6.73,5.65,77.23,0.0,1.45,Humid Subtropical,Low,Normal Monsoon,Low,0,Low,2,228.9,100,5.9,High,5,High,260.65,High,,991.83,,696.73,,830.88,675.44,Zone III,44,Moderate (5-15°),Low,Shallow (0-3m),Poor,6988,1,41,1,96,209.23,National Park,224.47,223.75,89.93,174.15,180.93,Low,904.81,Yes,Low,54.3,,0,0
25.0,95.5,31.0,36.7,32.3,5.5,1.24,23.6,32.3,258.0,186.0,Medium,Low,54.55,Shallow (1-3m) — High Risk,Medium,Simple Strip Footing,28.16,6.55,37.88,26.44,4.82,4.97,64.36,0.0,1.57,Humid Subtropical,Low,Normal Monsoon,Low,20,Low,2,184.0,100,5.9,High,5,High,343.63,High,,1078.36,,787.73,,930.92,769.92,Zone III,44,Moderate (5-15°),Low,Shallow (0-3m),Poor,204,2,80,0,98,275.4,National Park,300.84,282.98,180.44,174.15,238.34,Low,993.21,Yes,Medium,56.1,,0,0
25.0,96.0,28.7,34.5,36.8,5.4,1.19,22.3,43.6,202.0,178.5,Medium,Low,51.81,Shallow (1-3m) — High Risk,High,Simple Strip Footing,28.23,5.85,37.35,20.03,3.97,4.18,62.33,0.0,1.58,Humid Subtropical,Low,Normal Monsoon,Low,20,Low,2,182.2,100,5.9,High,5,High,388.17,High,,1122.65,,834.17,,981.02,817.8,Zone III,44,Moderate (5-15°),Low,Shallow (0-3m),Poor,3006,1,70,0,100,280.83,National Park,343.63,320.29,229.01,194.55,276.34,Low,1038.38,Yes,Low,53.05,,0,0
25.0,96.5,32.2,32.8,35.0,6.1,1.3,19.6,26.6,175.0,195.0,Medium,Low,43.36,Shallow (1-3m) — High Risk,Medium,Simple Strip Footing,28.23,5.85,37.35,20.03,3.97,4.18,62.33,0.0,1.58,Humid Subtropical,Low,Normal Monsoon,Low,20,Low,2,182.2,100,5.9,High,5,High,433.91,High,,1167.5,,881.12,,1031.17,866.02,Zone III,44,Moderate (5-15°),Low,Shallow (0-3m),Poor,12922,1,69,0,100,278.17,National Park,388.17,360.68,278.25,224.47,317.7,Low,1084.08,Yes,Medium,56.1,,0,0
25.5,68.0,23.8,42.0,34.2,8.2,1.49,11.5,3.3,43.0,223.5,Low,Medium,76.44,Shallow (1-3m) — High Risk,Low,Simple Strip Footing,29.45,1.53,46.93,6.92,2.02,15.63,48.14,0.0,1.61,Arid,Low,Low Monsoon,Low,60,Low,2,160.2,40,5.0,Medium,3,High,534.18,Low,,1709.81,,1670.98,,1464.01,455.63,Zone VI,55,Gentle (2-5°),Low,Medium-Deep (5-15m),Moderate,262,1,41,0,75,419.22,Marine Park,883.86,1738.92,262.34,342.52,537.08,Low,419.22,No,High,59.85,,0,0
25.0,97.0,28.4,35.9,35.7,5.4,1.21,23.4,50.1,316.0,181.5,Medium,Low,55.67,Shallow (1-3m) — High Risk,High,Simple Strip Footing,28.95,6.38,37.57,20.6,4.24,3.13,60.17,0.0,1.67,Humid Subtropical,Low,Normal Monsoon,Low,20,Low,2,176.9,100,5.9,High,5,High,480.52,High,,1212.87,,928.48,,1081.36,914.52,Zone III,44,Moderate (5-15°),Low,Shallow (0-3m),Poor,217,4,30,0,100,284.35,National Park,433.91,403.24,327.88,260.65,361.27,Low,1130.24,Yes,Low,52.3,,0,0
25.5,68.5,33.6,14.6,51.8,8.0,1.49,13.9,7.7,82.0,223.5,Medium,Low,0.1,Shallow (1-3m) — High Risk,Low,Simple Strip Footing,30.47,0.74,49.39,7.06,2.07,15.06,44.2,0.0,1.61,Arid,Low,Low Monsoon,Low,60,Low,2,149.8,23,5.0,Medium,3,High,491.61,Low,,1672.18,,1632.57,,1419.36,425.74,Zone VI,55,Gentle (2-5°),Low,Medium-Deep (5-15m),Moderate,16567,1,54,0,98,390.56,Marine Park,834.06,1689.78,230.2,299.95,513.81,Low,390.56,No,High,59.85,,0,0
25.5,69.0,35.2,32.1,32.7,7.9,1.48,14.3,7.0,75.0,222.0,Medium,Low,38.01,Shallow (1-3m) — High Risk,Low,Simple Strip Footing,30.47,0.74,49.39,7.06,2.07,15.06,44.2,0.0,1.62,Arid,Low,Low Monsoon,Low,60,Low,2,149.8,22,5.0,Medium,3,High,450.72,Low,,1635.34,,1594.93,,1371.48,400.1,Zone VI,55,Gentle (2-5°),Low,Medium-Deep (5-15m),Poor,409,0,50,1,57,366.73,Marine Park,784.28,1640.73,205.59,260.0,494.72,Low,366.73,No,High,58.6,,0,0
25.5,69.5,35.7,34.6,29.7,7.9,1.44,13.0,6.4,63.0,216.0,Medium,Low,43.66,Shallow (1-3m) — High Risk,Low,Simple Strip Footing,30.74,0.85,48.95,7.33,2.27,16.22,42.41,0.0,1.62,Arid,Low,Low Monsoon,Low,60,Low,2,145.7,20,4.9,Medium,3,High,412.02,Low,,1599.34,,1558.1,,1323.82,379.56,Zone VI,55,Gentle (2-5°),Low,Medium-Deep (5-15m),Poor,9725,0,35,0,31,348.7,Marine Park,734.53,1591.8,191.45,224.04,480.31,Low,348.7,No,High,58.6,,0,0
25.5,70.0,30.2,43.4,26.4,8.0,1.46,12.3,6.0,36.0,219.0,Medium,Medium,72.26,Shallow (1-3m) — High Risk,Low,Simple Strip Footing,30.54,1.15,47.41,8.18,2.59,15.56,41.58,0.0,1.69,Semi-Arid,Low,Low Monsoon,Low,60,Low,2,144.9,20,5.1,Medium,3,High,376.16,Low,,1564.24,,1522.16,,1276.41,365.0,Zone V,50,Gentle (2-5°),Low,Medium-Deep (5-15m),Moderate,0,0,0,0,0,337.43,Marine Park,684.82,1542.99,190.11,194.33,471.01,Low,337.43,No,High,55.85,,0,0
25.5,70.5,29.4,44.4,26.3,8.0,1.49,11.6,4.4,41.0,223.5,Medium,Medium,75.72,Shallow (1-3m) — High Risk,Low,Simple Strip Footing,29.97,1.79,45.54,9.56,2.98,15.23,41.49,0.0,1.69,Semi-Arid,Low,Low Monsoon,Low,40,Low,2,146.6,17,5.5,Medium,3,High,344.06,Low,,1530.1,,1487.16,,1229.28,357.13,Zone V,50,Gentle (2-5°),Low,Medium-Deep (5-15m),Moderate,20,1,18,0,14,333.58,Marine Park,635.15,1494.32,201.83,174.09,467.13,Low,333.58,No,High,58.85,,0,0
25.5,71.5,20.5,52.7,26.8,7.8,1.48,11.5,8.0,60.0,222.0,Low,Medium,107.15,Shallow (1-3m) — High Risk,Low,Simple Strip Footing,29.81,2.54,44.72,10.9,3.3,18.62,41.37,0.0,1.67,Semi-Arid,Medium,Low Monsoon,Low,40,Low,2,146.9,5,5.1,Medium,3,High,295.89,Low,,1464.99,,1420.28,,1136.02,362.87,Zone V,50,Gentle (2-5°),Low,Medium-Deep (5-15m),Moderate,1348,1,48,0,100,348.7,Marine Park,536.0,1397.44,255.43,174.09,475.96,Low,348.7,No,High,61.6,,0,0
25.5,72.0,18.2,54.1,27.7,7.8,1.49,16.9,5.5,99.0,223.5,Low,Medium,113.41,Shallow (1-3m) — High Risk,Low,Simple Strip Footing,29.95,2.25,45.63,12.28,3.82,16.69,41.67,0.0,1.71,Semi-Arid,Medium,Normal Monsoon,Low,40,Low,2,147.0,5,4.6,Medium,3,High,282.57,Low,,1434.15,,1388.54,,1089.98,376.15,Zone III,44,Gentle (2-5°),Low,Medium-Deep (5-15m),Moderate,354,0,39,0,100,366.73,Marine Park,486.56,1349.26,291.82,194.33,488.37,Low,366.73,No,High,62.85,,0,0
25.5,73.5,24.7,46.2,29.0,7.3,1.47,23.9,7.1,129.0,220.5,Low,Medium,85.86,Medium-Deep (5-12m) — Low-Medium Risk,Low,Simple Strip Footing,27.58,2.21,44.16,17.4,5.39,12.54,46.0,0.0,1.71,Semi-Arid,Medium,Normal Monsoon,Low,40,Low,2,163.9,3,4.6,Medium,3,Low,295.89,Low,,1349.48,,999.0,,954.3,449.35,Zone III,44,Flat-Coastal (<2°),Medium,Medium-Deep (5-15m),Moderate,0,0,0,0,0,305.55,Tiger Reserve,339.26,1206.07,222.97,299.95,552.83,,999.0,No,Low,70.25,,0,0
25.5,73.0,23.4,47.4,29.2,7.4,1.45,20.2,6.6,142.0,217.5,Low,Medium,90.42,Medium-Deep (5-12m) — Low-Medium Risk,Low,Simple Strip Footing,28.91,2.86,45.09,16.28,5.08,14.16,44.54,0.0,1.71,Semi-Arid,Medium,Normal Monsoon,Low,40,Low,2,156.1,3,4.6,Medium,3,Low,282.57,Low,,1376.32,,999.0,,999.32,420.25,Zone III,44,Flat-Coastal (<2°),Medium,Medium-Deep (5-15m),Moderate,1340,2,60,0,100,354.91,Tiger Reserve,388.13,1253.56,261.01,260.0,527.3,Low,419.22,No,Low,69.8,,0,0
25.5,75.5,24.7,39.3,36.1,7.2,1.53,20.0,9.2,109.0,229.5,Low,Low,68.61,Medium-Deep (5-12m) — Low-Medium Risk,Low,Simple Strip Footing,28.38,0.89,47.22,24.24,7.48,12.67,48.0,0.0,1.66,Semi-Arid,Low,Normal Monsoon,Low,60,Low,40,164.2,5,4.6,Medium,3,High,337.43,Low,,1258.04,,999.0,,753.58,312.05,Zone III,44,Flat-Coastal (<2°),Medium,Medium-Deep (5-15m),Poor,12825,1,57,12,65,114.55,Tiger Reserve,151.6,1019.45,160.71,478.73,562.94,,999.0,No,Low,66.75,,0,0
25.5,76.5,25.5,40.4,34.1,7.6,1.51,24.4,9.0,124.0,226.5,Medium,Medium,70.4,Medium-Deep (5-12m) — Low-Medium Risk,Low,Simple Strip Footing,28.68,0.98,47.62,26.08,7.85,13.36,49.21,0.0,1.63,Humid Subtropical,Low,Normal Monsoon,Low,60,Low,40,165.0,2,4.3,Low,3,High,260.0,Low,,1193.28,,999.0,,653.21,252.42,Zone III,44,Gentle (2-5°),Medium,Medium-Deep (5-15m),Poor,2462,0,64,4,93,55.6,Tiger Reserve,83.42,928.83,209.15,547.96,508.51,,999.0,No,Low,58.75,,0,0
25.5,77.0,27.3,43.6,29.1,7.2,1.56,27.1,8.7,112.0,234.0,Medium,Medium,76.24,Medium-Deep (5-12m) — Low-Medium Risk,Low,Simple Strip Footing,28.09,1.57,46.46,25.89,7.58,12.71,50.37,0.0,1.64,Humid Subtropical,Low,Normal Monsoon,Low,60,Low,40,169.2,2,4.3,Low,3,High,224.04,Low,,1149.6,,999.0,,603.04,233.04,Zone III,44,Gentle (2-5°),Medium,Medium-Deep (5-15m),Poor,0,0,0,0,0,74.82,Tiger Reserve,80.37,884.44,195.49,510.38,486.53,,999.0,No,Low,58.75,,0,0
25.5,77.5,28.8,37.9,33.3,7.2,1.54,36.8,9.5,128.0,231.0,Medium,Low,60.19,Medium-Deep (5-12m) — Low-Medium Risk,Low,Simple Strip Footing,27.58,1.67,45.94,26.84,7.6,13.08,51.51,0.0,1.64,Humid Subtropical,Low,Normal Monsoon,Low,40,Low,40,173.2,0,0.0,Low,3,High,194.33,Low,,1106.57,,999.0,,552.86,223.28,Zone III,44,Gentle (2-5°),Medium,Medium-Deep (5-15m),Poor,6553,0,67,1,84,114.55,Tiger Reserve,104.71,839.28,189.03,475.27,451.79,,999.0,No,Low,67.0,,0,0
25.5,78.5,26.9,41.5,31.6,7.5,1.45,24.3,9.7,133.0,217.5,Medium,Medium,71.47,Medium-Deep (5-12m) — Low-Medium Risk,Low,Simple Strip Footing,28.69,1.91,46.96,27.29,7.62,13.65,51.52,0.0,1.53,Humid Subtropical,Low,Normal Monsoon,Low,60,Low,40,168.4,0,0.0,Low,3,High,166.79,Low,,1022.76,,999.0,,452.53,236.21,Zone III,44,Gentle (2-5°),Low,Medium-Deep (5-15m),Poor,8501,1,60,0,87,175.29,Tiger Reserve,187.08,742.25,213.68,414.93,390.56,,999.0,No,Low,60.0,,0,0
25.5,79.0,22.5,46.1,31.4,7.6,1.42,24.4,12.6,124.0,213.0,Low,Medium,88.25,Medium-Deep (5-12m) — Low-Medium Risk,Low,Simple Strip Footing,28.69,1.91,46.96,27.29,7.62,13.65,51.52,0.0,1.52,Humid Subtropical,Low,Normal Monsoon,Low,60,Low,40,168.4,0,0.0,Low,3,High,174.09,Low,,982.18,,999.0,,402.38,257.27,Zone III,44,Gentle (2-5°),Low,Medium-Deep (5-15m),Poor,2592,1,51,0,99,134.36,Tiger Reserve,233.5,694.16,240.97,391.22,366.73,,999.0,No,Low,65.25,,0,0
25.5,79.5,24.2,45.6,30.2,7.4,1.44,17.7,13.2,139.0,216.0,Low,Medium,84.96,Medium-Deep (5-12m) — Low-Medium Risk,Low,Simple Strip Footing,28.77,1.78,47.47,27.91,7.74,13.98,52.84,0.0,1.52,Humid Subtropical,Low,Normal Monsoon,Low,60,Low,40,169.8,0,0.0,Low,3,High,194.33,Low,,942.64,,936.78,,352.25,285.54,Zone III,44,Gentle (2-5°),Low,Medium-Deep (5-15m),Poor,0,0,0,0,0,102.22,Tiger Reserve,279.65,646.46,274.67,351.58,348.7,Low,877.46,No,Low,64.8,,0,0
25.5,80.0,22.6,37.2,40.1,7.5,1.43,22.3,9.8,122.0,214.5,Low,Low,65.88,Shallow (1-3m) — High Risk,Low,Simple Strip Footing,28.82,1.86,47.83,28.82,8.13,13.11,53.8,0.0,1.44,Humid Subtropical,Low,Normal Monsoon,Low,60,Low,40,170.8,0,0.0,Low,3,High,224.04,Low,,904.27,,897.08,,302.15,319.11,Zone III,44,Flat-Coastal (<2°),Low,Shallow (0-3m),Poor,1151,1,70,0,98,88.96,Tiger Reserve,278.73,599.22,312.69,301.41,337.43,Low,843.53,No,Low,70.05,,0,0
25.5,80.5,23.9,35.9,40.1,7.2,1.39,15.7,11.1,137.0,208.5,Low,Low,61.07,Shallow (1-3m) — High Risk,Low,Simple Strip Footing,28.89,1.66,48.03,30.24,8.48,14.83,54.52,0.0,1.44,Humid Subtropical,Low,Normal Monsoon,Low,60,Very High,40,171.4,0,0.0,Low,3,High,251.25,Low,,867.22,,858.58,,252.09,356.48,Zone III,44,Flat-Coastal (<2°),Low,Shallow (0-3m),Poor,0,0,0,0,0,102.22,Tiger Reserve,286.9,552.57,353.66,251.25,333.58,Low,811.42,No,Low,66.3,,0,0
25.5,81.0,20.7,38.1,41.1,7.2,1.44,21.4,10.5,153.0,216.0,Low,Low,70.41,Shallow (1-3m) — High Risk,Low,Simple Strip Footing,28.88,0.88,48.52,30.28,8.34,15.82,54.68,0.0,1.44,Humid Subtropical,Low,Normal Monsoon,Low,60,Very High,40,171.6,1,5.0,Medium,3,High,201.11,Low,,831.68,,821.47,,202.12,396.58,Zone III,44,Flat-Coastal (<2°),Low,Shallow (0-3m),Poor,592,3,61,0,99,134.36,Tiger Reserve,303.44,506.68,396.65,201.11,337.43,Low,781.36,No,Low,73.8,,0,0
25.5,82.0,21.6,33.2,45.2,7.2,1.36,17.7,14.3,136.0,204.0,Low,Low,57.08,Shallow (1-3m) — High Risk,Low,Simple Strip Footing,28.79,1.0,48.29,30.5,8.39,16.28,55.64,0.0,1.44,Humid Subtropical,Low,Normal Monsoon,Low,60,Very High,40,173.2,1,4.6,Medium,3,High,101.02,Low,,765.96,,752.22,,102.88,482.19,Zone III,44,Flat-Coastal (<2°),Low,Shallow (0-3m),Poor,75454,0,33,13,76,220.16,Tiger Reserve,356.39,418.15,486.56,101.02,366.73,Low,728.38,No,Low,74.55,,0,0
25.5,81.5,19.3,35.7,45.0,7.2,1.4,14.0,9.5,138.0,210.0,Low,Low,66.09,Shallow (1-3m) — High Risk,Low,Simple Strip Footing,28.88,0.88,48.52,30.28,8.34,15.82,54.68,0.0,1.44,Humid Subtropical,Low,Normal Monsoon,Low,60,Very High,40,171.6,2,5.0,Medium,3,High,151.02,Low,,797.85,,785.95,,152.3,438.65,Zone III,44,Flat-Coastal (<2°),Low,Shallow (0-3m),Poor,0,0,0,0,0,175.29,Tiger Reserve,327.07,461.77,441.08,151.02,348.7,Low,753.59,No,Low,74.55,,0,0
25.5,82.5,25.1,33.4,41.5,7.4,1.46,31.6,12.7,139.0,219.0,Medium,Low,53.38,Shallow (1-3m) — High Risk,Low,Simple Strip Footing,28.79,1.76,47.0,29.28,8.08,16.46,56.27,0.0,1.44,Humid Subtropical,Low,Normal Monsoon,Low,60,Very High,40,173.9,1,4.6,Medium,3,High,51.42,Low,,736.25,,720.56,,54.93,480.65,Zone III,44,Flat-Coastal (<2°),Low,Shallow (0-3m),Poor,1286,0,44,2,97,251.11,Tiger Reserve,390.11,376.27,532.81,51.42,374.46,Low,704.63,No,Low,69.3,,0,0
25.5,83.0,28.8,28.8,42.3,7.2,1.4,27.7,12.3,140.0,210.0,Medium,Low,37.44,Shallow (1-3m) — High Risk,Low,Simple Strip Footing,28.83,2.18,46.54,28.82,8.03,15.71,56.13,0.0,1.52,Humid Subtropical,Low,Normal Monsoon,Low,60,Very High,40,173.5,1,4.6,Medium,3,High,11.12,Low,,709.0,,681.63,Medium,22.24,442.17,Zone III,44,Flat-Coastal (<2°),Low,Shallow (0-3m),Poor,22201,0,51,3,62,284.5,Tiger Reserve,427.2,336.8,579.64,11.12,337.75,Low,672.38,No,Low,65.05,,0,0
25.5,83.5,28.8,32.5,38.7,7.3,1.45,27.5,12.9,150.0,217.5,Medium,Low,46.69,Shallow (1-3m) — High Risk,Low,Simple Strip Footing,28.66,2.16,46.33,31.51,8.47,15.7,57.64,0.0,1.52,Humid Subtropical,Low,Normal Monsoon,Low,60,Very High,40,175.9,3,4.6,Medium,3,High,51.42,Low,,684.5,,640.53,,54.93,406.4,Zone III,44,Flat-Coastal (<2°),Low,Shallow (0-3m),Poor,510,0,45,0,97,322.39,Tiger Reserve,466.85,300.67,626.94,51.42,305.06,Low,642.57,No,Low,69.3,,0,0
25.5,84.0,30.6,30.0,39.4,7.5,1.39,27.8,14.2,152.0,208.5,Medium,Low,38.28,Shallow (1-3m) — High Risk,Low,Simple Strip Footing,28.66,2.16,46.33,31.51,8.47,15.7,57.64,0.0,1.4,Humid Subtropical,Low,Normal Monsoon,Low,60,Very High,40,175.9,2,3.9,Low,3,High,101.02,Low,,663.07,,600.92,,102.88,374.09,Zone III,44,Flat-Coastal (<2°),Low,Shallow (0-3m),Poor,0,0,0,0,0,363.37,Tiger Reserve,508.46,269.24,658.58,101.02,277.79,Low,615.58,No,Medium,71.35,,0,0
25.5,84.5,31.2,26.1,42.7,7.4,1.4,26.2,15.0,159.0,210.0,Medium,Low,27.81,Shallow (1-3m) — High Risk,Low,Simple Strip Footing,28.4,2.11,46.2,34.29,8.82,15.38,59.76,0.0,1.4,Humid Subtropical,Low,Normal Monsoon,Low,60,Very High,40,179.2,2,3.9,Low,3,High,151.02,Low,,645.01,,563.13,,152.3,346.23,Zone III,44,Flat-Coastal (<2°),Low,Shallow (0-3m),Poor,957,1,62,2,84,406.51,Tiger Reserve,551.59,244.32,650.13,151.02,257.69,Low,591.77,No,Medium,71.35,,0,0
25.5,85.0,26.6,28.8,44.5,7.2,1.35,16.0,19.7,138.0,202.5,Medium,Low,40.08,Shallow (1-3m) — High Risk,Low,Simple Strip Footing,28.36,1.56,46.54,35.2,8.9,15.8,60.98,0.0,1.41,Humid Subtropical,Low,Normal Monsoon,Low,60,Very High,40,180.5,3,4.3,Low,3,High,201.11,Low,,630.6,,527.53,,202.12,323.97,Zone III,44,Flat-Coastal (<2°),Low,Shallow (0-3m),Poor,12763,0,77,4,57,451.19,Tiger Reserve,548.6,228.07,645.66,201.11,246.51,Low,571.56,No,Low,71.8,,0,0
25.5,78.0,27.8,39.6,32.5,7.5,1.55,25.6,7.5,128.0,232.5,Medium,Low,65.64,Medium-Deep (5-12m) — Low-Medium Risk,Low,Simple Strip Footing,28.35,2.14,46.24,26.22,7.16,14.01,50.57,0.0,1.53,Humid Subtropical,Low,Normal Monsoon,Low,60,Low,40,168.4,0,0.0,Low,3,High,174.09,Low,,1064.26,,999.0,,502.69,224.38,Zone III,44,Gentle (2-5°),Low,Medium-Deep (5-15m),Poor,0,0,0,0,0,160.19,Tiger Reserve,143.1,790.64,195.49,443.22,419.22,,999.0,No,Low,65.25,,0,0
25.5,85.5,26.7,28.9,44.5,7.3,1.33,17.4,22.7,163.0,199.5,Medium,Low,40.21,Shallow (1-3m) — High Risk,Low,Simple Strip Footing,28.34,1.11,46.66,35.54,8.93,15.94,62.11,0.0,1.41,Humid Subtropical,Low,Normal Monsoon,Low,40,Very High,40,181.5,5,4.3,Low,3,High,251.25,Low,,620.1,,494.61,,209.77,308.51,Zone III,44,Flat-Coastal (<2°),Low,Shallow (0-3m),Poor,6695,0,53,2,60,496.99,Tiger Reserve,514.01,222.39,645.26,251.25,245.47,Low,555.33,No,Low,62.05,,0,0
25.5,86.0,29.4,27.9,42.7,7.1,1.35,18.4,20.2,175.0,202.5,Medium,Low,34.47,Shallow (1-3m) — High Risk,Low,Simple Strip Footing,28.21,1.16,45.8,36.35,9.21,15.71,63.51,0.0,1.39,Humid Subtropical,Low,Normal Monsoon,Low,40,Very High,40,183.2,10,5.1,Medium,3,High,244.32,Low,,613.72,,464.94,,193.31,300.91,Zone III,44,Flat-Coastal (<2°),Low,Shallow (0-3m),Poor,0,0,0,0,0,487.88,National Park,482.32,228.07,648.92,301.41,254.69,Low,543.44,No,Low,59.55,,0,0
25.5,87.5,27.4,26.3,46.3,6.8,1.33,17.7,18.9,148.0,199.5,Medium,Low,32.87,Shallow (1-3m) — High Risk,Low,Simple Strip Footing,27.67,1.56,43.93,43.54,9.96,15.77,69.15,0.0,1.38,Humid Subtropical,Low,Bay of Bengal Monsoon,High,40,Very High,40,188.9,18,5.1,Medium,3,High,228.07,Low,,620.1,,402.26,,219.29,327.92,Zone III,44,Flat-Coastal (<2°),Low,Shallow (0-3m),Poor,7486,3,51,9,32,346.26,National Park,411.05,208.11,644.49,218.51,330.85,Low,536.18,No,Low,56.3,,0,0
25.5,88.0,26.6,27.1,46.3,6.6,1.28,16.7,21.5,139.0,192.0,Medium,Low,35.83,Shallow (1-3m) — High Risk,Low,Simple Strip Footing,27.4,1.79,43.56,52.28,10.93,16.99,72.88,0.0,1.36,Humid Subtropical,Low,Bay of Bengal Monsoon,High,40,Very High,2,191.3,41,5.1,Medium,3,High,244.32,Low,,630.6,,392.49,,248.75,325.01,Zone III,44,Flat-Coastal (<2°),Low,Shallow (0-3m),Poor,7058,0,76,1,57,300.81,National Park,397.6,175.66,594.93,198.26,366.85,Low,543.44,No,Low,59.05,,0,0
25.5,88.5,38.2,22.1,39.7,6.7,1.3,17.4,19.1,144.0,195.0,Medium,Low,9.41,Shallow (1-3m) — High Risk,Low,Simple Strip Footing,27.31,1.81,42.75,59.15,11.66,15.22,75.4,0.0,1.36,Humid Subtropical,Low,Bay of Bengal Monsoon,High,20,Very High,2,191.9,66,5.3,High,4,High,269.24,Low,,645.01,,389.18,,284.2,322.63,Zone III,44,Flat-Coastal (<2°),Low,Shallow (0-3m),Poor,14567,0,65,0,85,257.02,National Park,390.38,152.93,545.52,189.29,405.98,Low,555.33,No,Medium,58.1,,0,0
25.5,89.0,35.2,21.1,43.7,6.2,1.27,19.5,19.4,171.0,190.5,Medium,Low,10.51,Shallow (1-3m) — High Risk,Medium,Simple Strip Footing,27.31,1.81,42.75,59.15,11.66,15.22,75.4,0.0,1.38,Humid Subtropical,Low,Bay of Bengal Monsoon,High,20,Very High,2,191.9,78,5.5,High,4,High,300.67,Low,,663.07,,392.49,,323.68,328.17,Zone III,44,Flat-Coastal (<2°),Low,Shallow (0-3m),Poor,0,0,0,0,0,215.91,National Park,389.71,144.55,496.31,193.19,411.55,Low,571.56,No,Medium,56.35,,0,0
25.5,89.5,31.0,28.1,40.9,5.8,1.3,22.9,22.2,200.0,195.0,Medium,Low,33.05,Shallow (1-3m) — High Risk,Medium,Simple Strip Footing,27.43,2.08,41.65,69.78,12.5,15.02,77.69,0.0,1.38,Humid Subtropical,Low,Bay of Bengal Monsoon,High,20,Very High,2,190.9,88,5.5,High,4,High,319.77,Low,,684.5,,402.26,,365.88,341.26,Zone III,44,Flat-Coastal (<2°),Low,Shallow (0-3m),Poor,1222,0,77,5,90,179.34,National Park,367.03,152.93,447.35,209.22,413.43,Low,591.77,No,Medium,56.35,,0,0
25.5,90.0,29.7,36.6,33.6,5.2,1.28,19.0,20.6,180.0,192.0,Medium,Low,55.86,Shallow (1-3m) — High Risk,High,Simple Strip Footing,26.45,1.49,40.18,77.84,13.26,10.18,80.33,0.0,1.34,Humid Subtropical,Low,Bay of Bengal Monsoon,High,10,High,2,196.2,100,5.3,High,4,High,273.47,Low,,709.0,,418.04,,409.97,361.07,Zone III,44,Flat-Coastal (<2°),Low,Shallow (0-3m),Poor,44648,0,55,2,85,150.63,National Park,319.77,175.66,398.75,234.93,395.7,Low,615.58,No,Low,57.8,,0,0
25.5,90.5,28.8,38.2,33.1,5.0,1.15,25.3,53.8,258.0,172.5,Medium,Low,60.94,Shallow (1-3m) — High Risk,High,Simple Strip Footing,25.31,2.76,37.42,89.42,15.57,6.92,81.65,0.0,1.34,Humid Subtropical,Low,Bay of Bengal Monsoon,High,10,High,2,203.1,100,5.3,High,4,High,228.72,High,,736.25,,439.18,,455.4,386.57,Zone III,44,Steep (15-30°),Low,Shallow (0-3m),Poor,0,0,0,0,0,134.92,National Park,273.47,208.11,350.65,267.52,348.03,Low,642.57,No,Low,50.3,,0,0
25.5,91.0,29.5,39.7,30.8,4.9,1.17,20.8,51.0,281.0,175.5,Medium,Low,63.85,Shallow (1-3m) — High Risk,High,Simple Strip Footing,20.72,0.65,30.69,108.15,19.2,12.1,87.85,0.0,1.38,Humid Subtropical,Low,Bay of Bengal Monsoon,High,0,High,2,232.2,100,5.7,High,4,High,186.65,High,,765.96,,464.94,,501.8,416.72,Zone III,44,Steep (15-30°),Low,Shallow (0-3m),Poor,3834,0,83,0,75,136.76,National Park,228.72,246.46,303.28,269.15,301.11,Low,672.38,No,Low,49.55,,0,0
25.5,91.5,34.5,33.1,32.4,5.2,1.03,25.4,69.2,786.0,154.5,Medium,Low,41.35,Shallow (1-3m) — High Risk,High,Simple Strip Footing,20.72,0.65,30.69,108.15,19.2,12.1,87.85,0.0,1.38,Humid Subtropical,Low,Bay of Bengal Monsoon,High,0,High,2,232.2,100,6.0,High,5,High,149.51,High,,797.85,,494.61,,548.93,450.59,Zone III,44,Steep (15-30°),Low,Shallow (0-3m),Poor,26407,0,82,1,14,155.52,National Park,186.65,246.46,257.07,225.8,255.34,Low,704.63,No,Medium,60.35,,0,0
25.5,92.0,32.5,34.6,32.9,5.3,1.02,23.8,63.6,542.0,153.0,Medium,Low,47.5,Shallow (1-3m) — High Risk,High,Simple Strip Footing,19.43,-0.1,30.01,107.96,19.13,10.87,88.67,0.2,1.41,Humid Subtropical,Low,Normal Monsoon,Low,0,High,2,241.6,100,6.7,High,5,High,121.91,High,,831.68,,527.53,,596.61,487.4,Zone III,44,Steep (15-30°),Low,Shallow (0-3m),Poor,53727,0,78,2,48,185.8,National Park,149.51,208.11,212.76,185.8,211.48,Low,739.01,No,Medium,61.6,,0,0
25.5,92.5,28.9,38.0,33.1,5.1,1.1,25.6,63.4,388.0,165.0,Medium,Low,60.32,Shallow (1-3m) — High Risk,High,Simple Strip Footing,21.67,1.89,34.58,82.72,14.29,6.35,88.01,0.0,1.41,Humid Subtropical,Low,Normal Monsoon,Low,0,High,2,225.0,100,6.7,High,5,High,111.19,High,,867.22,,563.13,,644.72,526.53,Zone III,44,Steep (15-30°),Low,Shallow (0-3m),Poor,0,0,0,0,0,151.8,National Park,121.91,175.66,171.83,151.8,171.01,Low,775.24,Yes,Low,61.8,,0,0
25.5,93.0,29.5,33.3,37.1,5.3,1.19,20.8,27.9,237.0,178.5,Medium,Low,47.85,Shallow (1-3m) — High Risk,High,Simple Strip Footing,23.88,4.04,33.82,54.64,8.66,3.8,84.31,0.0,1.47,Humid Subtropical,Low,Normal Monsoon,Low,0,High,2,211.5,100,6.0,High,5,High,121.91,High,,904.27,,600.92,,693.18,567.51,Zone III,44,Steep (15-30°),Low,Shallow (0-3m),Poor,1479,0,76,0,95,128.68,National Park,111.19,152.93,137.35,128.68,136.95,Low,813.07,Yes,Low,63.8,,0,0
25.5,93.5,36.2,26.8,37.0,5.1,1.14,21.8,32.8,256.0,171.0,Medium,Low,23.56,Shallow (1-3m) — High Risk,High,Simple Strip Footing,22.14,2.92,33.88,46.38,7.3,4.03,81.2,0.0,1.47,Humid Subtropical,Low,Normal Monsoon,Low,0,High,2,224.8,100,6.0,High,5,High,149.51,High,,942.64,,640.53,,741.9,609.96,Zone III,44,Steep (15-30°),Low,Shallow (0-3m),Poor,634,0,59,0,76,122.72,National Park,121.91,144.55,115.23,122.72,115.17,Low,852.28,Yes,Medium,63.35,,0,0
25.5,94.0,35.7,27.6,36.8,5.3,0.97,21.1,48.0,855.0,145.5,Medium,Low,26.16,Shallow (1-3m) — High Risk,High,Isolated Footing,22.14,2.92,33.88,46.38,7.3,4.03,81.2,0.0,1.45,Humid Subtropical,Low,Normal Monsoon,Low,0,High,2,224.8,100,5.5,High,5,High,186.65,High,,982.18,,681.63,,790.85,653.59,Zone III,44,Steep (15-30°),Low,Shallow (0-3m),Poor,0,0,0,0,0,136.21,National Park,149.51,152.93,113.01,136.21,112.98,Low,892.7,Yes,Medium,59.85,,0,0
25.5,94.5,29.4,32.0,38.6,5.4,1.03,19.3,36.9,619.0,154.5,Medium,Low,44.72,Shallow (1-3m) — High Risk,High,Simple Strip Footing,19.9,-0.05,34.41,44.0,7.38,4.77,80.13,0.2,1.45,Humid Subtropical,Low,Normal Monsoon,Low,0,High,2,241.0,100,5.9,High,5,High,228.72,High,,1022.76,,723.97,,839.98,698.18,Zone III,44,Steep (15-30°),Low,Shallow (0-3m),Poor,7781,0,69,1,93,164.43,National Park,186.65,175.66,131.68,121.91,131.37,Low,934.16,Yes,Low,62.55,,0,0
25.5,95.0,26.5,33.7,39.7,5.5,1.12,20.9,39.7,636.0,168.0,Medium,Low,52.45,Shallow (1-3m) — High Risk,Medium,Simple Strip Footing,22.44,1.58,37.26,39.91,6.97,5.15,74.75,0.0,1.57,Humid Subtropical,Low,Normal Monsoon,Low,0,High,2,222.7,100,5.9,High,5,High,273.47,High,,1064.26,,767.35,,889.26,743.56,Zone III,44,Steep (15-30°),Low,Shallow (0-3m),Poor,31423,0,41,0,100,201.26,National Park,228.72,208.11,164.28,111.19,163.54,Low,976.53,Yes,Low,67.3,,0,0
25.5,95.5,28.4,38.4,33.2,5.5,1.2,25.2,42.6,260.0,180.0,Medium,Low,61.92,Shallow (1-3m) — High Risk,Medium,Simple Strip Footing,28.26,6.82,39.98,32.37,5.85,4.73,66.22,0.0,1.57,Humid Subtropical,Low,Normal Monsoon,Low,40,High,2,184.5,100,5.9,High,5,High,319.77,High,,1106.57,,811.6,,938.67,789.6,Zone III,44,Steep (15-30°),Low,Shallow (0-3m),Poor,2881,9,68,0,100,223.28,National Park,273.47,246.46,204.24,121.91,203.05,Low,1019.7,Yes,Low,61.3,,0,0
25.5,96.0,28.6,34.5,36.9,5.5,1.27,21.6,41.8,323.0,190.5,Medium,Low,51.93,Shallow (1-3m) — High Risk,Medium,Simple Strip Footing,27.27,5.14,39.13,21.66,4.21,4.56,66.01,0.0,1.58,Humid Subtropical,Low,Normal Monsoon,Low,20,High,2,189.7,100,5.9,High,5,High,367.03,High,,1149.6,,856.58,,988.19,836.17,Zone III,44,Steep (15-30°),Low,Shallow (0-3m),Poor,145,17,41,45,47,225.92,National Park,319.77,288.37,248.02,149.51,246.38,Low,1063.57,Yes,Low,64.55,,0,0
25.5,96.5,30.2,36.3,33.5,5.4,1.21,27.1,54.7,432.0,181.5,Medium,Low,54.51,Shallow (1-3m) — High Risk,High,Simple Strip Footing,27.27,5.14,39.13,21.66,4.21,4.56,66.01,0.0,1.58,Humid Subtropical,Low,Normal Monsoon,Low,20,High,2,189.7,100,5.9,High,5,High,414.92,High,,1193.28,,902.18,,1037.8,883.21,Zone III,44,Steep (15-30°),Low,Shallow (0-3m),Poor,3971,6,37,0,99,222.61,National Park,367.03,332.49,293.93,186.65,291.84,Low,1108.06,Yes,Medium,60.6,,0,0
25.5,97.0,28.3,37.0,34.7,5.2,1.11,23.8,73.6,502.0,166.5,Medium,Low,58.54,Shallow (1-3m) — High Risk,High,Simple Strip Footing,28.2,6.02,37.67,20.09,4.05,3.61,61.32,0.0,1.67,Humid Subtropical,Low,Normal Monsoon,Low,20,High,2,181.6,100,5.9,High,5,High,463.25,High,,1237.53,,948.31,,1087.48,930.63,Zone III,44,Steep (15-30°),Low,Shallow (0-3m),Poor,1462,6,55,0,98,230.26,National Park,414.92,378.05,341.1,228.72,338.58,Low,1153.09,Yes,Low,61.05,,0,0
26.0,68.0,20.8,51.4,27.8,8.2,1.46,11.7,5.0,56.0,219.0,Low,Medium,103.54,Shallow (1-3m) — High Risk,Low,Simple Strip Footing,30.2,0.72,49.61,5.91,1.68,15.07,42.21,0.0,1.59,Arid,Low,Low Monsoon,Low,60,Low,2,147.2,57,5.4,High,3,High,564.36,Low,,1746.61,,1706.8,,1483.92,499.93,Zone VI,55,Gentle (2-5°),Low,Medium-Deep (5-15m),Moderate,0,0,0,0,0,464.4,Marine Park,878.85,1750.73,304.62,318.56,585.83,Low,464.4,No,High,57.35,,0,0
26.0,68.5,27.3,37.5,35.1,8.1,1.45,13.9,8.9,82.0,217.5,Medium,Low,60.99,Shallow (1-3m) — High Risk,Low,Simple Strip Footing,30.83,0.54,50.26,6.08,1.74,14.83,40.46,0.0,1.59,Arid,Low,Low Monsoon,Low,60,Low,2,141.8,31,5.4,Medium,3,High,524.42,Low,,1709.93,,1669.36,,1436.57,472.96,Zone VI,55,Gentle (2-5°),Low,Medium-Deep (5-15m),Moderate,481,0,45,2,90,438.81,Marine Park,828.96,1702.13,277.54,272.49,564.66,Low,438.81,No,High,61.85,,0,0
26.0,69.0,30.2,44.7,25.1,8.0,1.5,15.0,7.6,68.0,225.0,Medium,Medium,75.51,Shallow (1-3m) — High Risk,Low,Simple Strip Footing,30.83,0.54,50.26,6.08,1.74,14.83,40.46,0.0,1.81,Arid,Low,Low Monsoon,Low,60,Low,2,141.8,20,5.0,Medium,3,High,486.46,Low,,1674.05,,1632.7,,1389.47,450.11,Zone VI,55,Gentle (2-5°),Low,Medium-Deep (5-15m),Moderate,0,0,0,0,0,417.83,Marine Park,779.08,1653.65,257.59,227.97,547.41,Low,417.83,No,High,56.6,,0,0
26.0,69.5,28.4,52.1,19.5,8.0,1.46,10.4,4.4,42.0,219.0,Medium,Medium,96.17,Shallow (1-3m) — High Risk,Low,Simple Strip Footing,30.93,0.62,49.27,6.7,2.02,15.06,39.6,0.0,1.81,Arid,Low,Low Monsoon,Low,60,Low,2,139.8,12,5.1,Medium,3,High,450.98,Low,,1639.03,,1596.88,,1342.64,432.04,Zone VI,55,Gentle (2-5°),Low,Medium-Deep (5-15m),Moderate,29,2,25,0,23,402.16,Marine Park,729.19,1605.31,246.49,186.13,534.48,Low,402.16,No,High,54.6,,0,0
26.0,70.0,28.5,51.5,20.0,8.0,1.42,10.2,4.7,47.0,213.0,Medium,Medium,94.55,Shallow (1-3m) — High Risk,Low,Simple Strip Footing,30.6,0.78,48.11,7.76,2.44,14.68,39.46,0.0,1.67,Semi-Arid,Low,Low Monsoon,Low,60,Low,2,140.6,8,5.1,Medium,3,High,418.62,Low,,1604.93,,1561.96,,1296.11,419.35,Zone V,50,Gentle (2-5°),Low,Medium-Deep (5-15m),Moderate,0,0,0,0,0,392.47,Marine Park,679.31,1557.13,245.46,149.22,526.17,Low,392.47,No,High,57.85,,0,0
26.0,70.5,25.1,48.6,26.2,8.1,1.43,10.3,4.4,37.0,214.5,Medium,Medium,91.38,Shallow (1-3m) — High Risk,Low,Simple Strip Footing,29.94,1.41,46.18,9.25,2.91,13.93,39.77,0.0,1.67,Semi-Arid,Low,Low Monsoon,Low,40,Low,2,143.3,2,5.1,Medium,3,High,390.15,Low,,1571.8,,1528.0,,1249.92,412.55,Zone V,50,Gentle (2-5°),Low,Medium-Deep (5-15m),Moderate,0,0,0,0,0,389.18,Marine Park,629.42,1509.1,254.61,121.82,522.72,Low,389.18,No,High,60.85,,0,0
26.0,71.0,25.6,53.9,20.5,7.8,1.5,7.9,3.8,41.0,225.0,Medium,Medium,104.03,Shallow (1-3m) — High Risk,Low,Simple Strip Footing,29.5,2.23,44.92,10.45,3.21,17.29,40.02,0.0,1.66,Semi-Arid,Low,Low Monsoon,Low,40,Low,2,145.2,3,5.1,Medium,3,High,366.48,Low,,1539.71,,1495.07,,1204.1,411.92,Zone V,50,Gentle (2-5°),Low,Medium-Deep (5-15m),Moderate,808,6,62,1,98,392.47,Marine Park,579.54,1461.27,272.93,111.19,524.2,Low,392.47,No,High,57.35,,0,0
26.0,73.5,25.0,48.7,26.3,7.6,1.45,13.4,5.4,134.0,217.5,Low,Medium,91.75,Medium-Deep (5-12m) — Low-Medium Risk,Low,Simple Strip Footing,28.37,2.67,44.78,15.33,4.57,13.75,44.22,0.0,1.69,Semi-Arid,Low,Normal Monsoon,Low,40,Low,2,157.5,3,4.6,Medium,3,Low,348.59,Low,,1397.26,,999.0,,955.22,449.12,Zone III,44,Flat-Coastal (<2°),Medium,Medium-Deep (5-15m),Moderate,5949,3,64,2,98,299.82,Tiger Reserve,330.27,1225.62,188.11,272.49,600.25,,999.0,No,Low,72.0,,0,0
26.0,74.0,21.7,41.6,36.6,7.6,1.47,10.0,6.8,122.0,220.5,Low,Medium,77.96,Medium-Deep (5-12m) — Low-Medium Risk,Low,Simple Strip Footing,28.37,2.67,44.78,15.33,4.57,13.75,44.22,0.0,1.66,Semi-Arid,Low,Normal Monsoon,Low,40,Low,2,157.5,2,4.6,Medium,3,Low,366.48,Low,,1372.9,,999.0,,905.3,403.45,Zone III,44,Flat-Coastal (<2°),Medium,Medium-Deep (5-15m),Moderate,0,0,0,0,0,249.85,Tiger Reserve,280.47,1179.4,148.35,318.56,626.85,,999.0,No,Low,72.75,,0,0
26.0,75.5,22.1,47.1,30.8,7.4,1.49,19.0,10.5,151.0,223.5,Low,Medium,91.23,Medium-Deep (5-12m) — Low-Medium Risk,Low,Simple Strip Footing,28.24,0.23,47.76,21.59,6.59,12.27,46.99,0.0,1.65,Semi-Arid,Low,Normal Monsoon,Low,40,Low,40,163.1,8,4.5,Medium,3,High,318.56,Low,,1307.82,,999.0,,755.69,274.83,Zone III,44,Flat-Coastal (<2°),Medium,Medium-Deep (5-15m),Poor,577,1,55,0,98,99.94,Tiger Reserve,131.7,1043.3,107.71,461.37,519.63,,999.0,No,Low,64.5,,0,0
26.0,74.5,21.0,23.5,55.5,7.5,1.54,19.7,7.6,118.0,231.0,Low,Low,33.55,Medium-Deep (5-12m) — Low-Medium Risk,Low,Simple Strip Footing,27.48,1.23,45.63,17.66,5.34,12.51,45.67,0.0,1.66,Semi-Arid,Low,Normal Monsoon,Low,40,Low,2,163.7,6,4.6,Medium,3,Low,390.15,Low,,1350.1,,999.0,,855.41,358.84,Zone III,44,Flat-Coastal (<2°),Medium,Medium-Deep (5-15m),Moderate,0,0,0,0,0,199.88,Tiger Reserve,230.74,1133.57,116.55,365.59,589.43,,999.0,No,Low,78.0,,0,0
26.0,76.0,22.3,44.6,33.1,7.5,1.53,23.1,9.2,117.0,229.5,Low,Medium,84.74,Medium-Deep (5-12m) — Low-Medium Risk,Low,Simple Strip Footing,28.36,0.27,48.11,23.83,7.2,13.13,48.62,0.0,1.61,Humid Subtropical,Low,Normal Monsoon,Low,60,Low,40,165.3,10,4.5,Medium,3,High,272.49,Low,,1264.14,,999.0,,705.88,237.3,Zone III,44,Gentle (2-5°),Medium,Medium-Deep (5-15m),Poor,3623,10,46,41,42,49.97,Tiger Reserve,82.92,998.48,134.32,509.79,488.43,,999.0,No,Low,60.0,,0,0
26.0,76.5,25.7,46.9,27.4,7.1,1.48,17.1,14.8,201.0,222.0,Medium,Medium,86.41,Medium-Deep (5-12m) — Low-Medium Risk,Low,Simple Strip Footing,28.36,0.27,48.11,23.83,7.2,13.13,48.62,0.0,1.61,Humid Subtropical,Low,Normal Monsoon,Low,60,Low,40,165.3,8,4.5,Medium,3,High,227.97,Low,,1221.02,,999.0,,656.1,204.98,Zone III,44,Gentle (2-5°),Medium,Medium-Deep (5-15m),Poor,258162,5,51,40,54,0.0,Tiger Reserve,37.31,950.12,166.4,558.45,460.38,,999.0,No,Low,48.0,,0,0
26.0,75.0,19.2,27.9,53.0,7.4,1.46,21.2,8.0,118.0,219.0,Low,Low,46.71,Medium-Deep (5-12m) — Low-Medium Risk,Low,Simple Strip Footing,27.93,0.27,47.12,19.76,6.05,12.18,45.93,0.0,1.65,Semi-Arid,Low,Normal Monsoon,Low,40,Low,2,162.4,6,4.6,Medium,3,Low,365.59,Low,,1328.94,,999.0,,805.54,315.73,Zone III,44,Flat-Coastal (<2°),Medium,Medium-Deep (5-15m),Moderate,0,0,0,0,0,149.91,Tiger Reserve,181.11,1088.19,100.57,413.26,553.44,,999.0,No,Low,78.0,,0,0
26.0,77.0,23.5,51.4,25.1,7.3,1.56,21.8,8.4,107.0,234.0,Low,Medium,100.3,Medium-Deep (5-12m) — Low-Medium Risk,Low,Simple Strip Footing,28.5,1.12,47.44,23.64,6.81,13.17,48.08,0.0,1.6,Humid Subtropical,Low,Normal Monsoon,Low,60,Low,40,163.9,5,4.5,Medium,3,High,186.13,Low,,1178.54,,999.0,,606.38,180.69,Zone III,44,Gentle (2-5°),Medium,Medium-Deep (5-15m),Poor,18855,2,63,10,90,49.97,Tiger Reserve,29.89,901.99,142.39,550.1,436.09,,999.0,No,Low,60.0,,0,0
26.0,77.5,25.8,47.0,27.2,7.3,1.54,21.4,10.1,130.0,231.0,Medium,Medium,86.54,Medium-Deep (5-12m) — Low-Medium Risk,Low,Simple Strip Footing,28.2,1.65,46.49,25.03,6.75,12.83,49.29,0.0,1.6,Humid Subtropical,Low,Normal Monsoon,Low,60,Low,40,167.1,5,4.7,Medium,3,High,149.22,Low,,1136.78,,999.0,,556.73,167.97,Zone III,44,Gentle (2-5°),Medium,Medium-Deep (5-15m),Poor,3889,3,58,0,97,99.94,Tiger Reserve,73.35,854.13,133.43,517.82,416.22,,999.0,No,Low,55.5,,0,0
26.0,78.0,28.9,48.8,22.2,7.4,1.49,26.7,9.3,109.0,223.5,Medium,Medium,87.32,Medium-Deep (5-12m) — Low-Medium Risk,Low,Simple Strip Footing,28.48,1.4,47.07,25.18,6.67,12.89,49.49,0.0,1.49,Humid Subtropical,Low,Normal Monsoon,Low,60,Low,40,166.2,2,4.0,Low,3,High,121.82,Low,,1095.8,,999.0,,507.16,169.43,Zone III,44,Gentle (2-5°),Low,Medium-Deep (5-15m),Poor,14021,1,66,0,59,149.91,Tiger Reserve,121.87,806.58,142.39,488.69,401.42,,999.0,No,Low,60.0,,0,0
26.0,78.5,27.3,40.1,32.7,7.6,1.43,24.1,8.1,119.0,214.5,Medium,Medium,67.49,Medium-Deep (5-12m) — Low-Medium Risk,Low,Simple Strip Footing,28.84,1.38,47.82,25.74,6.88,12.64,50.15,0.0,1.49,Humid Subtropical,Low,Normal Monsoon,Low,60,Low,40,165.7,0,0.0,Low,3,High,111.19,Low,,1055.7,,999.0,,457.71,184.74,Zone III,44,Gentle (2-5°),Low,Medium-Deep (5-15m),Poor,5247,0,56,0,94,199.88,Tiger Reserve,171.2,759.41,166.4,455.76,392.28,,999.0,No,Low,60.0,,0,0
26.0,79.0,23.3,39.9,36.9,7.8,1.38,19.5,12.1,123.0,207.0,Low,Low,71.79,Medium-Deep (5-12m) — Low-Medium Risk,Low,Simple Strip Footing,28.84,1.38,47.82,25.74,6.88,12.64,50.15,0.0,1.48,Humid Subtropical,Low,Normal Monsoon,Low,60,Low,40,165.7,0,0.0,Low,3,High,121.82,Low,,1016.6,,999.0,,408.42,210.9,Zone III,44,Gentle (2-5°),Low,Medium-Deep (5-15m),Poor,1173,1,59,0,100,176.05,Tiger Reserve,220.8,712.68,200.11,406.28,389.18,,999.0,No,Low,70.5,,0,0
26.0,79.5,23.0,37.3,39.8,7.5,1.37,21.2,15.6,143.0,205.5,Low,Low,65.65,Medium-Deep (5-12m) — Low-Medium Risk,Low,Simple Strip Footing,28.95,1.65,47.97,25.81,7.03,12.99,50.95,0.0,1.48,Humid Subtropical,Low,Normal Monsoon,Low,60,Low,40,166.4,0,0.0,Low,3,High,149.22,Low,,978.6,,970.99,,359.35,244.46,Zone III,44,Gentle (2-5°),Low,Medium-Deep (5-15m),Poor,0,0,0,0,0,153.04,Tiger Reserve,270.52,666.5,239.46,356.96,392.28,Low,918.35,No,Low,70.05,,0,0
26.0,80.5,19.7,33.5,46.8,7.3,1.35,20.4,14.7,135.0,202.5,Low,Low,60.11,Shallow (1-3m) — High Risk,Low,Simple Strip Footing,28.62,0.45,49.17,28.75,8.02,14.28,54.06,0.0,1.41,Humid Subtropical,Low,Normal Monsoon,Low,60,Very High,40,172.0,0,0.0,Low,3,High,227.97,Low,,906.47,,896.08,,262.4,324.2,Zone III,44,Flat-Coastal (<2°),Low,Shallow (0-3m),Poor,368,1,58,0,99,153.04,Tiger Reserve,341.02,576.29,326.75,259.22,389.18,Low,855.72,No,Low,66.3,,0,0
26.0,81.5,20.6,32.4,47.0,7.2,1.37,20.2,13.0,136.0,205.5,Low,Low,56.28,Shallow (1-3m) — High Risk,Low,Simple Strip Footing,28.47,0.41,48.96,30.6,8.49,15.7,55.35,0.0,1.4,Humid Subtropical,Low,Normal Monsoon,Low,60,Very High,40,174.3,0,0.0,Low,3,High,164.43,Low,,840.62,,827.03,,169.31,412.51,Zone III,44,Flat-Coastal (<2°),Low,Shallow (0-3m),Poor,3766,1,65,0,99,208.84,Tiger Reserve,375.31,490.28,419.46,164.43,402.16,Low,801.32,No,Low,77.05,,0,0
26.0,80.0,22.5,36.4,41.1,7.4,1.38,18.9,12.3,125.0,207.0,Low,Low,64.0,Shallow (1-3m) — High Risk,Low,Simple Strip Footing,28.92,0.99,48.85,26.12,7.31,13.33,51.85,0.0,1.41,Humid Subtropical,Low,Normal Monsoon,Low,60,Low,40,167.8,0,0.0,Low,3,High,186.13,Low,,941.84,,932.89,,310.61,282.79,Zone III,44,Flat-Coastal (<2°),Low,Shallow (0-3m),Poor,921,1,68,0,98,144.55,Tiger Reserve,320.3,620.98,282.1,307.89,392.47,Low,886.11,No,Low,70.05,,0,0
26.0,81.0,19.3,31.0,49.7,7.2,1.32,15.5,10.1,128.0,198.0,Low,Low,54.34,Shallow (1-3m) — High Risk,Low,Simple Strip Footing,28.47,0.41,48.96,30.6,8.49,15.7,55.35,0.0,1.4,Humid Subtropical,Low,Normal Monsoon,Low,60,Very High,40,174.3,0,0.0,Low,3,High,211.2,Low,,872.67,,860.74,,215.05,367.66,Zone III,44,Flat-Coastal (<2°),Low,Shallow (0-3m),Poor,0,0,0,0,0,176.05,Tiger Reserve,354.99,532.63,372.67,211.2,392.47,Low,827.39,No,Low,77.05,,0,0
26.0,82.0,25.3,28.6,46.2,7.3,1.39,21.4,16.9,151.0,208.5,Medium,Low,41.14,Shallow (1-3m) — High Risk,Low,Simple Strip Footing,28.42,1.35,47.93,30.81,8.54,16.3,56.19,0.0,1.38,Humid Subtropical,Low,Normal Monsoon,Low,60,Very High,40,175.5,0,0.0,Low,3,High,120.37,Low,,810.53,,795.18,,126.91,458.35,Zone III,44,Flat-Coastal (<2°),Low,Shallow (0-3m),Poor,3133,0,48,1,96,247.55,Tiger Reserve,401.01,449.61,466.85,120.37,417.83,Low,777.75,No,Low,71.8,,0,0
26.0,82.5,29.4,34.6,36.0,7.5,1.34,24.7,18.2,135.0,201.0,Medium,Low,51.22,Shallow (1-3m) — High Risk,Low,Simple Strip Footing,28.41,1.46,47.41,30.7,8.55,16.37,56.87,0.0,1.38,Humid Subtropical,Low,Normal Monsoon,Low,60,Very High,40,176.3,0,0.0,Low,3,High,83.43,Low,,782.62,,754.33,,92.58,504.91,Zone III,44,Flat-Coastal (<2°),Low,Shallow (0-3m),Poor,482,0,54,0,98,289.83,Tiger Reserve,431.14,411.12,514.68,83.43,412.53,Low,747.07,No,Low,71.8,,0,0
26.0,83.0,29.5,27.2,43.3,7.4,1.33,27.1,18.6,139.0,199.5,Medium,Low,32.6,Shallow (1-3m) — High Risk,Low,Simple Strip Footing,28.32,1.64,47.04,31.56,8.84,15.82,57.88,0.0,1.47,Humid Subtropical,Low,Normal Monsoon,Low,60,Very High,40,177.8,1,3.9,Low,3,High,66.72,Low,,757.14,,713.95,,77.84,481.21,Zone III,44,Flat-Coastal (<2°),Low,Shallow (0-3m),Poor,1346,0,48,2,96,325.76,Tiger Reserve,464.84,375.49,562.83,66.72,379.67,Low,716.85,No,Low,71.8,,0,0
26.0,83.5,28.4,25.7,45.8,7.3,1.36,25.6,13.2,121.0,204.0,Medium,Low,30.17,Shallow (1-3m) — High Risk,Low,Simple Strip Footing,28.23,1.51,46.93,33.72,9.18,15.53,59.2,0.0,1.47,Humid Subtropical,Low,Normal Monsoon,Low,60,Very High,40,179.6,3,4.4,Low,3,High,83.43,Low,,734.35,,674.99,,92.58,448.7,Zone III,44,Flat-Coastal (<2°),Low,Shallow (0-3m),Poor,310,0,42,0,99,359.19,Tiger Reserve,501.37,343.59,611.22,83.43,351.02,Low,689.08,No,Low,71.8,,0,0
26.0,84.0,25.3,28.3,46.4,7.2,1.37,22.5,16.6,126.0,205.5,Medium,Low,40.39,Shallow (1-3m) — High Risk,Low,Simple Strip Footing,28.23,1.51,46.93,33.72,9.18,15.53,59.2,0.0,1.35,Humid Subtropical,Low,Normal Monsoon,Low,60,Very High,40,179.6,7,4.6,Medium,3,High,120.37,Low,,714.49,,637.68,,126.91,419.78,Zone III,44,Flat-Coastal (<2°),Low,Shallow (0-3m),Poor,662,0,57,0,97,396.24,Tiger Reserve,540.18,316.57,659.81,120.37,327.71,Low,664.08,No,Low,69.3,,0,0
26.0,85.0,26.6,30.1,43.3,7.1,1.33,15.9,17.7,136.0,199.5,Medium,Low,43.33,Shallow (1-3m) — High Risk,Low,Simple Strip Footing,28.26,0.81,47.16,36.89,9.49,14.72,60.7,0.0,1.38,Humid Subtropical,Low,Normal Monsoon,Low,40,Very High,40,180.8,77,6.1,High,3,High,211.2,Low,,684.58,,569.34,,215.05,375.99,Zone III,44,Flat-Coastal (<2°),Low,Shallow (0-3m),Poor,1988,2,57,7,85,477.76,Tiger Reserve,588.84,282.53,701.2,211.2,301.75,Low,623.66,No,Low,59.05,,0,0
26.0,85.5,28.4,31.5,40.2,7.0,1.32,12.6,18.5,175.0,198.0,Medium,Low,44.67,Shallow (1-3m) — High Risk,Low,Simple Strip Footing,28.19,0.65,46.95,37.56,9.51,13.98,61.68,0.0,1.38,Humid Subtropical,Low,Normal Monsoon,Low,40,Very High,40,181.9,100,6.3,High,3,High,259.22,Low,,674.96,,539.11,,260.92,362.81,Zone III,44,Flat-Coastal (<2°),Low,Shallow (0-3m),Poor,10633,0,54,0,99,521.06,Tiger Reserve,556.89,277.99,700.83,259.22,300.91,Low,608.88,No,Low,59.05,,0,0
26.0,84.5,29.1,33.5,37.4,7.1,1.39,16.1,15.9,136.0,208.5,Medium,Low,48.83,Shallow (1-3m) — High Risk,Low,Simple Strip Footing,28.23,1.27,46.92,35.83,9.35,15.2,60.06,0.0,1.35,Humid Subtropical,Low,Normal Monsoon,Low,60,Very High,40,180.4,30,5.2,Medium,3,High,164.43,Low,,697.83,,602.34,,169.31,395.26,Zone III,44,Flat-Coastal (<2°),Low,Shallow (0-3m),Poor,0,0,0,0,0,435.99,Tiger Reserve,580.8,295.76,705.3,164.43,310.92,Low,642.17,No,Low,69.3,,0,0
26.0,86.0,29.8,30.9,39.3,7.0,1.32,17.8,20.6,175.0,198.0,Medium,Low,41.49,Shallow (1-3m) — High Risk,Low,Simple Strip Footing,28.05,0.85,45.82,37.88,9.47,14.11,63.26,0.0,1.37,Humid Subtropical,Low,Normal Monsoon,Low,40,Very High,40,183.8,100,5.5,High,3,High,295.76,Low,,669.13,,512.13,,247.93,356.4,Zone III,44,Flat-Coastal (<2°),Low,Shallow (0-3m),Poor,7967,0,64,0,88,474.71,National Park,527.9,282.53,704.18,290.9,308.45,Low,598.1,No,Low,59.05,,0,0
26.0,87.0,22.4,31.4,46.1,6.7,1.36,16.3,20.5,188.0,204.0,Low,Low,51.62,Shallow (1-3m) — High Risk,Low,Simple Strip Footing,27.7,1.08,45.02,41.22,10.22,15.67,66.33,0.0,1.34,Humid Subtropical,Low,Bay of Bengal Monsoon,High,40,Very High,40,187.6,80,6.3,High,3,High,277.99,Low,,669.13,,470.14,,252.0,364.93,Zone III,44,Flat-Coastal (<2°),Low,Shallow (0-3m),Poor,507,0,54,0,98,376.79,National Park,480.87,218.15,703.82,207.63,345.9,Low,589.33,No,Low,59.8,,0,0
26.0,87.5,18.4,34.6,47.0,6.6,1.35,14.2,20.1,141.0,202.5,Low,Low,64.42,Shallow (1-3m) — High Risk,Low,Simple Strip Footing,27.46,1.44,43.74,47.73,11.51,16.57,68.99,0.0,1.34,Humid Subtropical,Low,Bay of Bengal Monsoon,High,40,Very High,40,190.1,69,5.3,High,3,High,282.53,Low,,674.96,,456.22,,268.61,379.38,Zone III,44,Flat-Coastal (<2°),Low,Shallow (0-3m),Poor,1634,1,68,1,63,328.21,National Park,463.96,173.87,655.1,172.53,373.57,Low,591.54,No,Low,59.8,,0,0
26.0,88.5,28.0,32.3,39.6,6.0,1.25,19.3,21.6,194.0,187.5,Medium,Low,47.15,Shallow (1-3m) — High Risk,Medium,Simple Strip Footing,27.05,1.67,42.13,69.42,14.89,15.37,75.18,0.0,1.29,Humid Subtropical,Low,Bay of Bengal Monsoon,High,20,Very High,2,193.5,94,6.9,High,4,High,316.57,Low,,697.83,,444.78,,323.56,378.2,Zone III,44,Flat-Coastal (<2°),Low,Shallow (0-3m),Poor,1499,0,52,0,99,232.62,National Park,445.82,101.95,558.45,133.8,441.23,Low,608.88,No,Low,56.8,,0,0
26.0,89.0,27.5,32.4,40.0,5.8,1.28,17.7,19.3,195.0,192.0,Medium,Low,48.0,Shallow (1-3m) — High Risk,Medium,Simple Strip Footing,27.05,1.67,42.13,69.42,14.89,15.37,75.18,0.0,1.31,Humid Subtropical,Low,Bay of Bengal Monsoon,High,20,Very High,2,193.5,100,5.3,High,4,High,343.59,Low,,714.49,,447.67,,358.6,382.92,Zone III,44,Flat-Coastal (<2°),Low,Shallow (0-3m),Poor,863,0,55,1,88,186.42,National Park,402.75,88.96,510.7,139.23,467.13,Low,623.66,No,Low,56.8,,0,0
26.0,89.5,29.3,43.5,27.2,5.7,1.24,19.3,21.9,167.0,186.0,Medium,Medium,73.59,Shallow (1-3m) — High Risk,Medium,Simple Strip Footing,27.06,1.23,41.92,75.89,14.62,13.12,78.02,0.0,1.31,Humid Subtropical,Low,Bay of Bengal Monsoon,High,20,Very High,2,193.1,100,5.3,High,4,High,304.3,Low,,734.35,,456.22,,396.96,394.15,Zone III,44,Flat-Coastal (<2°),Low,Shallow (0-3m),Poor,1658,0,60,1,83,142.67,National Park,353.43,101.95,463.47,160.66,432.4,Low,642.17,No,Low,53.55,,0,0
26.0,90.5,29.6,42.4,27.9,5.1,1.18,20.8,34.5,246.0,177.0,Medium,Medium,70.48,Shallow (1-3m) — High Risk,High,Simple Strip Footing,26.19,2.7,36.98,77.28,13.43,9.28,83.95,0.0,1.31,Humid Subtropical,Low,Bay of Bengal Monsoon,High,0,High,2,196.2,100,5.5,High,4,High,207.06,High,,782.62,,488.95,,480.41,433.82,Zone III,44,Steep (15-30°),Low,Shallow (0-3m),Poor,0,0,0,0,0,80.35,National Park,255.44,173.87,371.42,231.27,333.75,Low,689.08,No,Low,46.3,,0,0
26.0,91.0,26.8,35.9,37.3,5.9,1.3,17.8,18.1,222.0,195.0,Medium,Low,57.59,Shallow (1-3m) — High Risk,Medium,Simple Strip Footing,26.32,4.01,35.28,75.07,13.21,11.59,82.15,0.0,1.37,Humid Subtropical,Low,Bay of Bengal Monsoon,High,0,High,2,196.3,100,6.0,High,4,High,159.59,High,,810.53,,512.13,,524.43,460.79,Zone III,44,Steep (15-30°),Low,Shallow (0-3m),Poor,2382,0,59,0,79,83.38,National Park,207.06,218.15,327.27,248.37,284.71,Low,716.85,No,Low,55.05,,0,0
26.0,91.5,28.3,35.5,36.2,5.6,1.27,17.6,17.6,167.0,190.5,Medium,Low,54.79,Shallow (1-3m) — High Risk,Medium,Simple Strip Footing,26.32,4.01,35.28,75.07,13.21,11.59,82.15,0.0,1.37,Humid Subtropical,Low,Bay of Bengal Monsoon,High,0,High,2,196.3,100,6.0,High,5,High,114.18,High,,840.62,,539.11,,569.51,491.51,Zone III,44,Steep (15-30°),Low,Shallow (0-3m),Poor,350051,0,64,6,31,111.41,National Park,159.59,218.15,285.16,200.81,236.01,Low,747.07,No,Low,66.3,,0,0
26.0,92.5,27.5,32.4,40.1,5.4,1.11,21.8,35.0,385.0,166.5,Medium,Low,48.0,Shallow (1-3m) — High Risk,High,Simple Strip Footing,25.06,3.29,38.05,58.01,9.64,6.35,83.17,0.0,1.37,Humid Subtropical,Low,Normal Monsoon,Low,10,High,2,204.0,100,6.7,High,5,High,55.6,High,,906.47,,602.34,,661.98,561.68,Zone III,44,Steep (15-30°),Low,Shallow (0-3m),Poor,0,0,0,0,0,111.8,National Park,74.68,133.54,211.92,111.8,141.06,Low,813.75,Yes,Low,62.55,,0,0
26.0,93.5,29.9,34.1,36.0,5.3,1.2,19.0,30.3,258.0,180.0,Medium,Low,49.37,Shallow (1-3m) — High Risk,High,Simple Strip Footing,24.65,5.59,34.0,50.01,8.03,4.88,80.24,0.0,1.41,Humid Subtropical,Low,Normal Monsoon,Low,0,High,2,207.9,100,6.0,High,5,High,114.18,High,,978.6,,674.99,,756.58,640.24,Zone III,44,Steep (15-30°),Low,Shallow (0-3m),Poor,0,0,0,0,0,67.46,National Park,74.68,88.96,169.5,67.46,63.14,Low,887.17,Yes,Low,65.05,,0,0
26.0,94.0,34.0,32.0,34.0,5.3,1.14,22.6,40.7,572.0,171.0,Medium,Low,39.2,Shallow (1-3m) — High Risk,High,Simple Strip Footing,24.65,5.59,34.0,50.01,8.03,4.88,80.24,0.0,1.42,Humid Subtropical,Low,Normal Monsoon,Low,0,High,2,207.9,100,6.0,High,5,High,159.59,High,,1016.6,,713.95,,804.45,681.78,Zone III,44,Steep (15-30°),Low,Shallow (0-3m),Poor,13160,2,85,1,13,89.6,National Park,114.18,101.95,168.0,89.6,59.07,Low,925.92,Yes,Medium,64.6,,0,0
26.0,94.5,31.7,30.9,37.4,5.1,1.0,25.1,62.3,1305.0,150.0,Medium,Low,39.21,Shallow (1-3m) — High Risk,High,Simple Strip Footing,21.94,2.58,36.05,51.54,8.77,4.8,80.22,0.0,1.42,Humid Subtropical,Low,Normal Monsoon,Low,0,High,2,226.3,100,5.5,High,5,High,207.06,High,,1055.7,,754.33,,852.6,724.47,Zone III,44,Steep (15-30°),Low,Shallow (0-3m),Poor,11406,0,66,0,66,128.35,National Park,159.59,133.54,181.04,74.68,89.24,Low,965.8,Yes,Medium,59.85,,0,0
26.0,95.0,30.4,32.6,36.9,5.4,1.06,22.1,42.6,915.0,159.0,Medium,Low,45.02,Shallow (1-3m) — High Risk,High,Simple Strip Footing,19.18,-0.6,36.02,50.66,8.85,4.58,80.9,0.2,1.53,Humid Subtropical,Low,Normal Monsoon,Low,0,High,2,246.3,100,5.9,High,5,High,255.44,High,,1095.8,,795.89,,901.0,768.13,Zone III,44,Steep (15-30°),Low,Shallow (0-3m),Poor,33243,0,39,0,100,169.43,National Park,207.06,173.87,205.87,55.6,131.96,Low,1006.68,Yes,Medium,62.1,,0,0
26.0,95.5,31.1,36.4,32.5,5.1,1.06,20.9,79.2,696.0,159.0,Medium,Low,53.68,Shallow (1-3m) — High Risk,High,Simple Strip Footing,25.49,5.24,37.61,43.97,7.77,3.91,73.95,0.0,1.53,Humid Subtropical,Low,Normal Monsoon,Low,20,High,2,202.9,100,5.9,High,5,High,304.3,High,,1136.78,,838.46,,949.6,812.59,Zone III,44,Steep (15-30°),Low,Shallow (0-3m),Poor,0,0,0,0,0,167.97,National Park,255.44,218.15,238.85,74.68,178.42,Low,1048.45,Yes,Medium,62.1,,0,0
26.5,68.0,25.1,41.8,33.1,8.1,1.4,13.1,6.6,126.0,210.0,Medium,Medium,74.38,Shallow (1-3m) — High Risk,Low,Simple Strip Footing,31.14,0.54,51.9,5.04,1.28,14.21,36.98,0.0,1.59,Arid,Low,Low Monsoon,Low,60,Low,2,133.9,74,5.4,High,3,High,598.19,Low,,1784.36,,1743.63,,1502.23,546.3,Zone VI,55,Gentle (2-5°),Low,Medium-Deep (5-15m),Moderate,514,1,35,0,93,511.64,Marine Park,877.31,1764.18,350.64,303.02,635.7,Low,511.64,No,High,54.1,,0,0
26.5,69.5,29.8,57.1,13.0,8.0,1.45,11.3,5.3,39.0,217.5,Medium,Medium,106.99,Shallow (1-3m) — High Risk,Low,Simple Strip Footing,30.9,0.42,49.4,5.82,1.67,14.94,37.24,0.0,1.81,Arid,Low,Low Monsoon,Low,60,Low,2,135.1,12,5.1,Medium,3,High,493.14,Low,,1679.61,,1636.61,,1356.29,485.2,Zone VI,55,Gentle (2-5°),Low,Medium-Deep (5-15m),Moderate,1,0,0,0,0,456.14,Marine Park,728.05,1620.58,301.74,158.98,588.92,Low,456.14,No,High,56.6,,0,0
26.5,69.0,28.7,50.9,20.4,8.1,1.48,13.6,5.0,44.0,222.0,Medium,Medium,92.81,Shallow (1-3m) — High Risk,Low,Simple Strip Footing,31.01,0.65,50.62,5.14,1.34,14.05,37.35,0.0,1.81,Arid,Low,Low Monsoon,Low,60,Low,2,135.0,26,5.4,Medium,3,High,525.65,Low,,1713.67,,1671.44,,1406.0,501.3,Zone VI,55,Gentle (2-5°),Low,Medium-Deep (5-15m),Moderate,132,0,16,0,0,469.95,Marine Park,777.8,1668.29,310.83,206.22,600.63,Low,469.95,No,High,56.6,,0,0
26.5,70.0,26.4,55.0,18.6,8.0,1.45,8.7,3.3,36.0,217.5,Medium,Medium,105.82,Shallow (1-3m) — High Risk,Low,Simple Strip Footing,30.6,0.53,48.36,7.23,2.23,14.51,37.51,0.0,1.67,Semi-Arid,Low,Low Monsoon,Low,60,Low,2,136.5,8,5.1,Medium,3,High,463.85,Low,,1646.47,,1602.68,,1306.6,473.99,Zone V,50,Gentle (2-5°),Low,Medium-Deep (5-15m),Moderate,0,0,0,0,0,447.65,Marine Park,678.3,1573.06,300.9,113.8,581.42,Low,447.65,No,High,57.85,,0,0
26.5,71.0,24.8,57.2,18.0,8.0,1.44,7.9,3.8,36.0,216.0,Low,Medium,113.24,Shallow (1-3m) — High Risk,Low,Simple Strip Footing,29.23,1.76,45.29,10.09,3.16,15.4,39.07,0.0,1.66,Semi-Arid,Low,Low Monsoon,Low,40,Low,2,144.1,3,5.1,Medium,3,High,417.61,Low,,1583.2,,1537.81,,1207.25,467.46,Zone V,50,Gentle (2-5°),Low,Medium-Deep (5-15m),Moderate,3658,13,48,5,88,447.65,Marine Park,578.83,1478.64,323.6,55.6,579.64,Low,447.65,No,High,62.6,,0,0
26.5,70.5,23.5,54.8,21.7,8.0,1.45,8.2,4.4,44.0,217.5,Low,Medium,108.8,Shallow (1-3m) — High Risk,Low,Simple Strip Footing,29.78,1.05,46.65,8.9,2.84,14.8,38.51,0.0,1.67,Semi-Arid,Low,Low Monsoon,Low,40,Low,2,141.2,2,5.1,Medium,3,High,438.44,Low,,1614.32,,1569.73,,1256.92,468.0,Zone V,50,Gentle (2-5°),Low,Medium-Deep (5-15m),Moderate,0,0,0,0,0,444.78,Marine Park,628.56,1525.74,308.38,74.54,578.3,Low,444.78,No,High,66.1,,0,0
26.5,71.5,23.5,55.6,20.9,7.8,1.5,8.4,4.3,35.0,225.0,Low,Medium,110.8,Shallow (1-3m) — High Risk,Low,Simple Strip Footing,29.23,1.76,45.29,10.09,3.16,15.4,39.07,0.0,1.66,Semi-Arid,Low,Low Monsoon,Low,40,Low,2,144.1,4,5.1,Medium,3,High,402.06,Low,,1553.2,,1507.0,,1157.61,472.36,Zone V,50,Gentle (2-5°),Low,Medium-Deep (5-15m),Moderate,0,0,0,0,0,456.14,Marine Park,529.12,1431.77,345.55,74.54,585.4,Low,456.14,No,High,64.1,,0,0
